2026-05-14 21:17:56,036 - api_testing.constraint.dynamic_constraints.invariant_extractor - INFO - Wrote declarations to .cache\Bills API_3\test_cases.decls
2026-05-14 21:17:56,228 - api_testing.constraint.dynamic_constraints.invariant_extractor - INFO - Generated dtrace for 0 test cases
2026-05-14 21:17:56,297 - api_testing.constraint.dynamic_constraints.invariant_extractor - INFO - Generated dtrace file: .cache\Bills API_3\test_cases.dtrace
2026-05-14 21:17:56,298 - api_testing.constraint.dynamic_constraints.invariant_extractor - INFO - Reusing existing invariants file: .cache\Bills API_3\invariants.csv
2026-05-14 21:17:56,301 - api_testing.constraint.dynamic_constraints.invariant_extractor - INFO - Running Daikon command (cwd=C:\Users\Admin\Desktop\API-Testing): C:\Program Files\Common Files\Oracle\Java\javapath\java.EXE -jar C:\Users\Admin\Desktop\API-Testing\tools\daikon\daikon_modified.jar C:\Users\Admin\Desktop\API-Testing\.cache\Bills API_3\test_cases.decls C:\Users\Admin\Desktop\API-Testing\.cache\Bills API_3\test_cases.dtrace
2026-05-14 21:17:57,616 - api_testing.constraint.dynamic_constraints.invariant_extractor - WARNING - Detected missing JavaFX Pair dependency. Retrying with javafx-base on the classpath.
2026-05-14 21:17:57,618 - api_testing.constraint.dynamic_constraints.invariant_extractor - INFO - Downloading JavaFX runtime dependency from https://repo1.maven.org/maven2/org/openjfx/javafx-base/21.0.2/javafx-base-21.0.2-win.jar
2026-05-14 21:17:58,069 - api_testing.constraint.dynamic_constraints.invariant_extractor - INFO - Saved JavaFX dependency to C:\Users\Admin\Desktop\API-Testing\.cache\tooling\javafx\javafx-base-21.0.2-win.jar
2026-05-14 21:17:58,069 - api_testing.constraint.dynamic_constraints.invariant_extractor - INFO - Running Daikon command (cwd=C:\Users\Admin\Desktop\API-Testing): C:\Program Files\Common Files\Oracle\Java\javapath\java.EXE -cp C:\Users\Admin\Desktop\API-Testing\tools\daikon\daikon_modified.jar;C:\Users\Admin\Desktop\API-Testing\.cache\tooling\javafx\javafx-base-21.0.2-win.jar daikon.Daikon C:\Users\Admin\Desktop\API-Testing\.cache\Bills API_3\test_cases.decls C:\Users\Admin\Desktop\API-Testing\.cache\Bills API_3\test_cases.dtrace
2026-05-14 21:17:59,349 - api_testing.constraint.dynamic_constraints.invariant_extractor - INFO - Wrote invariants to .cache\Bills API_3\invariants.csv
2026-05-14 21:17:59,363 - api_testing.constraint.dynamic_constraints.invariant_extractor - INFO - Classifying invariants for endpoint: get-/api/v1/BillTypes with 10 invariants
2026-05-14 21:17:59,363 - api_testing.constraint.dynamic_constraints.invariant_extractor - DEBUG - Classifying invariant: {'pptname': 'get-/api/v1/BillTypes&get-/api/v1/BillTypes&200&items():::EXIT', 'invariant': 'input has only one value', 'invariantType': 'daikon.inv.unary.scalar.OneOfScalar', 'variables': '(input)', 'postmanAssertion': '//', 'endpoint': 'get-/api/v1/BillTypes'}
2026-05-14 21:17:59,363 - api_testing.constraint.dynamic_constraints.invariant_extractor - DEBUG - Classifying invariant: {'pptname': 'get-/api/v1/BillTypes&get-/api/v1/BillTypes&200&items():::EXIT', 'invariant': 'return.items has only one value', 'invariantType': 'daikon.inv.unary.scalar.OneOfScalar', 'variables': '(return)', 'postmanAssertion': '//', 'variable': 'return.items', 'response_container_path': 'items', 'endpoint': 'get-/api/v1/BillTypes'}
2026-05-14 21:17:59,363 - api_testing.constraint.dynamic_constraints.invariant_extractor - DEBUG - Classifying invariant: {'pptname': 'get-/api/v1/BillTypes&get-/api/v1/BillTypes&200&items():::EXIT', 'invariant': 'return.items.id >= 1', 'invariantType': 'daikon.inv.unary.scalar.LowerBound', 'variables': '(return.id)', 'postmanAssertion': 'pm.expect(return_id).to.be.at.least(1)', 'variable': 'return.items.id', 'response_container_path': 'items', 'endpoint': 'get-/api/v1/BillTypes'}
2026-05-14 21:17:59,363 - api_testing.constraint.dynamic_constraints.invariant_extractor - DEBUG - Classifying invariant: {'pptname': 'get-/api/v1/BillTypes&get-/api/v1/BillTypes&200&items():::EXIT', 'invariant': 'return.items.category one of { "Hybrid", "Private", "Public" }', 'invariantType': 'daikon.inv.unary.string.OneOfString', 'variables': '(return.category)', 'postmanAssertion': 'pm.expect(["Hybrid", "Private", "Public"].includes(return_category)).to.be.true', 'variable': 'return.items.category', 'response_container_path': 'items', 'endpoint': 'get-/api/v1/BillTypes'}
2026-05-14 21:17:59,363 - api_testing.constraint.dynamic_constraints.invariant_extractor - DEBUG - Classifying invariant: {'pptname': 'get-/api/v1/BillTypes&get-/api/v1/BillTypes&200():::EXIT', 'invariant': 'input has only one value', 'invariantType': 'daikon.inv.unary.scalar.OneOfScalar', 'variables': '(input)', 'postmanAssertion': '//', 'endpoint': 'get-/api/v1/BillTypes'}
2026-05-14 21:17:59,363 - api_testing.constraint.dynamic_constraints.invariant_extractor - DEBUG - Classifying invariant: {'pptname': 'get-/api/v1/BillTypes&get-/api/v1/BillTypes&200():::EXIT', 'invariant': 'return has only one value', 'invariantType': 'daikon.inv.unary.scalar.OneOfScalar', 'variables': '(return)', 'postmanAssertion': '//', 'variable': 'return', 'response_container_path': None, 'endpoint': 'get-/api/v1/BillTypes'}
2026-05-14 21:17:59,363 - api_testing.constraint.dynamic_constraints.invariant_extractor - DEBUG - Classifying invariant: {'pptname': 'get-/api/v1/BillTypes&get-/api/v1/BillTypes&200():::EXIT', 'invariant': 'return.items has only one value', 'invariantType': 'daikon.inv.unary.scalar.OneOfScalar', 'variables': '(return.items)', 'postmanAssertion': '//', 'variable': 'return.items', 'response_container_path': None, 'endpoint': 'get-/api/v1/BillTypes'}
2026-05-14 21:17:59,363 - api_testing.constraint.dynamic_constraints.invariant_extractor - DEBUG - Classifying invariant: {'pptname': 'get-/api/v1/BillTypes&get-/api/v1/BillTypes&200():::EXIT', 'invariant': 'return.items[] contains no nulls and has only one value, of length 10', 'invariantType': 'daikon.inv.unary.sequence.OneOfSequence', 'variables': '(return.items[..])', 'postmanAssertion': 'pm.expect(return_items_array).to.have.lengthOf(10).and.to.not.include(null)', 'variable': 'return.items', 'response_container_path': None, 'endpoint': 'get-/api/v1/BillTypes'}
2026-05-14 21:17:59,363 - api_testing.constraint.dynamic_constraints.invariant_extractor - DEBUG - Classifying invariant: {'pptname': 'get-/api/v1/BillTypes&get-/api/v1/BillTypes&200():::EXIT', 'invariant': 'return.totalResults == 10', 'invariantType': 'daikon.inv.unary.scalar.OneOfScalar', 'variables': '(return.totalResults)', 'postmanAssertion': 'pm.expect([10].includes(return_totalResults)).to.be.true', 'variable': 'return.totalResults', 'response_container_path': None, 'endpoint': 'get-/api/v1/BillTypes'}
2026-05-14 21:17:59,363 - api_testing.constraint.dynamic_constraints.invariant_extractor - DEBUG - Classifying invariant: {'pptname': 'get-/api/v1/BillTypes&get-/api/v1/BillTypes&200():::EXIT', 'invariant': 'return.itemsPerPage == 20', 'invariantType': 'daikon.inv.unary.scalar.OneOfScalar', 'variables': '(return.itemsPerPage)', 'postmanAssertion': 'pm.expect([20].includes(return_itemsPerPage)).to.be.true', 'variable': 'return.itemsPerPage', 'response_container_path': None, 'endpoint': 'get-/api/v1/BillTypes'}
2026-05-14 21:17:59,363 - api_testing.constraint.dynamic_constraints.invariant_extractor - DEBUG - InvariantClassification Prompt: Is the following invariants for a REST endpoint "true - positive" or "false - positive"?
Endpoint: GET /api/v1/BillTypes
Description: Returns a list of Bill types.
Parameters:
- Category : a string , values in of ['Public', 'Private', 'Hybrid']
- Skip : a integer , format int32
- Take : a integer , format int32
Responses:
- items.id : a integer, format int32
- items.category : a string, values in of ['Public', 'Private', 'Hybrid']
- items.name : a string
- items.description : a string
- totalResults : a integer, format int32
- itemsPerPage : a integer, format int32
Invariants: 
#1: Invariant: input has only one value
Invariant Type: daikon.inv.unary.scalar.OneOfScalar 
Invariant description: Represents long variables that take on only a few distinct values. Prints as either x == c (when there is only one value) or as x one of {c1, c2, c3} (when there are multiple values).
The return fields refer to the path __ROOT__ in the response body .
#2: Invariant: return.items has only one value
Invariant Type: daikon.inv.unary.scalar.OneOfScalar 
Invariant description: Represents long variables that take on only a few distinct values. Prints as either x == c (when there is only one value) or as x one of {c1, c2, c3} (when there are multiple values).
The return fields refer to the path items in the response body .
#3: Invariant: return.items.id >= 1
Invariant Type: daikon.inv.unary.scalar.LowerBound 
Invariant description: Represents the invariant x >= c, where c is a constant and x is a long scalar.
The return fields refer to the path items in the response body .
#4: Invariant: return.items.category one of { "Hybrid", "Private", "Public" }
Invariant Type: daikon.inv.unary.string.OneOfString 
Invariant description: Represents String variables that take on only a few distinct values. Prints as either x == c (when there is only one value) or as x one of {c1, c2, c3} (when there are multiple values).
The return fields refer to the path items in the response body .
#5: Invariant: input has only one value
Invariant Type: daikon.inv.unary.scalar.OneOfScalar 
Invariant description: Represents long variables that take on only a few distinct values. Prints as either x == c (when there is only one value) or as x one of {c1, c2, c3} (when there are multiple values).
The return fields refer to the path __ROOT__ in the response body .
#6: Invariant: return has only one value
Invariant Type: daikon.inv.unary.scalar.OneOfScalar 
Invariant description: Represents long variables that take on only a few distinct values. Prints as either x == c (when there is only one value) or as x one of {c1, c2, c3} (when there are multiple values).
The return fields refer to the path __ROOT__ in the response body .
#7: Invariant: return.items has only one value
Invariant Type: daikon.inv.unary.scalar.OneOfScalar 
Invariant description: Represents long variables that take on only a few distinct values. Prints as either x == c (when there is only one value) or as x one of {c1, c2, c3} (when there are multiple values).
The return fields refer to the path __ROOT__ in the response body .
#8: Invariant: return.items[] contains no nulls and has only one value, of length 10
Invariant Type: daikon.inv.unary.sequence.OneOfSequence 
Invariant description: Represents long[] variables that take on only a few distinct values. Prints as either x == c (when there is only one value) or as x one of {c1, c2, c3} (when there are multiple values).
The return fields refer to the path __ROOT__ in the response body .
#9: Invariant: return.totalResults == 10
Invariant Type: daikon.inv.unary.scalar.OneOfScalar 
Invariant description: Represents long variables that take on only a few distinct values. Prints as either x == c (when there is only one value) or as x one of {c1, c2, c3} (when there are multiple values).
The return fields refer to the path __ROOT__ in the response body .
#10: Invariant: return.itemsPerPage == 20
Invariant Type: daikon.inv.unary.scalar.OneOfScalar 
Invariant description: Represents long variables that take on only a few distinct values. Prints as either x == c (when there is only one value) or as x one of {c1, c2, c3} (when there are multiple values).
The return fields refer to the path __ROOT__ in the response body .
The invariant is classified as "true - positive" if it holds for every valid request on the API, and "false - positive" if it does not hold for every valid request on the API.
2026-05-14 21:18:02,971 - api_testing.constraint.dynamic_constraints.invariant_extractor - DEBUG - InvariantClassification Response: {
  "datas": [
    {
      "id": 1,
      "classification": "false-positive"
    },
    {
      "id": 2,
      "classification": "false-positive"
    },
    {
      "id": 3,
      "classification": "true-positive"
    },
    {
      "id": 4,
      "classification": "true-positive"
    },
    {
      "id": 5,
      "classification": "false-positive"
    },
    {
      "id": 6,
      "classification": "false-positive"
    },
    {
      "id": 7,
      "classification": "false-positive"
    },
    {
      "id": 8,
      "classification": "false-positive"
    },
    {
      "id": 9,
      "classification": "false-positive"
    },
    {
      "id": 10,
      "classification": "false-positive"
    }
  ]
}
2026-05-14 21:18:02,971 - api_testing.constraint.dynamic_constraints.invariant_extractor - INFO - Classifying invariants for endpoint: get-/api/v1/Bills with 51 invariants
2026-05-14 21:18:02,972 - api_testing.constraint.dynamic_constraints.invariant_extractor - DEBUG - Classifying invariant: {'pptname': 'get-/api/v1/Bills&get-/api/v1/Bills&200&items&currentStage&stageSittings():::EXIT', 'invariant': 'input.BillStage == input.BillStagesExcluded', 'invariantType': 'daikon.inv.binary.twoScalar.IntEqual', 'variables': '(input.BillStage, input.BillStagesExcluded)', 'postmanAssertion': 'pm.expect(input_BillStage).to.eql(input_BillStagesExcluded)', 'endpoint': 'get-/api/v1/Bills'}
2026-05-14 21:18:02,972 - api_testing.constraint.dynamic_constraints.invariant_extractor - DEBUG - Classifying invariant: {'pptname': 'get-/api/v1/Bills&get-/api/v1/Bills&200&items&currentStage&stageSittings():::EXIT', 'invariant': 'input.BillStage == input.BillType', 'invariantType': 'daikon.inv.binary.twoScalar.IntEqual', 'variables': '(input.BillStage, input.BillType)', 'postmanAssertion': 'pm.expect(input_BillStage).to.eql(input_BillType)', 'endpoint': 'get-/api/v1/Bills'}
2026-05-14 21:18:02,972 - api_testing.constraint.dynamic_constraints.invariant_extractor - DEBUG - Classifying invariant: {'pptname': 'get-/api/v1/Bills&get-/api/v1/Bills&200&items&currentStage&stageSittings():::EXIT', 'invariant': 'input.BillStage == input.BillIds', 'invariantType': 'daikon.inv.binary.twoScalar.IntEqual', 'variables': '(input.BillStage, input.BillIds)', 'postmanAssertion': 'pm.expect(input_BillStage).to.eql(input_BillIds)', 'endpoint': 'get-/api/v1/Bills'}
2026-05-14 21:18:02,972 - api_testing.constraint.dynamic_constraints.invariant_extractor - DEBUG - Classifying invariant: {'pptname': 'get-/api/v1/Bills&get-/api/v1/Bills&200&items&currentStage&stageSittings():::EXIT', 'invariant': 'input has only one value', 'invariantType': 'daikon.inv.unary.scalar.OneOfScalar', 'variables': '(input)', 'postmanAssertion': '//', 'endpoint': 'get-/api/v1/Bills'}
2026-05-14 21:18:02,972 - api_testing.constraint.dynamic_constraints.invariant_extractor - DEBUG - Classifying invariant: {'pptname': 'get-/api/v1/Bills&get-/api/v1/Bills&200&items&currentStage&stageSittings():::EXIT', 'invariant': 'return.items.currentStage.stageSittings has only one value', 'invariantType': 'daikon.inv.unary.scalar.OneOfScalar', 'variables': '(return)', 'postmanAssertion': '//', 'variable': 'return.items.currentStage.stageSittings', 'response_container_path': 'items.currentStage.stageSittings', 'endpoint': 'get-/api/v1/Bills'}
2026-05-14 21:18:02,972 - api_testing.constraint.dynamic_constraints.invariant_extractor - DEBUG - Classifying invariant: {'pptname': 'get-/api/v1/Bills&get-/api/v1/Bills&200&items&currentStage&stageSittings():::EXIT', 'invariant': 'return.items.currentStage.stageSittings.stageId one of { 10, 11, 36 }', 'invariantType': 'daikon.inv.unary.scalar.OneOfScalar', 'variables': '(return.stageId)', 'postmanAssertion': 'pm.expect([10, 11, 36].includes(return_stageId)).to.be.true', 'variable': 'return.items.currentStage.stageSittings.stageId', 'response_container_path': 'items.currentStage.stageSittings', 'endpoint': 'get-/api/v1/Bills'}
2026-05-14 21:18:02,972 - api_testing.constraint.dynamic_constraints.invariant_extractor - DEBUG - Classifying invariant: {'pptname': 'get-/api/v1/Bills&get-/api/v1/Bills&200&items&currentStage&stageSittings():::EXIT', 'invariant': 'LENGTH(return.items.currentStage.stageSittings.date)==19', 'invariantType': 'daikon.inv.unary.string.FixedLengthString', 'variables': '(return.date)', 'postmanAssertion': 'pm.expect(return_date).to.have.length(19)', 'variable': 'return.items.currentStage.stageSittings.date', 'response_container_path': 'items.currentStage.stageSittings', 'endpoint': 'get-/api/v1/Bills'}
2026-05-14 21:18:02,972 - api_testing.constraint.dynamic_constraints.invariant_extractor - DEBUG - Classifying invariant: {'pptname': 'get-/api/v1/Bills&get-/api/v1/Bills&200&items&currentStage&stageSittings():::EXIT', 'invariant': 'return.items.currentStage.stageSittings.id < return.items.currentStage.stageSittings.billStageId', 'invariantType': 'daikon.inv.binary.twoScalar.IntLessThan', 'variables': '(return.id, return.billStageId)', 'postmanAssertion': 'pm.expect(return_id).to.be.lessThan(return_billStageId)', 'variable': 'return.items.currentStage.stageSittings.id', 'response_container_path': 'items.currentStage.stageSittings', 'endpoint': 'get-/api/v1/Bills'}
2026-05-14 21:18:02,972 - api_testing.constraint.dynamic_constraints.invariant_extractor - DEBUG - Classifying invariant: {'pptname': 'get-/api/v1/Bills&get-/api/v1/Bills&200&items():::EXIT', 'invariant': 'input.BillStage == input.BillStagesExcluded', 'invariantType': 'daikon.inv.binary.twoScalar.IntEqual', 'variables': '(input.BillStage, input.BillStagesExcluded)', 'postmanAssertion': 'pm.expect(input_BillStage).to.eql(input_BillStagesExcluded)', 'endpoint': 'get-/api/v1/Bills'}
2026-05-14 21:18:02,972 - api_testing.constraint.dynamic_constraints.invariant_extractor - DEBUG - Classifying invariant: {'pptname': 'get-/api/v1/Bills&get-/api/v1/Bills&200&items():::EXIT', 'invariant': 'input.BillStage == input.BillType', 'invariantType': 'daikon.inv.binary.twoScalar.IntEqual', 'variables': '(input.BillStage, input.BillType)', 'postmanAssertion': 'pm.expect(input_BillStage).to.eql(input_BillType)', 'endpoint': 'get-/api/v1/Bills'}
2026-05-14 21:18:02,972 - api_testing.constraint.dynamic_constraints.invariant_extractor - DEBUG - Classifying invariant: {'pptname': 'get-/api/v1/Bills&get-/api/v1/Bills&200&items():::EXIT', 'invariant': 'input.BillStage == input.BillIds', 'invariantType': 'daikon.inv.binary.twoScalar.IntEqual', 'variables': '(input.BillStage, input.BillIds)', 'postmanAssertion': 'pm.expect(input_BillStage).to.eql(input_BillIds)', 'endpoint': 'get-/api/v1/Bills'}
2026-05-14 21:18:02,972 - api_testing.constraint.dynamic_constraints.invariant_extractor - DEBUG - Classifying invariant: {'pptname': 'get-/api/v1/Bills&get-/api/v1/Bills&200&items():::EXIT', 'invariant': 'input.IsDefeated == return.items.isDefeated', 'invariantType': 'daikon.inv.binary.twoScalar.IntEqual', 'variables': '(input.IsDefeated, return.isDefeated)', 'postmanAssertion': 'pm.expect(input_IsDefeated).to.eql(return_isDefeated)', 'variable': 'return.items.isDefeated', 'response_container_path': 'items', 'endpoint': 'get-/api/v1/Bills'}
2026-05-14 21:18:02,972 - api_testing.constraint.dynamic_constraints.invariant_extractor - DEBUG - Classifying invariant: {'pptname': 'get-/api/v1/Bills&get-/api/v1/Bills&200&items():::EXIT', 'invariant': 'return.items.currentHouse == return.items.currentStage.house', 'invariantType': 'daikon.inv.binary.twoString.StringEqual', 'variables': '(return.currentHouse, return.currentStage.house)', 'postmanAssertion': 'pm.expect(return_currentHouse).to.eql(return_currentStage_house)', 'variable': 'return.items.currentHouse', 'response_container_path': 'items', 'endpoint': 'get-/api/v1/Bills'}
2026-05-14 21:18:02,973 - api_testing.constraint.dynamic_constraints.invariant_extractor - DEBUG - Classifying invariant: {'pptname': 'get-/api/v1/Bills&get-/api/v1/Bills&200&items():::EXIT', 'invariant': 'return.items.billTypeId == size(return.items.currentStage.stageSittings[])', 'invariantType': 'daikon.inv.binary.twoScalar.IntEqual', 'variables': '(return.billTypeId, size(return.currentStage.stageSittings[..]))', 'postmanAssertion': 'pm.expect(return_billTypeId).to.eql(return_currentStage_stageSittings_size_array)', 'variable': 'return.items.billTypeId', 'response_container_path': 'items', 'endpoint': 'get-/api/v1/Bills'}
2026-05-14 21:18:02,973 - api_testing.constraint.dynamic_constraints.invariant_extractor - DEBUG - Classifying invariant: {'pptname': 'get-/api/v1/Bills&get-/api/v1/Bills&200&items():::EXIT', 'invariant': 'return.items.billTypeId == size(return.items.currentStage.stageSittings[])', 'invariantType': 'daikon.inv.binary.twoScalar.IntEqual', 'variables': '(return.billTypeId, size(return.currentStage.stageSittings[..]))', 'postmanAssertion': 'pm.expect(return_billTypeId).to.eql(return_currentStage_stageSittings_size_array)', 'variable': 'return.items.billTypeId', 'response_container_path': 'items', 'endpoint': 'get-/api/v1/Bills'}
2026-05-14 21:18:02,973 - api_testing.constraint.dynamic_constraints.invariant_extractor - DEBUG - Classifying invariant: {'pptname': 'get-/api/v1/Bills&get-/api/v1/Bills&200&items():::EXIT', 'invariant': 'input has only one value', 'invariantType': 'daikon.inv.unary.scalar.OneOfScalar', 'variables': '(input)', 'postmanAssertion': '//', 'endpoint': 'get-/api/v1/Bills'}
2026-05-14 21:18:02,973 - api_testing.constraint.dynamic_constraints.invariant_extractor - DEBUG - Classifying invariant: {'pptname': 'get-/api/v1/Bills&get-/api/v1/Bills&200&items():::EXIT', 'invariant': 'return.items has only one value', 'invariantType': 'daikon.inv.unary.scalar.OneOfScalar', 'variables': '(return)', 'postmanAssertion': '//', 'variable': 'return.items', 'response_container_path': 'items', 'endpoint': 'get-/api/v1/Bills'}
2026-05-14 21:18:02,973 - api_testing.constraint.dynamic_constraints.invariant_extractor - DEBUG - Classifying invariant: {'pptname': 'get-/api/v1/Bills&get-/api/v1/Bills&200&items():::EXIT', 'invariant': 'return.items.currentHouse one of { "Commons", "Unassigned" }', 'invariantType': 'daikon.inv.unary.string.OneOfString', 'variables': '(return.currentHouse)', 'postmanAssertion': 'pm.expect(["Commons", "Unassigned"].includes(return_currentHouse)).to.be.true', 'variable': 'return.items.currentHouse', 'response_container_path': 'items', 'endpoint': 'get-/api/v1/Bills'}
2026-05-14 21:18:02,973 - api_testing.constraint.dynamic_constraints.invariant_extractor - DEBUG - Classifying invariant: {'pptname': 'get-/api/v1/Bills&get-/api/v1/Bills&200&items():::EXIT', 'invariant': 'return.items.originatingHouse one of { "Commons", "Lords" }', 'invariantType': 'daikon.inv.unary.string.OneOfString', 'variables': '(return.originatingHouse)', 'postmanAssertion': 'pm.expect(["Commons", "Lords"].includes(return_originatingHouse)).to.be.true', 'variable': 'return.items.originatingHouse', 'response_container_path': 'items', 'endpoint': 'get-/api/v1/Bills'}
2026-05-14 21:18:02,973 - api_testing.constraint.dynamic_constraints.invariant_extractor - DEBUG - Classifying invariant: {'pptname': 'get-/api/v1/Bills&get-/api/v1/Bills&200&items():::EXIT', 'invariant': 'return.items.billWithdrawn == "2012-09-03T00:00:00"', 'invariantType': 'daikon.inv.unary.string.OneOfString', 'variables': '(return.billWithdrawn)', 'postmanAssertion': 'pm.expect(["2012-09-03T00:00:00"].includes(return_billWithdrawn)).to.be.true', 'variable': 'return.items.billWithdrawn', 'response_container_path': 'items', 'endpoint': 'get-/api/v1/Bills'}
2026-05-14 21:18:02,973 - api_testing.constraint.dynamic_constraints.invariant_extractor - DEBUG - Classifying invariant: {'pptname': 'get-/api/v1/Bills&get-/api/v1/Bills&200&items():::EXIT', 'invariant': 'LENGTH(return.items.billWithdrawn)==19', 'invariantType': 'daikon.inv.unary.string.FixedLengthString', 'variables': '(return.billWithdrawn)', 'postmanAssertion': 'pm.expect(return_billWithdrawn).to.have.length(19)', 'variable': 'return.items.billWithdrawn', 'response_container_path': 'items', 'endpoint': 'get-/api/v1/Bills'}
2026-05-14 21:18:02,973 - api_testing.constraint.dynamic_constraints.invariant_extractor - DEBUG - Classifying invariant: {'pptname': 'get-/api/v1/Bills&get-/api/v1/Bills&200&items():::EXIT', 'invariant': 'return.items.billTypeId == 1', 'invariantType': 'daikon.inv.unary.scalar.OneOfScalar', 'variables': '(return.billTypeId)', 'postmanAssertion': 'pm.expect([1].includes(return_billTypeId)).to.be.true', 'variable': 'return.items.billTypeId', 'response_container_path': 'items', 'endpoint': 'get-/api/v1/Bills'}
2026-05-14 21:18:02,973 - api_testing.constraint.dynamic_constraints.invariant_extractor - DEBUG - Classifying invariant: {'pptname': 'get-/api/v1/Bills&get-/api/v1/Bills&200&items():::EXIT', 'invariant': 'return.items.includedSessionIds has only one value', 'invariantType': 'daikon.inv.unary.scalar.OneOfScalar', 'variables': '(return.includedSessionIds)', 'postmanAssertion': '//', 'variable': 'return.items.includedSessionIds', 'response_container_path': 'items', 'endpoint': 'get-/api/v1/Bills'}
2026-05-14 21:18:02,973 - api_testing.constraint.dynamic_constraints.invariant_extractor - DEBUG - Classifying invariant: {'pptname': 'get-/api/v1/Bills&get-/api/v1/Bills&200&items():::EXIT', 'invariant': 'return.items.includedSessionIds[] sorted by <', 'invariantType': 'daikon.inv.unary.sequence.EltwiseIntLessThan', 'variables': '(return.includedSessionIds[..])', 'postmanAssertion': 'pm.expect(return_includedSessionIds_array.slice(1).every((element, index) => element > return_includedSessionIds_array[index])).to.be.true', 'variable': 'return.items.includedSessionIds', 'response_container_path': 'items', 'endpoint': 'get-/api/v1/Bills'}
2026-05-14 21:18:02,973 - api_testing.constraint.dynamic_constraints.invariant_extractor - DEBUG - Classifying invariant: {'pptname': 'get-/api/v1/Bills&get-/api/v1/Bills&200&items():::EXIT', 'invariant': 'return.items.isAct one of { 0, 1 }', 'invariantType': 'daikon.inv.unary.scalar.OneOfScalar', 'variables': '(return.isAct)', 'postmanAssertion': 'pm.expect([0, 1, 0].includes(return_isAct)).to.be.true', 'variable': 'return.items.isAct', 'response_container_path': 'items', 'endpoint': 'get-/api/v1/Bills'}
2026-05-14 21:18:02,973 - api_testing.constraint.dynamic_constraints.invariant_extractor - DEBUG - Classifying invariant: {'pptname': 'get-/api/v1/Bills&get-/api/v1/Bills&200&items():::EXIT', 'invariant': 'return.items.currentStage has only one value', 'invariantType': 'daikon.inv.unary.scalar.OneOfScalar', 'variables': '(return.currentStage)', 'postmanAssertion': '//', 'variable': 'return.items.currentStage', 'response_container_path': 'items', 'endpoint': 'get-/api/v1/Bills'}
2026-05-14 21:18:02,973 - api_testing.constraint.dynamic_constraints.invariant_extractor - DEBUG - Classifying invariant: {'pptname': 'get-/api/v1/Bills&get-/api/v1/Bills&200&items():::EXIT', 'invariant': 'return.items.currentStage.stageId one of { 10, 11, 36 }', 'invariantType': 'daikon.inv.unary.scalar.OneOfScalar', 'variables': '(return.currentStage.stageId)', 'postmanAssertion': 'pm.expect([10, 11, 36].includes(return_currentStage_stageId)).to.be.true', 'variable': 'return.items.currentStage.stageId', 'response_container_path': 'items', 'endpoint': 'get-/api/v1/Bills'}
2026-05-14 21:18:02,973 - api_testing.constraint.dynamic_constraints.invariant_extractor - DEBUG - Classifying invariant: {'pptname': 'get-/api/v1/Bills&get-/api/v1/Bills&200&items():::EXIT', 'invariant': 'return.items.currentStage.description one of { "3rd reading", "Royal Assent", "Ways and Means resolution" }', 'invariantType': 'daikon.inv.unary.string.OneOfString', 'variables': '(return.currentStage.description)', 'postmanAssertion': 'pm.expect(["3rd reading", "Royal Assent", "Ways and Means resolution"].includes(return_currentStage_description)).to.be.true', 'variable': 'return.items.currentStage.description', 'response_container_path': 'items', 'endpoint': 'get-/api/v1/Bills'}
2026-05-14 21:18:02,973 - api_testing.constraint.dynamic_constraints.invariant_extractor - DEBUG - Classifying invariant: {'pptname': 'get-/api/v1/Bills&get-/api/v1/Bills&200&items():::EXIT', 'invariant': 'return.items.currentStage.abbreviation one of { "3R", "RA", "WAMR" }', 'invariantType': 'daikon.inv.unary.string.OneOfString', 'variables': '(return.currentStage.abbreviation)', 'postmanAssertion': 'pm.expect(["3R", "RA", "WAMR"].includes(return_currentStage_abbreviation)).to.be.true', 'variable': 'return.items.currentStage.abbreviation', 'response_container_path': 'items', 'endpoint': 'get-/api/v1/Bills'}
2026-05-14 21:18:02,973 - api_testing.constraint.dynamic_constraints.invariant_extractor - DEBUG - Classifying invariant: {'pptname': 'get-/api/v1/Bills&get-/api/v1/Bills&200&items():::EXIT', 'invariant': 'return.items.currentStage.stageSittings has only one value', 'invariantType': 'daikon.inv.unary.scalar.OneOfScalar', 'variables': '(return.currentStage.stageSittings)', 'postmanAssertion': '//', 'variable': 'return.items.currentStage.stageSittings', 'response_container_path': 'items', 'endpoint': 'get-/api/v1/Bills'}
2026-05-14 21:18:02,973 - api_testing.constraint.dynamic_constraints.invariant_extractor - DEBUG - Classifying invariant: {'pptname': 'get-/api/v1/Bills&get-/api/v1/Bills&200&items():::EXIT', 'invariant': 'return.items.currentStage.stageSittings[] contains no nulls and has only one value, of length 1', 'invariantType': 'daikon.inv.unary.sequence.OneOfSequence', 'variables': '(return.currentStage.stageSittings[..])', 'postmanAssertion': 'pm.expect(return_currentStage_stageSittings_array).to.have.lengthOf(1).and.to.not.include(null)', 'variable': 'return.items.currentStage.stageSittings', 'response_container_path': 'items', 'endpoint': 'get-/api/v1/Bills'}
2026-05-14 21:18:02,973 - api_testing.constraint.dynamic_constraints.invariant_extractor - DEBUG - Classifying invariant: {'pptname': 'get-/api/v1/Bills&get-/api/v1/Bills&200&items():::EXIT', 'invariant': 'return.items.currentStage.stageSittings[] elements has only one value', 'invariantType': 'daikon.inv.unary.sequence.EltOneOf', 'variables': '(return.currentStage.stageSittings[..])', 'postmanAssertion': '//', 'variable': 'return.items.currentStage.stageSittings', 'response_container_path': 'items', 'endpoint': 'get-/api/v1/Bills'}
2026-05-14 21:18:02,973 - api_testing.constraint.dynamic_constraints.invariant_extractor - DEBUG - Classifying invariant: {'pptname': 'get-/api/v1/Bills&get-/api/v1/Bills&200&items():::EXIT', 'invariant': 'size(return.items.includedSessionIds[]) one of { 1, 2 }', 'invariantType': 'daikon.inv.unary.scalar.OneOfScalar', 'variables': '(size(return.includedSessionIds[..]))', 'postmanAssertion': 'pm.expect([1, 2, 0].includes(return_includedSessionIds_size_array)).to.be.true', 'variable': 'return.items.includedSessionIds', 'response_container_path': 'items', 'endpoint': 'get-/api/v1/Bills'}
2026-05-14 21:18:02,973 - api_testing.constraint.dynamic_constraints.invariant_extractor - DEBUG - Classifying invariant: {'pptname': 'get-/api/v1/Bills&get-/api/v1/Bills&200&items():::EXIT', 'invariant': 'input.DepartmentId <= return.items.currentStage.sortOrder', 'invariantType': 'daikon.inv.binary.twoScalar.IntLessEqual', 'variables': '(input.DepartmentId, return.currentStage.sortOrder)', 'postmanAssertion': 'pm.expect(input_DepartmentId).to.be.lte(return_currentStage_sortOrder)', 'variable': 'return.items.currentStage.sortOrder', 'response_container_path': 'items', 'endpoint': 'get-/api/v1/Bills'}
2026-05-14 21:18:02,973 - api_testing.constraint.dynamic_constraints.invariant_extractor - DEBUG - Classifying invariant: {'pptname': 'get-/api/v1/Bills&get-/api/v1/Bills&200&items():::EXIT', 'invariant': 'input.IsDefeated <= return.items.isAct', 'invariantType': 'daikon.inv.binary.twoScalar.IntLessEqual', 'variables': '(input.IsDefeated, return.isAct)', 'postmanAssertion': 'pm.expect(input_IsDefeated).to.be.lte(return_isAct)', 'variable': 'return.items.isAct', 'response_container_path': 'items', 'endpoint': 'get-/api/v1/Bills'}
2026-05-14 21:18:02,973 - api_testing.constraint.dynamic_constraints.invariant_extractor - DEBUG - Classifying invariant: {'pptname': 'get-/api/v1/Bills&get-/api/v1/Bills&200&items():::EXIT', 'invariant': 'return.items.billTypeId <= size(return.items.includedSessionIds[])', 'invariantType': 'daikon.inv.binary.twoScalar.IntLessEqual', 'variables': '(return.billTypeId, size(return.includedSessionIds[..]))', 'postmanAssertion': 'pm.expect(return_billTypeId).to.be.lte(return_includedSessionIds_size_array)', 'variable': 'return.items.billTypeId', 'response_container_path': 'items', 'endpoint': 'get-/api/v1/Bills'}
2026-05-14 21:18:02,974 - api_testing.constraint.dynamic_constraints.invariant_extractor - DEBUG - Classifying invariant: {'pptname': 'get-/api/v1/Bills&get-/api/v1/Bills&200&items():::EXIT', 'invariant': 'return.items.includedSessionIds[] elements >= return.items.introducedSessionId', 'invariantType': 'daikon.inv.binary.sequenceScalar.SeqIntGreaterEqual', 'variables': '(return.introducedSessionId, return.includedSessionIds[..])', 'postmanAssertion': 'pm.expect(return_includedSessionIds_array.every(element => element >= return_introducedSessionId)).to.be.true', 'variable': 'return.items.introducedSessionId', 'response_container_path': 'items', 'endpoint': 'get-/api/v1/Bills'}
2026-05-14 21:18:02,974 - api_testing.constraint.dynamic_constraints.invariant_extractor - DEBUG - Classifying invariant: {'pptname': 'get-/api/v1/Bills&get-/api/v1/Bills&200&items():::EXIT', 'invariant': 'return.items.introducedSessionId in return.items.includedSessionIds[]', 'invariantType': 'daikon.inv.binary.sequenceScalar.Member', 'variables': '(return.introducedSessionId, return.includedSessionIds[..])', 'postmanAssertion': 'pm.expect(return_includedSessionIds_array.includes(return_introducedSessionId)).to.be.true', 'variable': 'return.items.introducedSessionId', 'response_container_path': 'items', 'endpoint': 'get-/api/v1/Bills'}
2026-05-14 21:18:02,974 - api_testing.constraint.dynamic_constraints.invariant_extractor - DEBUG - Classifying invariant: {'pptname': 'get-/api/v1/Bills&get-/api/v1/Bills&200&items():::EXIT', 'invariant': 'return.items.introducedSessionId <= return.items.currentStage.sessionId', 'invariantType': 'daikon.inv.binary.twoScalar.IntLessEqual', 'variables': '(return.introducedSessionId, return.currentStage.sessionId)', 'postmanAssertion': 'pm.expect(return_introducedSessionId).to.be.lte(return_currentStage_sessionId)', 'variable': 'return.items.introducedSessionId', 'response_container_path': 'items', 'endpoint': 'get-/api/v1/Bills'}
2026-05-14 21:18:02,974 - api_testing.constraint.dynamic_constraints.invariant_extractor - DEBUG - Classifying invariant: {'pptname': 'get-/api/v1/Bills&get-/api/v1/Bills&200&items():::EXIT', 'invariant': 'return.items.currentStage.sessionId in return.items.includedSessionIds[]', 'invariantType': 'daikon.inv.binary.sequenceScalar.Member', 'variables': '(return.includedSessionIds[..], return.currentStage.sessionId)', 'postmanAssertion': 'pm.expect(return_includedSessionIds_array.includes(return_currentStage_sessionId)).to.be.true', 'variable': 'return.items.includedSessionIds', 'response_container_path': 'items', 'endpoint': 'get-/api/v1/Bills'}
2026-05-14 21:18:02,974 - api_testing.constraint.dynamic_constraints.invariant_extractor - DEBUG - Classifying invariant: {'pptname': 'get-/api/v1/Bills&get-/api/v1/Bills&200&items():::EXIT', 'invariant': 'return.items.includedSessionIds[] elements <= return.items.currentStage.sessionId', 'invariantType': 'daikon.inv.binary.sequenceScalar.SeqIntLessEqual', 'variables': '(return.includedSessionIds[..], return.currentStage.sessionId)', 'postmanAssertion': 'pm.expect(return_includedSessionIds_array.every(element => element <= return_currentStage_sessionId)).to.be.true', 'variable': 'return.items.includedSessionIds', 'response_container_path': 'items', 'endpoint': 'get-/api/v1/Bills'}
2026-05-14 21:18:02,974 - api_testing.constraint.dynamic_constraints.invariant_extractor - DEBUG - Classifying invariant: {'pptname': 'get-/api/v1/Bills&get-/api/v1/Bills&200():::EXIT', 'invariant': 'input.BillStagesExcluded == input.BillIds', 'invariantType': 'daikon.inv.binary.twoScalar.IntEqual', 'variables': '(input.BillStagesExcluded, input.BillIds)', 'postmanAssertion': 'pm.expect(input_BillStagesExcluded).to.eql(input_BillIds)', 'endpoint': 'get-/api/v1/Bills'}
2026-05-14 21:18:02,974 - api_testing.constraint.dynamic_constraints.invariant_extractor - DEBUG - Classifying invariant: {'pptname': 'get-/api/v1/Bills&get-/api/v1/Bills&200():::EXIT', 'invariant': 'input.Take == return.itemsPerPage', 'invariantType': 'daikon.inv.binary.twoScalar.IntEqual', 'variables': '(input.Take, return.itemsPerPage)', 'postmanAssertion': 'pm.expect(input_Take).to.eql(return_itemsPerPage)', 'variable': 'return.itemsPerPage', 'response_container_path': None, 'endpoint': 'get-/api/v1/Bills'}
2026-05-14 21:18:02,974 - api_testing.constraint.dynamic_constraints.invariant_extractor - DEBUG - Classifying invariant: {'pptname': 'get-/api/v1/Bills&get-/api/v1/Bills&200():::EXIT', 'invariant': 'size(input.BillStage[]) == size(input.BillType[])', 'invariantType': 'daikon.inv.binary.twoScalar.IntEqual', 'variables': '(size(input.BillStage[..]), size(input.BillType[..]))', 'postmanAssertion': 'pm.expect(input_BillStage_size_array).to.eql(input_BillType_size_array)', 'endpoint': 'get-/api/v1/Bills'}
2026-05-14 21:18:02,974 - api_testing.constraint.dynamic_constraints.invariant_extractor - DEBUG - Classifying invariant: {'pptname': 'get-/api/v1/Bills&get-/api/v1/Bills&200():::EXIT', 'invariant': 'return.totalResults one of { 0, 25, 154 }', 'invariantType': 'daikon.inv.unary.scalar.OneOfScalar', 'variables': '(return.totalResults)', 'postmanAssertion': 'pm.expect([0, 25, 154].includes(return_totalResults)).to.be.true', 'variable': 'return.totalResults', 'response_container_path': None, 'endpoint': 'get-/api/v1/Bills'}
2026-05-14 21:18:02,974 - api_testing.constraint.dynamic_constraints.invariant_extractor - DEBUG - Classifying invariant: {'pptname': 'get-/api/v1/Bills&get-/api/v1/Bills&200():::EXIT', 'invariant': 'return.itemsPerPage one of { 20, 1471045950 }', 'invariantType': 'daikon.inv.unary.scalar.OneOfScalar', 'variables': '(return.itemsPerPage)', 'postmanAssertion': 'pm.expect([20, 1471045950, 0].includes(return_itemsPerPage)).to.be.true', 'variable': 'return.itemsPerPage', 'response_container_path': None, 'endpoint': 'get-/api/v1/Bills'}
2026-05-14 21:18:02,974 - api_testing.constraint.dynamic_constraints.invariant_extractor - DEBUG - Classifying invariant: {'pptname': 'get-/api/v1/Bills&get-/api/v1/Bills&200():::EXIT', 'invariant': 'size(input.BillStage[]) == 1', 'invariantType': 'daikon.inv.unary.scalar.OneOfScalar', 'variables': '(size(input.BillStage[..]))', 'postmanAssertion': 'pm.expect([1].includes(input_BillStage_size_array)).to.be.true', 'endpoint': 'get-/api/v1/Bills'}
2026-05-14 21:18:02,974 - api_testing.constraint.dynamic_constraints.invariant_extractor - DEBUG - Classifying invariant: {'pptname': 'get-/api/v1/Bills&get-/api/v1/Bills&200():::EXIT', 'invariant': 'size(input.BillType[]) == 1', 'invariantType': 'daikon.inv.unary.scalar.OneOfScalar', 'variables': '(size(input.BillType[..]))', 'postmanAssertion': 'pm.expect([1].includes(input_BillType_size_array)).to.be.true', 'endpoint': 'get-/api/v1/Bills'}
2026-05-14 21:18:02,974 - api_testing.constraint.dynamic_constraints.invariant_extractor - DEBUG - Classifying invariant: {'pptname': 'get-/api/v1/Bills&get-/api/v1/Bills&200():::EXIT', 'invariant': 'size(return.items[]) one of { 0, 20 }', 'invariantType': 'daikon.inv.unary.scalar.OneOfScalar', 'variables': '(size(return.items[..]))', 'postmanAssertion': 'pm.expect([0, 20, 0].includes(return_items_size_array)).to.be.true', 'variable': 'return.items', 'response_container_path': None, 'endpoint': 'get-/api/v1/Bills'}
2026-05-14 21:18:02,974 - api_testing.constraint.dynamic_constraints.invariant_extractor - DEBUG - Classifying invariant: {'pptname': 'get-/api/v1/Bills&get-/api/v1/Bills&200():::EXIT', 'invariant': 'return.totalResults >= size(return.items[])', 'invariantType': 'daikon.inv.binary.twoScalar.IntGreaterEqual', 'variables': '(return.totalResults, size(return.items[..]))', 'postmanAssertion': 'pm.expect(return_totalResults).to.be.at.least(return_items_size_array)', 'variable': 'return.totalResults', 'response_container_path': None, 'endpoint': 'get-/api/v1/Bills'}
2026-05-14 21:18:02,974 - api_testing.constraint.dynamic_constraints.invariant_extractor - DEBUG - Classifying invariant: {'pptname': 'get-/api/v1/Bills&get-/api/v1/Bills&200():::EXIT', 'invariant': 'return.itemsPerPage >= size(return.items[])', 'invariantType': 'daikon.inv.binary.twoScalar.IntGreaterEqual', 'variables': '(return.itemsPerPage, size(return.items[..]))', 'postmanAssertion': 'pm.expect(return_itemsPerPage).to.be.at.least(return_items_size_array)', 'variable': 'return.itemsPerPage', 'response_container_path': None, 'endpoint': 'get-/api/v1/Bills'}
2026-05-14 21:18:02,975 - api_testing.constraint.dynamic_constraints.invariant_extractor - DEBUG - InvariantClassification Prompt: Is the following invariants for a REST endpoint "true - positive" or "false - positive"?
Endpoint: GET /api/v1/Bills
Description: Returns a list of Bills.
Parameters:
- SearchTerm : a string 
- Session : a integer , format int32
- CurrentHouse : a string , values in of ['All', 'Commons', 'Lords', 'Unassigned']
- OriginatingHouse : a string , values in of ['All', 'Commons', 'Lords']
- MemberId : a integer , format int32
- DepartmentId : a integer , format int32
- BillStage : a array 
- BillStagesExcluded : a array 
- IsDefeated : a boolean 
- IsWithdrawn : a boolean 
- BillType : a array 
- SortOrder : a string , values in of ['TitleAscending', 'TitleDescending', 'DateUpdatedAscending', 'DateUpdatedDescending']
- BillIds : a array 
- IsInAmendableStage : a boolean 
- Skip : a integer , format int32
- Take : a integer , format int32
Responses:
- items.billId : a integer, format int32
- items.shortTitle : a string
- items.formerShortTitle : a string
- items.currentHouse : a string, values in of ['All', 'Commons', 'Lords', 'Unassigned']
- items.originatingHouse : a string, values in of ['All', 'Commons', 'Lords', 'Unassigned']
- items.lastUpdate : a string, format date-time
- items.billWithdrawn : a string, format date-time
- items.isDefeated : a boolean
- items.billTypeId : a integer, format int32
- items.introducedSessionId : a integer, format int32
- items.includedSessionIds : array of BillSummary object
- items.isAct : a boolean
- items.currentStage.id : a integer, format int32
- items.currentStage.stageId : a integer, format int32
- items.currentStage.sessionId : a integer, format int32
- items.currentStage.description : a string
- items.currentStage.abbreviation : a string
- items.currentStage.house : a string, values in of ['All', 'Commons', 'Lords', 'Unassigned']
- items.currentStage.stageSittings.id : a integer, format int32
- items.currentStage.stageSittings.stageId : a integer, format int32
- items.currentStage.stageSittings.billStageId : a integer, format int32
- items.currentStage.stageSittings.billId : a integer, format int32
- items.currentStage.stageSittings.date : a string, format date-time
- items.currentStage.sortOrder : a integer, format int32
- totalResults : a integer, format int32
- itemsPerPage : a integer, format int32
Invariants: 
#1: Invariant: input.BillStage == input.BillStagesExcluded
Invariant Type: daikon.inv.binary.twoScalar.IntEqual 
Invariant description: Represents an invariant of == between two long scalars. Prints as x == y.
The return fields refer to the path __ROOT__ in the response body .
#2: Invariant: input.BillStage == input.BillType
Invariant Type: daikon.inv.binary.twoScalar.IntEqual 
Invariant description: Represents an invariant of == between two long scalars. Prints as x == y.
The return fields refer to the path __ROOT__ in the response body .
#3: Invariant: input.BillStage == input.BillIds
Invariant Type: daikon.inv.binary.twoScalar.IntEqual 
Invariant description: Represents an invariant of == between two long scalars. Prints as x == y.
The return fields refer to the path __ROOT__ in the response body .
#4: Invariant: input has only one value
Invariant Type: daikon.inv.unary.scalar.OneOfScalar 
Invariant description: Represents long variables that take on only a few distinct values. Prints as either x == c (when there is only one value) or as x one of {c1, c2, c3} (when there are multiple values).
The return fields refer to the path __ROOT__ in the response body .
#5: Invariant: return.items.currentStage.stageSittings has only one value
Invariant Type: daikon.inv.unary.scalar.OneOfScalar 
Invariant description: Represents long variables that take on only a few distinct values. Prints as either x == c (when there is only one value) or as x one of {c1, c2, c3} (when there are multiple values).
The return fields refer to the path items.currentStage.stageSittings in the response body .
#6: Invariant: return.items.currentStage.stageSittings.stageId one of { 10, 11, 36 }
Invariant Type: daikon.inv.unary.scalar.OneOfScalar 
Invariant description: Represents long variables that take on only a few distinct values. Prints as either x == c (when there is only one value) or as x one of {c1, c2, c3} (when there are multiple values).
The return fields refer to the path items.currentStage.stageSittings in the response body .
#7: Invariant: LENGTH(return.items.currentStage.stageSittings.date)==19
Invariant Type: daikon.inv.unary.string.FixedLengthString 
Invariant description: Indicates that the value of a string variable always has a fixed length n. Represented as LENGTH(x)==n.
The return fields refer to the path items.currentStage.stageSittings in the response body .
#8: Invariant: return.items.currentStage.stageSittings.id < return.items.currentStage.stageSittings.billStageId
Invariant Type: daikon.inv.binary.twoScalar.IntLessThan 
Invariant description: Represents an invariant of < between two long scalars. Prints as x < y.
The return fields refer to the path items.currentStage.stageSittings in the response body .
#9: Invariant: input.BillStage == input.BillStagesExcluded
Invariant Type: daikon.inv.binary.twoScalar.IntEqual 
Invariant description: Represents an invariant of == between two long scalars. Prints as x == y.
The return fields refer to the path __ROOT__ in the response body .
#10: Invariant: input.BillStage == input.BillType
Invariant Type: daikon.inv.binary.twoScalar.IntEqual 
Invariant description: Represents an invariant of == between two long scalars. Prints as x == y.
The return fields refer to the path __ROOT__ in the response body .
#11: Invariant: input.BillStage == input.BillIds
Invariant Type: daikon.inv.binary.twoScalar.IntEqual 
Invariant description: Represents an invariant of == between two long scalars. Prints as x == y.
The return fields refer to the path __ROOT__ in the response body .
#12: Invariant: input.IsDefeated == return.items.isDefeated
Invariant Type: daikon.inv.binary.twoScalar.IntEqual 
Invariant description: Represents an invariant of == between two long scalars. Prints as x == y.
The return fields refer to the path items in the response body .
#13: Invariant: return.items.currentHouse == return.items.currentStage.house
Invariant Type: daikon.inv.binary.twoString.StringEqual 
Invariant description: Represents an invariant of == between two String scalars. Prints as x == y.
The return fields refer to the path items in the response body .
#14: Invariant: return.items.billTypeId == size(return.items.currentStage.stageSittings[])
Invariant Type: daikon.inv.binary.twoScalar.IntEqual 
Invariant description: Represents an invariant of == between two long scalars. Prints as x == y.
The return fields refer to the path items in the response body .
#15: Invariant: return.items.billTypeId == size(return.items.currentStage.stageSittings[])
Invariant Type: daikon.inv.binary.twoScalar.IntEqual 
Invariant description: Represents an invariant of == between two long scalars. Prints as x == y.
The return fields refer to the path items in the response body .
#16: Invariant: input has only one value
Invariant Type: daikon.inv.unary.scalar.OneOfScalar 
Invariant description: Represents long variables that take on only a few distinct values. Prints as either x == c (when there is only one value) or as x one of {c1, c2, c3} (when there are multiple values).
The return fields refer to the path __ROOT__ in the response body .
#17: Invariant: return.items has only one value
Invariant Type: daikon.inv.unary.scalar.OneOfScalar 
Invariant description: Represents long variables that take on only a few distinct values. Prints as either x == c (when there is only one value) or as x one of {c1, c2, c3} (when there are multiple values).
The return fields refer to the path items in the response body .
#18: Invariant: return.items.currentHouse one of { "Commons", "Unassigned" }
Invariant Type: daikon.inv.unary.string.OneOfString 
Invariant description: Represents String variables that take on only a few distinct values. Prints as either x == c (when there is only one value) or as x one of {c1, c2, c3} (when there are multiple values).
The return fields refer to the path items in the response body .
#19: Invariant: return.items.originatingHouse one of { "Commons", "Lords" }
Invariant Type: daikon.inv.unary.string.OneOfString 
Invariant description: Represents String variables that take on only a few distinct values. Prints as either x == c (when there is only one value) or as x one of {c1, c2, c3} (when there are multiple values).
The return fields refer to the path items in the response body .
#20: Invariant: return.items.billWithdrawn == "2012-09-03T00:00:00"
Invariant Type: daikon.inv.unary.string.OneOfString 
Invariant description: Represents String variables that take on only a few distinct values. Prints as either x == c (when there is only one value) or as x one of {c1, c2, c3} (when there are multiple values).
The return fields refer to the path items in the response body .
#21: Invariant: LENGTH(return.items.billWithdrawn)==19
Invariant Type: daikon.inv.unary.string.FixedLengthString 
Invariant description: Indicates that the value of a string variable always has a fixed length n. Represented as LENGTH(x)==n.
The return fields refer to the path items in the response body .
#22: Invariant: return.items.billTypeId == 1
Invariant Type: daikon.inv.unary.scalar.OneOfScalar 
Invariant description: Represents long variables that take on only a few distinct values. Prints as either x == c (when there is only one value) or as x one of {c1, c2, c3} (when there are multiple values).
The return fields refer to the path items in the response body .
#23: Invariant: return.items.includedSessionIds has only one value
Invariant Type: daikon.inv.unary.scalar.OneOfScalar 
Invariant description: Represents long variables that take on only a few distinct values. Prints as either x == c (when there is only one value) or as x one of {c1, c2, c3} (when there are multiple values).
The return fields refer to the path items in the response body .
#24: Invariant: return.items.includedSessionIds[] sorted by <
Invariant Type: daikon.inv.unary.sequence.EltwiseIntLessThan 
Invariant description: No description available.
The return fields refer to the path items in the response body .
#25: Invariant: return.items.isAct one of { 0, 1 }
Invariant Type: daikon.inv.unary.scalar.OneOfScalar 
Invariant description: Represents long variables that take on only a few distinct values. Prints as either x == c (when there is only one value) or as x one of {c1, c2, c3} (when there are multiple values).
The return fields refer to the path items in the response body .
#26: Invariant: return.items.currentStage has only one value
Invariant Type: daikon.inv.unary.scalar.OneOfScalar 
Invariant description: Represents long variables that take on only a few distinct values. Prints as either x == c (when there is only one value) or as x one of {c1, c2, c3} (when there are multiple values).
The return fields refer to the path items in the response body .
#27: Invariant: return.items.currentStage.stageId one of { 10, 11, 36 }
Invariant Type: daikon.inv.unary.scalar.OneOfScalar 
Invariant description: Represents long variables that take on only a few distinct values. Prints as either x == c (when there is only one value) or as x one of {c1, c2, c3} (when there are multiple values).
The return fields refer to the path items in the response body .
#28: Invariant: return.items.currentStage.description one of { "3rd reading", "Royal Assent", "Ways and Means resolution" }
Invariant Type: daikon.inv.unary.string.OneOfString 
Invariant description: Represents String variables that take on only a few distinct values. Prints as either x == c (when there is only one value) or as x one of {c1, c2, c3} (when there are multiple values).
The return fields refer to the path items in the response body .
#29: Invariant: return.items.currentStage.abbreviation one of { "3R", "RA", "WAMR" }
Invariant Type: daikon.inv.unary.string.OneOfString 
Invariant description: Represents String variables that take on only a few distinct values. Prints as either x == c (when there is only one value) or as x one of {c1, c2, c3} (when there are multiple values).
The return fields refer to the path items in the response body .
#30: Invariant: return.items.currentStage.stageSittings has only one value
Invariant Type: daikon.inv.unary.scalar.OneOfScalar 
Invariant description: Represents long variables that take on only a few distinct values. Prints as either x == c (when there is only one value) or as x one of {c1, c2, c3} (when there are multiple values).
The return fields refer to the path items in the response body .
#31: Invariant: return.items.currentStage.stageSittings[] contains no nulls and has only one value, of length 1
Invariant Type: daikon.inv.unary.sequence.OneOfSequence 
Invariant description: Represents long[] variables that take on only a few distinct values. Prints as either x == c (when there is only one value) or as x one of {c1, c2, c3} (when there are multiple values).
The return fields refer to the path items in the response body .
#32: Invariant: return.items.currentStage.stageSittings[] elements has only one value
Invariant Type: daikon.inv.unary.sequence.EltOneOf 
Invariant description: No description available.
The return fields refer to the path items in the response body .
#33: Invariant: size(return.items.includedSessionIds[]) one of { 1, 2 }
Invariant Type: daikon.inv.unary.scalar.OneOfScalar 
Invariant description: Represents long variables that take on only a few distinct values. Prints as either x == c (when there is only one value) or as x one of {c1, c2, c3} (when there are multiple values).
The return fields refer to the path items in the response body .
#34: Invariant: input.DepartmentId <= return.items.currentStage.sortOrder
Invariant Type: daikon.inv.binary.twoScalar.IntLessEqual 
Invariant description: Represents an invariant of <= between two long scalars. Prints as x <= y.
The return fields refer to the path items in the response body .
#35: Invariant: input.IsDefeated <= return.items.isAct
Invariant Type: daikon.inv.binary.twoScalar.IntLessEqual 
Invariant description: Represents an invariant of <= between two long scalars. Prints as x <= y.
The return fields refer to the path items in the response body .
#36: Invariant: return.items.billTypeId <= size(return.items.includedSessionIds[])
Invariant Type: daikon.inv.binary.twoScalar.IntLessEqual 
Invariant description: Represents an invariant of <= between two long scalars. Prints as x <= y.
The return fields refer to the path items in the response body .
#37: Invariant: return.items.includedSessionIds[] elements >= return.items.introducedSessionId
Invariant Type: daikon.inv.binary.sequenceScalar.SeqIntGreaterEqual 
Invariant description: No description available.
The return fields refer to the path items in the response body .
#38: Invariant: return.items.introducedSessionId in return.items.includedSessionIds[]
Invariant Type: daikon.inv.binary.sequenceScalar.Member 
Invariant description: No description available.
The return fields refer to the path items in the response body .
#39: Invariant: return.items.introducedSessionId <= return.items.currentStage.sessionId
Invariant Type: daikon.inv.binary.twoScalar.IntLessEqual 
Invariant description: Represents an invariant of <= between two long scalars. Prints as x <= y.
The return fields refer to the path items in the response body .
#40: Invariant: return.items.currentStage.sessionId in return.items.includedSessionIds[]
Invariant Type: daikon.inv.binary.sequenceScalar.Member 
Invariant description: No description available.
The return fields refer to the path items in the response body .
#41: Invariant: return.items.includedSessionIds[] elements <= return.items.currentStage.sessionId
Invariant Type: daikon.inv.binary.sequenceScalar.SeqIntLessEqual 
Invariant description: No description available.
The return fields refer to the path items in the response body .
#42: Invariant: input.BillStagesExcluded == input.BillIds
Invariant Type: daikon.inv.binary.twoScalar.IntEqual 
Invariant description: Represents an invariant of == between two long scalars. Prints as x == y.
The return fields refer to the path __ROOT__ in the response body .
#43: Invariant: input.Take == return.itemsPerPage
Invariant Type: daikon.inv.binary.twoScalar.IntEqual 
Invariant description: Represents an invariant of == between two long scalars. Prints as x == y.
The return fields refer to the path __ROOT__ in the response body .
#44: Invariant: size(input.BillStage[]) == size(input.BillType[])
Invariant Type: daikon.inv.binary.twoScalar.IntEqual 
Invariant description: Represents an invariant of == between two long scalars. Prints as x == y.
The return fields refer to the path __ROOT__ in the response body .
#45: Invariant: return.totalResults one of { 0, 25, 154 }
Invariant Type: daikon.inv.unary.scalar.OneOfScalar 
Invariant description: Represents long variables that take on only a few distinct values. Prints as either x == c (when there is only one value) or as x one of {c1, c2, c3} (when there are multiple values).
The return fields refer to the path __ROOT__ in the response body .
#46: Invariant: return.itemsPerPage one of { 20, 1471045950 }
Invariant Type: daikon.inv.unary.scalar.OneOfScalar 
Invariant description: Represents long variables that take on only a few distinct values. Prints as either x == c (when there is only one value) or as x one of {c1, c2, c3} (when there are multiple values).
The return fields refer to the path __ROOT__ in the response body .
#47: Invariant: size(input.BillStage[]) == 1
Invariant Type: daikon.inv.unary.scalar.OneOfScalar 
Invariant description: Represents long variables that take on only a few distinct values. Prints as either x == c (when there is only one value) or as x one of {c1, c2, c3} (when there are multiple values).
The return fields refer to the path __ROOT__ in the response body .
#48: Invariant: size(input.BillType[]) == 1
Invariant Type: daikon.inv.unary.scalar.OneOfScalar 
Invariant description: Represents long variables that take on only a few distinct values. Prints as either x == c (when there is only one value) or as x one of {c1, c2, c3} (when there are multiple values).
The return fields refer to the path __ROOT__ in the response body .
#49: Invariant: size(return.items[]) one of { 0, 20 }
Invariant Type: daikon.inv.unary.scalar.OneOfScalar 
Invariant description: Represents long variables that take on only a few distinct values. Prints as either x == c (when there is only one value) or as x one of {c1, c2, c3} (when there are multiple values).
The return fields refer to the path __ROOT__ in the response body .
#50: Invariant: return.totalResults >= size(return.items[])
Invariant Type: daikon.inv.binary.twoScalar.IntGreaterEqual 
Invariant description: Represents an invariant of >= between two long scalars. Prints as x >= y.
The return fields refer to the path __ROOT__ in the response body .
#51: Invariant: return.itemsPerPage >= size(return.items[])
Invariant Type: daikon.inv.binary.twoScalar.IntGreaterEqual 
Invariant description: Represents an invariant of >= between two long scalars. Prints as x >= y.
The return fields refer to the path __ROOT__ in the response body .
The invariant is classified as "true - positive" if it holds for every valid request on the API, and "false - positive" if it does not hold for every valid request on the API.
2026-05-14 21:18:16,073 - api_testing.constraint.dynamic_constraints.invariant_extractor - DEBUG - InvariantClassification Response: {
  "datas": [
    {
      "id": 1,
      "classification": "false-positive"
    },
    {
      "id": 2,
      "classification": "false-positive"
    },
    {
      "id": 3,
      "classification": "false-positive"
    },
    {
      "id": 4,
      "classification": "false-positive"
    },
    {
      "id": 5,
      "classification": "false-positive"
    },
    {
      "id": 6,
      "classification": "false-positive"
    },
    {
      "id": 7,
      "classification": "false-positive"
    },
    {
      "id": 8,
      "classification": "false-positive"
    },
    {
      "id": 9,
      "classification": "false-positive"
    },
    {
      "id": 10,
      "classification": "false-positive"
    },
    {
      "id": 11,
      "classification": "false-positive"
    },
    {
      "id": 12,
      "classification": "false-positive"
    },
    {
      "id": 13,
      "classification": "false-positive"
    },
    {
      "id": 14,
      "classification": "false-positive"
    },
    {
      "id": 15,
      "classification": "false-positive"
    },
    {
      "id": 16,
      "classification": "false-positive"
    },
    {
      "id": 17,
      "classification": "false-positive"
    },
    {
      "id": 18,
      "classification": "false-positive"
    },
    {
      "id": 19,
      "classification": "false-positive"
    },
    {
      "id": 20,
      "classification": "false-positive"
    },
    {
      "id": 21,
      "classification": "true-positive"
    },
    {
      "id": 22,
      "classification": "false-positive"
    },
    {
      "id": 23,
      "classification": "false-positive"
    },
    {
      "id": 24,
      "classification": "false-positive"
    },
    {
      "id": 25,
      "classification": "true-positive"
    },
    {
      "id": 26,
      "classification": "false-positive"
    },
    {
      "id": 27,
      "classification": "true-positive"
    },
    {
      "id": 28,
      "classification": "true-positive"
    },
    {
      "id": 29,
      "classification": "true-positive"
    },
    {
      "id": 30,
      "classification": "false-positive"
    },
    {
      "id": 31,
      "classification": "false-positive"
    },
    {
      "id": 32,
      "classification": "false-positive"
    },
    {
      "id": 33,
      "classification": "false-positive"
    },
    {
      "id": 34,
      "classification": "false-positive"
    },
    {
      "id": 35,
      "classification": "false-positive"
    },
    {
      "id": 36,
      "classification": "true-positive"
    },
    {
      "id": 37,
      "classification": "true-positive"
    },
    {
      "id": 38,
      "classification": "true-positive"
    },
    {
      "id": 39,
      "classification": "true-positive"
    },
    {
      "id": 40,
      "classification": "true-positive"
    },
    {
      "id": 41,
      "classification": "true-positive"
    },
    {
      "id": 42,
      "classification": "false-positive"
    },
    {
      "id": 43,
      "classification": "true-positive"
    },
    {
      "id": 44,
      "classification": "false-positive"
    },
    {
      "id": 45,
      "classification": "false-positive"
    },
    {
      "id": 46,
      "classification": "false-positive"
    },
    {
      "id": 47,
      "classification": "false-positive"
    },
    {
      "id": 48,
      "classification": "false-positive"
    },
    {
      "id": 49,
      "classification": "false-positive"
    },
    {
      "id": 50,
      "classification": "true-positive"
    },
    {
      "id": 51,
      "classification": "true-positive"
    }
  ]
}
2026-05-14 21:18:16,073 - api_testing.constraint.dynamic_constraints.invariant_extractor - INFO - Classifying invariants for endpoint: get-/api/v1/Bills/{billId} with 53 invariants
2026-05-14 21:18:16,073 - api_testing.constraint.dynamic_constraints.invariant_extractor - DEBUG - Classifying invariant: {'pptname': 'get-/api/v1/Bills/{billId}&get-/api/v1/Bills/{billId}&200&currentStage&stageSittings():::EXIT', 'invariant': 'input.billId == return.currentStage.stageSittings.billId', 'invariantType': 'daikon.inv.binary.twoScalar.IntEqual', 'variables': '(input.billId, return.billId)', 'postmanAssertion': 'pm.expect(input_billId).to.eql(return_billId)', 'variable': 'return.currentStage.stageSittings.billId', 'response_container_path': 'currentStage.stageSittings', 'endpoint': 'get-/api/v1/Bills/{billId}'}
2026-05-14 21:18:16,073 - api_testing.constraint.dynamic_constraints.invariant_extractor - DEBUG - Classifying invariant: {'pptname': 'get-/api/v1/Bills/{billId}&get-/api/v1/Bills/{billId}&200&currentStage&stageSittings():::EXIT', 'invariant': 'return.currentStage.stageSittings.id one of { 11316, 16219 }', 'invariantType': 'daikon.inv.unary.scalar.OneOfScalar', 'variables': '(return.id)', 'postmanAssertion': 'pm.expect([11316, 16219, 0].includes(return_id)).to.be.true', 'variable': 'return.currentStage.stageSittings.id', 'response_container_path': 'currentStage.stageSittings', 'endpoint': 'get-/api/v1/Bills/{billId}'}
2026-05-14 21:18:16,073 - api_testing.constraint.dynamic_constraints.invariant_extractor - DEBUG - Classifying invariant: {'pptname': 'get-/api/v1/Bills/{billId}&get-/api/v1/Bills/{billId}&200&currentStage&stageSittings():::EXIT', 'invariant': 'return.currentStage.stageSittings.stageId == 6', 'invariantType': 'daikon.inv.unary.scalar.OneOfScalar', 'variables': '(return.stageId)', 'postmanAssertion': 'pm.expect([6].includes(return_stageId)).to.be.true', 'variable': 'return.currentStage.stageSittings.stageId', 'response_container_path': 'currentStage.stageSittings', 'endpoint': 'get-/api/v1/Bills/{billId}'}
2026-05-14 21:18:16,073 - api_testing.constraint.dynamic_constraints.invariant_extractor - DEBUG - Classifying invariant: {'pptname': 'get-/api/v1/Bills/{billId}&get-/api/v1/Bills/{billId}&200&currentStage&stageSittings():::EXIT', 'invariant': 'return.currentStage.stageSittings.billStageId one of { 12455, 19137 }', 'invariantType': 'daikon.inv.unary.scalar.OneOfScalar', 'variables': '(return.billStageId)', 'postmanAssertion': 'pm.expect([12455, 19137, 0].includes(return_billStageId)).to.be.true', 'variable': 'return.currentStage.stageSittings.billStageId', 'response_container_path': 'currentStage.stageSittings', 'endpoint': 'get-/api/v1/Bills/{billId}'}
2026-05-14 21:18:16,073 - api_testing.constraint.dynamic_constraints.invariant_extractor - DEBUG - Classifying invariant: {'pptname': 'get-/api/v1/Bills/{billId}&get-/api/v1/Bills/{billId}&200&currentStage&stageSittings():::EXIT', 'invariant': 'return.currentStage.stageSittings.date one of { "2020-10-07T00:00:00", "2024-10-22T00:00:00" }', 'invariantType': 'daikon.inv.unary.string.OneOfString', 'variables': '(return.date)', 'postmanAssertion': 'pm.expect(["2020-10-07T00:00:00", "2024-10-22T00:00:00"].includes(return_date)).to.be.true', 'variable': 'return.currentStage.stageSittings.date', 'response_container_path': 'currentStage.stageSittings', 'endpoint': 'get-/api/v1/Bills/{billId}'}
2026-05-14 21:18:16,073 - api_testing.constraint.dynamic_constraints.invariant_extractor - DEBUG - Classifying invariant: {'pptname': 'get-/api/v1/Bills/{billId}&get-/api/v1/Bills/{billId}&200&currentStage&stageSittings():::EXIT', 'invariant': 'LENGTH(return.currentStage.stageSittings.date)==19', 'invariantType': 'daikon.inv.unary.string.FixedLengthString', 'variables': '(return.date)', 'postmanAssertion': 'pm.expect(return_date).to.have.length(19)', 'variable': 'return.currentStage.stageSittings.date', 'response_container_path': 'currentStage.stageSittings', 'endpoint': 'get-/api/v1/Bills/{billId}'}
2026-05-14 21:18:16,073 - api_testing.constraint.dynamic_constraints.invariant_extractor - DEBUG - Classifying invariant: {'pptname': 'get-/api/v1/Bills/{billId}&get-/api/v1/Bills/{billId}&200&sponsors():::EXIT', 'invariant': 'return.sponsors.member.memberId one of { 1581, 4789, 5081 }', 'invariantType': 'daikon.inv.unary.scalar.OneOfScalar', 'variables': '(return.member.memberId)', 'postmanAssertion': 'pm.expect([1581, 4789, 5081].includes(return_member_memberId)).to.be.true', 'variable': 'return.sponsors.member.memberId', 'response_container_path': 'sponsors', 'endpoint': 'get-/api/v1/Bills/{billId}'}
2026-05-14 21:18:16,073 - api_testing.constraint.dynamic_constraints.invariant_extractor - DEBUG - Classifying invariant: {'pptname': 'get-/api/v1/Bills/{billId}&get-/api/v1/Bills/{billId}&200&sponsors():::EXIT', 'invariant': 'return.sponsors.member.name one of { "Joe Morris", "Marco Longhi", "Mr Peter Bone" }', 'invariantType': 'daikon.inv.unary.string.OneOfString', 'variables': '(return.member.name)', 'postmanAssertion': 'pm.expect(["Joe Morris", "Marco Longhi", "Mr Peter Bone"].includes(return_member_name)).to.be.true', 'variable': 'return.sponsors.member.name', 'response_container_path': 'sponsors', 'endpoint': 'get-/api/v1/Bills/{billId}'}
2026-05-14 21:18:16,073 - api_testing.constraint.dynamic_constraints.invariant_extractor - DEBUG - Classifying invariant: {'pptname': 'get-/api/v1/Bills/{billId}&get-/api/v1/Bills/{billId}&200&sponsors():::EXIT', 'invariant': 'return.sponsors.member.party one of { "Conservative", "Labour" }', 'invariantType': 'daikon.inv.unary.string.OneOfString', 'variables': '(return.member.party)', 'postmanAssertion': 'pm.expect(["Conservative", "Labour"].includes(return_member_party)).to.be.true', 'variable': 'return.sponsors.member.party', 'response_container_path': 'sponsors', 'endpoint': 'get-/api/v1/Bills/{billId}'}
2026-05-14 21:18:16,073 - api_testing.constraint.dynamic_constraints.invariant_extractor - DEBUG - Classifying invariant: {'pptname': 'get-/api/v1/Bills/{billId}&get-/api/v1/Bills/{billId}&200&sponsors():::EXIT', 'invariant': 'return.sponsors.member.partyColour one of { "0063ba", "d50000" }', 'invariantType': 'daikon.inv.unary.string.OneOfString', 'variables': '(return.member.partyColour)', 'postmanAssertion': 'pm.expect(["0063ba", "d50000"].includes(return_member_partyColour)).to.be.true', 'variable': 'return.sponsors.member.partyColour', 'response_container_path': 'sponsors', 'endpoint': 'get-/api/v1/Bills/{billId}'}
2026-05-14 21:18:16,073 - api_testing.constraint.dynamic_constraints.invariant_extractor - DEBUG - Classifying invariant: {'pptname': 'get-/api/v1/Bills/{billId}&get-/api/v1/Bills/{billId}&200&sponsors():::EXIT', 'invariant': 'LENGTH(return.sponsors.member.partyColour)==6', 'invariantType': 'daikon.inv.unary.string.FixedLengthString', 'variables': '(return.member.partyColour)', 'postmanAssertion': 'pm.expect(return_member_partyColour).to.have.length(6)', 'variable': 'return.sponsors.member.partyColour', 'response_container_path': 'sponsors', 'endpoint': 'get-/api/v1/Bills/{billId}'}
2026-05-14 21:18:16,073 - api_testing.constraint.dynamic_constraints.invariant_extractor - DEBUG - Classifying invariant: {'pptname': 'get-/api/v1/Bills/{billId}&get-/api/v1/Bills/{billId}&200&sponsors():::EXIT', 'invariant': 'return.sponsors.member.house == "Commons"', 'invariantType': 'daikon.inv.unary.string.OneOfString', 'variables': '(return.member.house)', 'postmanAssertion': 'pm.expect(["Commons"].includes(return_member_house)).to.be.true', 'variable': 'return.sponsors.member.house', 'response_container_path': 'sponsors', 'endpoint': 'get-/api/v1/Bills/{billId}'}
2026-05-14 21:18:16,073 - api_testing.constraint.dynamic_constraints.invariant_extractor - DEBUG - Classifying invariant: {'pptname': 'get-/api/v1/Bills/{billId}&get-/api/v1/Bills/{billId}&200&sponsors():::EXIT', 'invariant': 'LENGTH(return.sponsors.member.house)==7', 'invariantType': 'daikon.inv.unary.string.FixedLengthString', 'variables': '(return.member.house)', 'postmanAssertion': 'pm.expect(return_member_house).to.have.length(7)', 'variable': 'return.sponsors.member.house', 'response_container_path': 'sponsors', 'endpoint': 'get-/api/v1/Bills/{billId}'}
2026-05-14 21:18:16,073 - api_testing.constraint.dynamic_constraints.invariant_extractor - DEBUG - Classifying invariant: {'pptname': 'get-/api/v1/Bills/{billId}&get-/api/v1/Bills/{billId}&200&sponsors():::EXIT', 'invariant': 'return.sponsors.member.memberPhoto one of { "https://members-api.parliament.uk/api/Members/1581/Thumbnail", "https://members-api.parliament.uk/api/Members/4789/Thumbnail", "https://members-api.parliament.uk/api/Members/5081/Thumbnail" }', 'invariantType': 'daikon.inv.unary.string.OneOfString', 'variables': '(return.member.memberPhoto)', 'postmanAssertion': 'pm.expect(["https://members-api.parliament.uk/api/Members/1581/Thumbnail", "https://members-api.parliament.uk/api/Members/4789/Thumbnail", "https://members-api.parliament.uk/api/Members/5081/Thumbnail"].includes(return_member_memberPhoto)).to.be.true', 'variable': 'return.sponsors.member.memberPhoto', 'response_container_path': 'sponsors', 'endpoint': 'get-/api/v1/Bills/{billId}'}
2026-05-14 21:18:16,073 - api_testing.constraint.dynamic_constraints.invariant_extractor - DEBUG - Classifying invariant: {'pptname': 'get-/api/v1/Bills/{billId}&get-/api/v1/Bills/{billId}&200&sponsors():::EXIT', 'invariant': 'LENGTH(return.sponsors.member.memberPhoto)==60', 'invariantType': 'daikon.inv.unary.string.FixedLengthString', 'variables': '(return.member.memberPhoto)', 'postmanAssertion': 'pm.expect(return_member_memberPhoto).to.have.length(60)', 'variable': 'return.sponsors.member.memberPhoto', 'response_container_path': 'sponsors', 'endpoint': 'get-/api/v1/Bills/{billId}'}
2026-05-14 21:18:16,073 - api_testing.constraint.dynamic_constraints.invariant_extractor - DEBUG - Classifying invariant: {'pptname': 'get-/api/v1/Bills/{billId}&get-/api/v1/Bills/{billId}&200&sponsors():::EXIT', 'invariant': 'return.sponsors.member.memberPhoto is Url', 'invariantType': 'daikon.inv.unary.string.IsUrl', 'variables': '(return.member.memberPhoto)', 'postmanAssertion': 'pm.expect(return_member_memberPhoto).to.match(/^(?:(?:https?|ftp):\\/\\/)(?:\\S+(?::\\S*)?@)?(?:(?!10(?:\\.\\d{1,3}){3})(?!127(?:\\.\\d{1,3}){3})(?!169\\.254(?:\\.\\d{1,3}){2})(?!192\\.168(?:\\.\\d{1,3}){2})(?!172\\.(?:1[6-9]|2\\d|3[0-1])(?:\\.\\d{1,3}){2})(?:[1-9]\\d?|1\\d\\d|2[01]\\d|22[0-3])(?:\\.(?:1?\\d{1,2}|2[0-4]\\d|25[0-5])){2}(?:\\.(?:[1-9]\\d?|1\\d\\d|2[0-4]\\d|25[0-4]))|(?:(?:[\\w\\u00a1-\\uffff0-9]+-?)*[\\w\\u00a1-\\uffff0-9]+)(?:\\.(?:[\\w\\u00a1-\\uffff0-9]+-)*[\\w\\u00a1-\\uffff0-9]+)*(?:\\.(?:[a-zA-Z\\u00a1-\\uffff]{2,})))(?::\\d{2,5})?(?:\\/[^\\s]*)?$/)', 'variable': 'return.sponsors.member.memberPhoto', 'response_container_path': 'sponsors', 'endpoint': 'get-/api/v1/Bills/{billId}'}
2026-05-14 21:18:16,073 - api_testing.constraint.dynamic_constraints.invariant_extractor - DEBUG - Classifying invariant: {'pptname': 'get-/api/v1/Bills/{billId}&get-/api/v1/Bills/{billId}&200&sponsors():::EXIT', 'invariant': 'return.sponsors.member.memberPage one of { "https://members.parliament.uk/member/1581/contact", "https://members.parliament.uk/member/4789/contact", "https://members.parliament.uk/member/5081/contact" }', 'invariantType': 'daikon.inv.unary.string.OneOfString', 'variables': '(return.member.memberPage)', 'postmanAssertion': 'pm.expect(["https://members.parliament.uk/member/1581/contact", "https://members.parliament.uk/member/4789/contact", "https://members.parliament.uk/member/5081/contact"].includes(return_member_memberPage)).to.be.true', 'variable': 'return.sponsors.member.memberPage', 'response_container_path': 'sponsors', 'endpoint': 'get-/api/v1/Bills/{billId}'}
2026-05-14 21:18:16,073 - api_testing.constraint.dynamic_constraints.invariant_extractor - DEBUG - Classifying invariant: {'pptname': 'get-/api/v1/Bills/{billId}&get-/api/v1/Bills/{billId}&200&sponsors():::EXIT', 'invariant': 'LENGTH(return.sponsors.member.memberPage)==49', 'invariantType': 'daikon.inv.unary.string.FixedLengthString', 'variables': '(return.member.memberPage)', 'postmanAssertion': 'pm.expect(return_member_memberPage).to.have.length(49)', 'variable': 'return.sponsors.member.memberPage', 'response_container_path': 'sponsors', 'endpoint': 'get-/api/v1/Bills/{billId}'}
2026-05-14 21:18:16,073 - api_testing.constraint.dynamic_constraints.invariant_extractor - DEBUG - Classifying invariant: {'pptname': 'get-/api/v1/Bills/{billId}&get-/api/v1/Bills/{billId}&200&sponsors():::EXIT', 'invariant': 'return.sponsors.member.memberPage is Url', 'invariantType': 'daikon.inv.unary.string.IsUrl', 'variables': '(return.member.memberPage)', 'postmanAssertion': 'pm.expect(return_member_memberPage).to.match(/^(?:(?:https?|ftp):\\/\\/)(?:\\S+(?::\\S*)?@)?(?:(?!10(?:\\.\\d{1,3}){3})(?!127(?:\\.\\d{1,3}){3})(?!169\\.254(?:\\.\\d{1,3}){2})(?!192\\.168(?:\\.\\d{1,3}){2})(?!172\\.(?:1[6-9]|2\\d|3[0-1])(?:\\.\\d{1,3}){2})(?:[1-9]\\d?|1\\d\\d|2[01]\\d|22[0-3])(?:\\.(?:1?\\d{1,2}|2[0-4]\\d|25[0-5])){2}(?:\\.(?:[1-9]\\d?|1\\d\\d|2[0-4]\\d|25[0-4]))|(?:(?:[\\w\\u00a1-\\uffff0-9]+-?)*[\\w\\u00a1-\\uffff0-9]+)(?:\\.(?:[\\w\\u00a1-\\uffff0-9]+-)*[\\w\\u00a1-\\uffff0-9]+)*(?:\\.(?:[a-zA-Z\\u00a1-\\uffff]{2,})))(?::\\d{2,5})?(?:\\/[^\\s]*)?$/)', 'variable': 'return.sponsors.member.memberPage', 'response_container_path': 'sponsors', 'endpoint': 'get-/api/v1/Bills/{billId}'}
2026-05-14 21:18:16,074 - api_testing.constraint.dynamic_constraints.invariant_extractor - DEBUG - Classifying invariant: {'pptname': 'get-/api/v1/Bills/{billId}&get-/api/v1/Bills/{billId}&200&sponsors():::EXIT', 'invariant': 'return.sponsors.member.memberFrom one of { "Dudley North", "Hexham", "Wellingborough" }', 'invariantType': 'daikon.inv.unary.string.OneOfString', 'variables': '(return.member.memberFrom)', 'postmanAssertion': 'pm.expect(["Dudley North", "Hexham", "Wellingborough"].includes(return_member_memberFrom)).to.be.true', 'variable': 'return.sponsors.member.memberFrom', 'response_container_path': 'sponsors', 'endpoint': 'get-/api/v1/Bills/{billId}'}
2026-05-14 21:18:16,074 - api_testing.constraint.dynamic_constraints.invariant_extractor - DEBUG - Classifying invariant: {'pptname': 'get-/api/v1/Bills/{billId}&get-/api/v1/Bills/{billId}&200&sponsors():::EXIT', 'invariant': 'return.sponsors.sortOrder == 1', 'invariantType': 'daikon.inv.unary.scalar.OneOfScalar', 'variables': '(return.sortOrder)', 'postmanAssertion': 'pm.expect([1].includes(return_sortOrder)).to.be.true', 'variable': 'return.sponsors.sortOrder', 'response_container_path': 'sponsors', 'endpoint': 'get-/api/v1/Bills/{billId}'}
2026-05-14 21:18:16,074 - api_testing.constraint.dynamic_constraints.invariant_extractor - DEBUG - Classifying invariant: {'pptname': 'get-/api/v1/Bills/{billId}&get-/api/v1/Bills/{billId}&200():::EXIT', 'invariant': 'input.billId == return.billId', 'invariantType': 'daikon.inv.binary.twoScalar.IntEqual', 'variables': '(input.billId, return.billId)', 'postmanAssertion': 'pm.expect(input_billId).to.eql(return_billId)', 'variable': 'return.billId', 'response_container_path': None, 'endpoint': 'get-/api/v1/Bills/{billId}'}
2026-05-14 21:18:16,074 - api_testing.constraint.dynamic_constraints.invariant_extractor - DEBUG - Classifying invariant: {'pptname': 'get-/api/v1/Bills/{billId}&get-/api/v1/Bills/{billId}&200():::EXIT', 'invariant': 'return.currentHouse == return.originatingHouse', 'invariantType': 'daikon.inv.binary.twoString.StringEqual', 'variables': '(return.currentHouse, return.originatingHouse)', 'postmanAssertion': 'pm.expect(return_currentHouse).to.eql(return_originatingHouse)', 'variable': 'return.currentHouse', 'response_container_path': None, 'endpoint': 'get-/api/v1/Bills/{billId}'}
2026-05-14 21:18:16,074 - api_testing.constraint.dynamic_constraints.invariant_extractor - DEBUG - Classifying invariant: {'pptname': 'get-/api/v1/Bills/{billId}&get-/api/v1/Bills/{billId}&200():::EXIT', 'invariant': 'return.currentHouse == return.currentStage.house', 'invariantType': 'daikon.inv.binary.twoString.StringEqual', 'variables': '(return.currentHouse, return.currentStage.house)', 'postmanAssertion': 'pm.expect(return_currentHouse).to.eql(return_currentStage_house)', 'variable': 'return.currentHouse', 'response_container_path': None, 'endpoint': 'get-/api/v1/Bills/{billId}'}
2026-05-14 21:18:16,074 - api_testing.constraint.dynamic_constraints.invariant_extractor - DEBUG - Classifying invariant: {'pptname': 'get-/api/v1/Bills/{billId}&get-/api/v1/Bills/{billId}&200():::EXIT', 'invariant': 'return.isDefeated == return.isAct', 'invariantType': 'daikon.inv.binary.twoScalar.IntEqual', 'variables': '(return.isDefeated, return.isAct)', 'postmanAssertion': 'pm.expect(return_isDefeated).to.eql(return_isAct)', 'variable': 'return.isDefeated', 'response_container_path': None, 'endpoint': 'get-/api/v1/Bills/{billId}'}
2026-05-14 21:18:16,074 - api_testing.constraint.dynamic_constraints.invariant_extractor - DEBUG - Classifying invariant: {'pptname': 'get-/api/v1/Bills/{billId}&get-/api/v1/Bills/{billId}&200():::EXIT', 'invariant': 'return.introducedSessionId == return.currentStage.sessionId', 'invariantType': 'daikon.inv.binary.twoScalar.IntEqual', 'variables': '(return.introducedSessionId, return.currentStage.sessionId)', 'postmanAssertion': 'pm.expect(return_introducedSessionId).to.eql(return_currentStage_sessionId)', 'variable': 'return.introducedSessionId', 'response_container_path': None, 'endpoint': 'get-/api/v1/Bills/{billId}'}
2026-05-14 21:18:16,074 - api_testing.constraint.dynamic_constraints.invariant_extractor - DEBUG - Classifying invariant: {'pptname': 'get-/api/v1/Bills/{billId}&get-/api/v1/Bills/{billId}&200():::EXIT', 'invariant': 'size(return.includedSessionIds[]) == size(return.sponsors[])', 'invariantType': 'daikon.inv.binary.twoScalar.IntEqual', 'variables': '(size(return.includedSessionIds[..]), size(return.sponsors[..]))', 'postmanAssertion': 'pm.expect(return_includedSessionIds_size_array).to.eql(return_sponsors_size_array)', 'variable': 'return.includedSessionIds', 'response_container_path': None, 'endpoint': 'get-/api/v1/Bills/{billId}'}
2026-05-14 21:18:16,074 - api_testing.constraint.dynamic_constraints.invariant_extractor - DEBUG - Classifying invariant: {'pptname': 'get-/api/v1/Bills/{billId}&get-/api/v1/Bills/{billId}&200():::EXIT', 'invariant': 'size(return.includedSessionIds[]) == size(return.sponsors[])', 'invariantType': 'daikon.inv.binary.twoScalar.IntEqual', 'variables': '(size(return.includedSessionIds[..]), size(return.sponsors[..]))', 'postmanAssertion': 'pm.expect(return_includedSessionIds_size_array).to.eql(return_sponsors_size_array)', 'variable': 'return.includedSessionIds', 'response_container_path': None, 'endpoint': 'get-/api/v1/Bills/{billId}'}
2026-05-14 21:18:16,074 - api_testing.constraint.dynamic_constraints.invariant_extractor - DEBUG - Classifying invariant: {'pptname': 'get-/api/v1/Bills/{billId}&get-/api/v1/Bills/{billId}&200():::EXIT', 'invariant': 'return.shortTitle one of { "Conveyancing Standards Bill", "Dogs (Protection of Livestock) (Amendment) (No. 2) Bill", "Human Trafficking (Child Protection) Bill" }', 'invariantType': 'daikon.inv.unary.string.OneOfString', 'variables': '(return.shortTitle)', 'postmanAssertion': 'pm.expect(["Conveyancing Standards Bill", "Dogs (Protection of Livestock) (Amendment) (No. 2) Bill", "Human Trafficking (Child Protection) Bill"].includes(return_shortTitle)).to.be.true', 'variable': 'return.shortTitle', 'response_container_path': None, 'endpoint': 'get-/api/v1/Bills/{billId}'}
2026-05-14 21:18:16,074 - api_testing.constraint.dynamic_constraints.invariant_extractor - DEBUG - Classifying invariant: {'pptname': 'get-/api/v1/Bills/{billId}&get-/api/v1/Bills/{billId}&200():::EXIT', 'invariant': 'return.currentHouse == "Commons"', 'invariantType': 'daikon.inv.unary.string.OneOfString', 'variables': '(return.currentHouse)', 'postmanAssertion': 'pm.expect(["Commons"].includes(return_currentHouse)).to.be.true', 'variable': 'return.currentHouse', 'response_container_path': None, 'endpoint': 'get-/api/v1/Bills/{billId}'}
2026-05-14 21:18:16,074 - api_testing.constraint.dynamic_constraints.invariant_extractor - DEBUG - Classifying invariant: {'pptname': 'get-/api/v1/Bills/{billId}&get-/api/v1/Bills/{billId}&200():::EXIT', 'invariant': 'LENGTH(return.currentHouse)==7', 'invariantType': 'daikon.inv.unary.string.FixedLengthString', 'variables': '(return.currentHouse)', 'postmanAssertion': 'pm.expect(return_currentHouse).to.have.length(7)', 'variable': 'return.currentHouse', 'response_container_path': None, 'endpoint': 'get-/api/v1/Bills/{billId}'}
2026-05-14 21:18:16,074 - api_testing.constraint.dynamic_constraints.invariant_extractor - DEBUG - Classifying invariant: {'pptname': 'get-/api/v1/Bills/{billId}&get-/api/v1/Bills/{billId}&200():::EXIT', 'invariant': 'return.lastUpdate one of { "2019-09-19T11:53:27", "2021-05-04T14:25:41.5133212", "2025-04-22T16:46:34.5773275" }', 'invariantType': 'daikon.inv.unary.string.OneOfString', 'variables': '(return.lastUpdate)', 'postmanAssertion': 'pm.expect(["2019-09-19T11:53:27", "2021-05-04T14:25:41.5133212", "2025-04-22T16:46:34.5773275"].includes(return_lastUpdate)).to.be.true', 'variable': 'return.lastUpdate', 'response_container_path': None, 'endpoint': 'get-/api/v1/Bills/{billId}'}
2026-05-14 21:18:16,074 - api_testing.constraint.dynamic_constraints.invariant_extractor - DEBUG - Classifying invariant: {'pptname': 'get-/api/v1/Bills/{billId}&get-/api/v1/Bills/{billId}&200():::EXIT', 'invariant': 'return.billWithdrawn one of { "2021-03-04T00:00:00", "2025-04-22T00:00:00" }', 'invariantType': 'daikon.inv.unary.string.OneOfString', 'variables': '(return.billWithdrawn)', 'postmanAssertion': 'pm.expect(["2021-03-04T00:00:00", "2025-04-22T00:00:00"].includes(return_billWithdrawn)).to.be.true', 'variable': 'return.billWithdrawn', 'response_container_path': None, 'endpoint': 'get-/api/v1/Bills/{billId}'}
2026-05-14 21:18:16,074 - api_testing.constraint.dynamic_constraints.invariant_extractor - DEBUG - Classifying invariant: {'pptname': 'get-/api/v1/Bills/{billId}&get-/api/v1/Bills/{billId}&200():::EXIT', 'invariant': 'LENGTH(return.billWithdrawn)==19', 'invariantType': 'daikon.inv.unary.string.FixedLengthString', 'variables': '(return.billWithdrawn)', 'postmanAssertion': 'pm.expect(return_billWithdrawn).to.have.length(19)', 'variable': 'return.billWithdrawn', 'response_container_path': None, 'endpoint': 'get-/api/v1/Bills/{billId}'}
2026-05-14 21:18:16,074 - api_testing.constraint.dynamic_constraints.invariant_extractor - DEBUG - Classifying invariant: {'pptname': 'get-/api/v1/Bills/{billId}&get-/api/v1/Bills/{billId}&200():::EXIT', 'invariant': 'return.isDefeated == 0', 'invariantType': 'daikon.inv.unary.scalar.OneOfScalar', 'variables': '(return.isDefeated)', 'postmanAssertion': 'pm.expect([0].includes(return_isDefeated)).to.be.true', 'variable': 'return.isDefeated', 'response_container_path': None, 'endpoint': 'get-/api/v1/Bills/{billId}'}
2026-05-14 21:18:16,074 - api_testing.constraint.dynamic_constraints.invariant_extractor - DEBUG - Classifying invariant: {'pptname': 'get-/api/v1/Bills/{billId}&get-/api/v1/Bills/{billId}&200():::EXIT', 'invariant': 'return.billTypeId one of { 5, 8 }', 'invariantType': 'daikon.inv.unary.scalar.OneOfScalar', 'variables': '(return.billTypeId)', 'postmanAssertion': 'pm.expect([5, 8, 0].includes(return_billTypeId)).to.be.true', 'variable': 'return.billTypeId', 'response_container_path': None, 'endpoint': 'get-/api/v1/Bills/{billId}'}
2026-05-14 21:18:16,074 - api_testing.constraint.dynamic_constraints.invariant_extractor - DEBUG - Classifying invariant: {'pptname': 'get-/api/v1/Bills/{billId}&get-/api/v1/Bills/{billId}&200():::EXIT', 'invariant': 'return.introducedSessionId one of { 30, 35, 39 }', 'invariantType': 'daikon.inv.unary.scalar.OneOfScalar', 'variables': '(return.introducedSessionId)', 'postmanAssertion': 'pm.expect([30, 35, 39].includes(return_introducedSessionId)).to.be.true', 'variable': 'return.introducedSessionId', 'response_container_path': None, 'endpoint': 'get-/api/v1/Bills/{billId}'}
2026-05-14 21:18:16,074 - api_testing.constraint.dynamic_constraints.invariant_extractor - DEBUG - Classifying invariant: {'pptname': 'get-/api/v1/Bills/{billId}&get-/api/v1/Bills/{billId}&200():::EXIT', 'invariant': 'return.includedSessionIds[] elements one of { 30, 35, 39 }', 'invariantType': 'daikon.inv.unary.sequence.EltOneOf', 'variables': '(return.includedSessionIds[..])', 'postmanAssertion': 'pm.expect(return_includedSessionIds_array.every(element => [30, 35, 39].includes(element))).to.be.true', 'variable': 'return.includedSessionIds', 'response_container_path': None, 'endpoint': 'get-/api/v1/Bills/{billId}'}
2026-05-14 21:18:16,074 - api_testing.constraint.dynamic_constraints.invariant_extractor - DEBUG - Classifying invariant: {'pptname': 'get-/api/v1/Bills/{billId}&get-/api/v1/Bills/{billId}&200():::EXIT', 'invariant': 'return.includedSessionIds[] one of { [30], [35], [39] }', 'invariantType': 'daikon.inv.unary.sequence.OneOfSequence', 'variables': '(return.includedSessionIds[..])', 'postmanAssertion': 'pm.expect([[30], [35], [39]].some(value => pm.expect(return_includedSessionIds_array).to.deep.equal(value).that)).to.be.true', 'variable': 'return.includedSessionIds', 'response_container_path': None, 'endpoint': 'get-/api/v1/Bills/{billId}'}
2026-05-14 21:18:16,074 - api_testing.constraint.dynamic_constraints.invariant_extractor - DEBUG - Classifying invariant: {'pptname': 'get-/api/v1/Bills/{billId}&get-/api/v1/Bills/{billId}&200():::EXIT', 'invariant': 'return.currentStage.id one of { 12455, 14885, 19137 }', 'invariantType': 'daikon.inv.unary.scalar.OneOfScalar', 'variables': '(return.currentStage.id)', 'postmanAssertion': 'pm.expect([12455, 14885, 19137].includes(return_currentStage_id)).to.be.true', 'variable': 'return.currentStage.id', 'response_container_path': None, 'endpoint': 'get-/api/v1/Bills/{billId}'}
2026-05-14 21:18:16,074 - api_testing.constraint.dynamic_constraints.invariant_extractor - DEBUG - Classifying invariant: {'pptname': 'get-/api/v1/Bills/{billId}&get-/api/v1/Bills/{billId}&200():::EXIT', 'invariant': 'return.currentStage.stageId one of { 6, 7 }', 'invariantType': 'daikon.inv.unary.scalar.OneOfScalar', 'variables': '(return.currentStage.stageId)', 'postmanAssertion': 'pm.expect([6, 7, 0].includes(return_currentStage_stageId)).to.be.true', 'variable': 'return.currentStage.stageId', 'response_container_path': None, 'endpoint': 'get-/api/v1/Bills/{billId}'}
2026-05-14 21:18:16,074 - api_testing.constraint.dynamic_constraints.invariant_extractor - DEBUG - Classifying invariant: {'pptname': 'get-/api/v1/Bills/{billId}&get-/api/v1/Bills/{billId}&200():::EXIT', 'invariant': 'return.currentStage.description one of { "1st reading", "2nd reading" }', 'invariantType': 'daikon.inv.unary.string.OneOfString', 'variables': '(return.currentStage.description)', 'postmanAssertion': 'pm.expect(["1st reading", "2nd reading"].includes(return_currentStage_description)).to.be.true', 'variable': 'return.currentStage.description', 'response_container_path': None, 'endpoint': 'get-/api/v1/Bills/{billId}'}
2026-05-14 21:18:16,074 - api_testing.constraint.dynamic_constraints.invariant_extractor - DEBUG - Classifying invariant: {'pptname': 'get-/api/v1/Bills/{billId}&get-/api/v1/Bills/{billId}&200():::EXIT', 'invariant': 'LENGTH(return.currentStage.description)==11', 'invariantType': 'daikon.inv.unary.string.FixedLengthString', 'variables': '(return.currentStage.description)', 'postmanAssertion': 'pm.expect(return_currentStage_description).to.have.length(11)', 'variable': 'return.currentStage.description', 'response_container_path': None, 'endpoint': 'get-/api/v1/Bills/{billId}'}
2026-05-14 21:18:16,074 - api_testing.constraint.dynamic_constraints.invariant_extractor - DEBUG - Classifying invariant: {'pptname': 'get-/api/v1/Bills/{billId}&get-/api/v1/Bills/{billId}&200():::EXIT', 'invariant': 'return.currentStage.abbreviation one of { "1R", "2R" }', 'invariantType': 'daikon.inv.unary.string.OneOfString', 'variables': '(return.currentStage.abbreviation)', 'postmanAssertion': 'pm.expect(["1R", "2R"].includes(return_currentStage_abbreviation)).to.be.true', 'variable': 'return.currentStage.abbreviation', 'response_container_path': None, 'endpoint': 'get-/api/v1/Bills/{billId}'}
2026-05-14 21:18:16,074 - api_testing.constraint.dynamic_constraints.invariant_extractor - DEBUG - Classifying invariant: {'pptname': 'get-/api/v1/Bills/{billId}&get-/api/v1/Bills/{billId}&200():::EXIT', 'invariant': 'LENGTH(return.currentStage.abbreviation)==2', 'invariantType': 'daikon.inv.unary.string.FixedLengthString', 'variables': '(return.currentStage.abbreviation)', 'postmanAssertion': 'pm.expect(return_currentStage_abbreviation).to.have.length(2)', 'variable': 'return.currentStage.abbreviation', 'response_container_path': None, 'endpoint': 'get-/api/v1/Bills/{billId}'}
2026-05-14 21:18:16,074 - api_testing.constraint.dynamic_constraints.invariant_extractor - DEBUG - Classifying invariant: {'pptname': 'get-/api/v1/Bills/{billId}&get-/api/v1/Bills/{billId}&200():::EXIT', 'invariant': 'return.currentStage.sortOrder one of { 1, 2 }', 'invariantType': 'daikon.inv.unary.scalar.OneOfScalar', 'variables': '(return.currentStage.sortOrder)', 'postmanAssertion': 'pm.expect([1, 2, 0].includes(return_currentStage_sortOrder)).to.be.true', 'variable': 'return.currentStage.sortOrder', 'response_container_path': None, 'endpoint': 'get-/api/v1/Bills/{billId}'}
2026-05-14 21:18:16,074 - api_testing.constraint.dynamic_constraints.invariant_extractor - DEBUG - Classifying invariant: {'pptname': 'get-/api/v1/Bills/{billId}&get-/api/v1/Bills/{billId}&200():::EXIT', 'invariant': 'return.longTitle one of { "A Bill to establish minimum standards regarding searches and assessments of risk for solicitors and licensed conveyancers acting on behalf of purchasers of residential properties; and for connected purposes.", "A Bill to make provision changing the law about the offence of livestock worrying, including changes to what constitutes an offence and increased powers for investigation of suspected offences; and for connected purposes.", "A Bill to make provision for the creation of secure safe houses for children that have been subject to human trafficking; and for connected purposes." }', 'invariantType': 'daikon.inv.unary.string.OneOfString', 'variables': '(return.longTitle)', 'postmanAssertion': 'pm.expect(["A Bill to establish minimum standards regarding searches and assessments of risk for solicitors and licensed conveyancers acting on behalf of purchasers of residential properties; and for connected purposes.", "A Bill to make provision changing the law about the offence of livestock worrying, including changes to what constitutes an offence and increased powers for investigation of suspected offences; and for connected purposes.", "A Bill to make provision for the creation of secure safe houses for children that have been subject to human trafficking; and for connected purposes."].includes(return_longTitle)).to.be.true', 'variable': 'return.longTitle', 'response_container_path': None, 'endpoint': 'get-/api/v1/Bills/{billId}'}
2026-05-14 21:18:16,074 - api_testing.constraint.dynamic_constraints.invariant_extractor - DEBUG - Classifying invariant: {'pptname': 'get-/api/v1/Bills/{billId}&get-/api/v1/Bills/{billId}&200():::EXIT', 'invariant': 'return.promoters[] == []', 'invariantType': 'daikon.inv.unary.sequence.OneOfSequence', 'variables': '(return.promoters[..])', 'postmanAssertion': 'pm.expect([[]].some(value => pm.expect(return_promoters_array).to.deep.equal(value).that)).to.be.true', 'variable': 'return.promoters', 'response_container_path': None, 'endpoint': 'get-/api/v1/Bills/{billId}'}
2026-05-14 21:18:16,074 - api_testing.constraint.dynamic_constraints.invariant_extractor - DEBUG - Classifying invariant: {'pptname': 'get-/api/v1/Bills/{billId}&get-/api/v1/Bills/{billId}&200():::EXIT', 'invariant': 'size(return.includedSessionIds[]) == 1', 'invariantType': 'daikon.inv.unary.scalar.OneOfScalar', 'variables': '(size(return.includedSessionIds[..]))', 'postmanAssertion': 'pm.expect([1].includes(return_includedSessionIds_size_array)).to.be.true', 'variable': 'return.includedSessionIds', 'response_container_path': None, 'endpoint': 'get-/api/v1/Bills/{billId}'}
2026-05-14 21:18:16,074 - api_testing.constraint.dynamic_constraints.invariant_extractor - DEBUG - Classifying invariant: {'pptname': 'get-/api/v1/Bills/{billId}&get-/api/v1/Bills/{billId}&200():::EXIT', 'invariant': 'size(return.currentStage.stageSittings[]) one of { 0, 1 }', 'invariantType': 'daikon.inv.unary.scalar.OneOfScalar', 'variables': '(size(return.currentStage.stageSittings[..]))', 'postmanAssertion': 'pm.expect([0, 1, 0].includes(return_currentStage_stageSittings_size_array)).to.be.true', 'variable': 'return.currentStage.stageSittings', 'response_container_path': None, 'endpoint': 'get-/api/v1/Bills/{billId}'}
2026-05-14 21:18:16,074 - api_testing.constraint.dynamic_constraints.invariant_extractor - DEBUG - Classifying invariant: {'pptname': 'get-/api/v1/Bills/{billId}&get-/api/v1/Bills/{billId}&200():::EXIT', 'invariant': 'return.includedSessionIds[] elements == return.introducedSessionId', 'invariantType': 'daikon.inv.binary.sequenceScalar.SeqIntEqual', 'variables': '(return.introducedSessionId, return.includedSessionIds[..])', 'postmanAssertion': 'pm.expect(return_includedSessionIds_array.every(element => element == return_introducedSessionId)).to.be.true', 'variable': 'return.introducedSessionId', 'response_container_path': None, 'endpoint': 'get-/api/v1/Bills/{billId}'}
2026-05-14 21:18:16,074 - api_testing.constraint.dynamic_constraints.invariant_extractor - DEBUG - Classifying invariant: {'pptname': 'get-/api/v1/Bills/{billId}&get-/api/v1/Bills/{billId}&200():::EXIT', 'invariant': 'return.introducedSessionId in return.includedSessionIds[]', 'invariantType': 'daikon.inv.binary.sequenceScalar.Member', 'variables': '(return.introducedSessionId, return.includedSessionIds[..])', 'postmanAssertion': 'pm.expect(return_includedSessionIds_array.includes(return_introducedSessionId)).to.be.true', 'variable': 'return.introducedSessionId', 'response_container_path': None, 'endpoint': 'get-/api/v1/Bills/{billId}'}
2026-05-14 21:18:16,074 - api_testing.constraint.dynamic_constraints.invariant_extractor - DEBUG - Classifying invariant: {'pptname': 'get-/api/v1/Bills/{billId}&get-/api/v1/Bills/{billId}&200():::EXIT', 'invariant': 'size(return.currentStage.stageSittings[]) >= size(return.promoters[])', 'invariantType': 'daikon.inv.binary.twoScalar.IntGreaterEqual', 'variables': '(size(return.currentStage.stageSittings[..]), size(return.promoters[..]))', 'postmanAssertion': 'pm.expect(return_currentStage_stageSittings_size_array).to.be.at.least(return_promoters_size_array)', 'variable': 'return.currentStage.stageSittings', 'response_container_path': None, 'endpoint': 'get-/api/v1/Bills/{billId}'}
2026-05-14 21:18:16,075 - api_testing.constraint.dynamic_constraints.invariant_extractor - DEBUG - InvariantClassification Prompt: Is the following invariants for a REST endpoint "true - positive" or "false - positive"?
Endpoint: GET /api/v1/Bills/{billId}
Description: Return a Bill.
Parameters:
- billId : a integer to describe Bill with ID specified, format int32, minimum: 1
Responses:
- billId : a integer, format int32
- shortTitle : a string
- formerShortTitle : a string
- currentHouse : a string, values in of ['All', 'Commons', 'Lords', 'Unassigned']
- originatingHouse : a string, values in of ['All', 'Commons', 'Lords', 'Unassigned']
- lastUpdate : a string, format date-time
- billWithdrawn : a string, format date-time
- isDefeated : a boolean
- billTypeId : a integer, format int32
- introducedSessionId : a integer, format int32
- includedSessionIds : array of Bill object
- isAct : a boolean
- currentStage.id : a integer, format int32
- currentStage.stageId : a integer, format int32
- currentStage.sessionId : a integer, format int32
- currentStage.description : a string
- currentStage.abbreviation : a string
- currentStage.house : a string, values in of ['All', 'Commons', 'Lords', 'Unassigned']
- currentStage.stageSittings.id : a integer, format int32
- currentStage.stageSittings.stageId : a integer, format int32
- currentStage.stageSittings.billStageId : a integer, format int32
- currentStage.stageSittings.billId : a integer, format int32
- currentStage.stageSittings.date : a string, format date-time
- currentStage.sortOrder : a integer, format int32
- longTitle : a string
- summary : a string
- sponsors.member.memberId : a integer, format int32
- sponsors.member.name : a string
- sponsors.member.party : a string
- sponsors.member.partyColour : a string
- sponsors.member.house : a string, values in of ['All', 'Commons', 'Lords', 'Unassigned']
- sponsors.member.memberPhoto : a string
- sponsors.member.memberPage : a string
- sponsors.member.memberFrom : a string
- sponsors.organisation.name : a string
- sponsors.organisation.url : a string
- sponsors.sortOrder : a integer, format int32
- promoters.organisationName : a string
- promoters.organisationUrl : a string
- petitioningPeriod : a string
- petitionInformation : a string
- agent.name : a string
- agent.address : a string
- agent.phoneNo : a string
- agent.email : a string
- agent.website : a string
Invariants: 
#1: Invariant: input.billId == return.currentStage.stageSittings.billId
Invariant Type: daikon.inv.binary.twoScalar.IntEqual 
Invariant description: Represents an invariant of == between two long scalars. Prints as x == y.
The return fields refer to the path currentStage.stageSittings in the response body .
#2: Invariant: return.currentStage.stageSittings.id one of { 11316, 16219 }
Invariant Type: daikon.inv.unary.scalar.OneOfScalar 
Invariant description: Represents long variables that take on only a few distinct values. Prints as either x == c (when there is only one value) or as x one of {c1, c2, c3} (when there are multiple values).
The return fields refer to the path currentStage.stageSittings in the response body .
#3: Invariant: return.currentStage.stageSittings.stageId == 6
Invariant Type: daikon.inv.unary.scalar.OneOfScalar 
Invariant description: Represents long variables that take on only a few distinct values. Prints as either x == c (when there is only one value) or as x one of {c1, c2, c3} (when there are multiple values).
The return fields refer to the path currentStage.stageSittings in the response body .
#4: Invariant: return.currentStage.stageSittings.billStageId one of { 12455, 19137 }
Invariant Type: daikon.inv.unary.scalar.OneOfScalar 
Invariant description: Represents long variables that take on only a few distinct values. Prints as either x == c (when there is only one value) or as x one of {c1, c2, c3} (when there are multiple values).
The return fields refer to the path currentStage.stageSittings in the response body .
#5: Invariant: return.currentStage.stageSittings.date one of { "2020-10-07T00:00:00", "2024-10-22T00:00:00" }
Invariant Type: daikon.inv.unary.string.OneOfString 
Invariant description: Represents String variables that take on only a few distinct values. Prints as either x == c (when there is only one value) or as x one of {c1, c2, c3} (when there are multiple values).
The return fields refer to the path currentStage.stageSittings in the response body .
#6: Invariant: LENGTH(return.currentStage.stageSittings.date)==19
Invariant Type: daikon.inv.unary.string.FixedLengthString 
Invariant description: Indicates that the value of a string variable always has a fixed length n. Represented as LENGTH(x)==n.
The return fields refer to the path currentStage.stageSittings in the response body .
#7: Invariant: return.sponsors.member.memberId one of { 1581, 4789, 5081 }
Invariant Type: daikon.inv.unary.scalar.OneOfScalar 
Invariant description: Represents long variables that take on only a few distinct values. Prints as either x == c (when there is only one value) or as x one of {c1, c2, c3} (when there are multiple values).
The return fields refer to the path sponsors in the response body .
#8: Invariant: return.sponsors.member.name one of { "Joe Morris", "Marco Longhi", "Mr Peter Bone" }
Invariant Type: daikon.inv.unary.string.OneOfString 
Invariant description: Represents String variables that take on only a few distinct values. Prints as either x == c (when there is only one value) or as x one of {c1, c2, c3} (when there are multiple values).
The return fields refer to the path sponsors in the response body .
#9: Invariant: return.sponsors.member.party one of { "Conservative", "Labour" }
Invariant Type: daikon.inv.unary.string.OneOfString 
Invariant description: Represents String variables that take on only a few distinct values. Prints as either x == c (when there is only one value) or as x one of {c1, c2, c3} (when there are multiple values).
The return fields refer to the path sponsors in the response body .
#10: Invariant: return.sponsors.member.partyColour one of { "0063ba", "d50000" }
Invariant Type: daikon.inv.unary.string.OneOfString 
Invariant description: Represents String variables that take on only a few distinct values. Prints as either x == c (when there is only one value) or as x one of {c1, c2, c3} (when there are multiple values).
The return fields refer to the path sponsors in the response body .
#11: Invariant: LENGTH(return.sponsors.member.partyColour)==6
Invariant Type: daikon.inv.unary.string.FixedLengthString 
Invariant description: Indicates that the value of a string variable always has a fixed length n. Represented as LENGTH(x)==n.
The return fields refer to the path sponsors in the response body .
#12: Invariant: return.sponsors.member.house == "Commons"
Invariant Type: daikon.inv.unary.string.OneOfString 
Invariant description: Represents String variables that take on only a few distinct values. Prints as either x == c (when there is only one value) or as x one of {c1, c2, c3} (when there are multiple values).
The return fields refer to the path sponsors in the response body .
#13: Invariant: LENGTH(return.sponsors.member.house)==7
Invariant Type: daikon.inv.unary.string.FixedLengthString 
Invariant description: Indicates that the value of a string variable always has a fixed length n. Represented as LENGTH(x)==n.
The return fields refer to the path sponsors in the response body .
#14: Invariant: return.sponsors.member.memberPhoto one of { "https://members-api.parliament.uk/api/Members/1581/Thumbnail", "https://members-api.parliament.uk/api/Members/4789/Thumbnail", "https://members-api.parliament.uk/api/Members/5081/Thumbnail" }
Invariant Type: daikon.inv.unary.string.OneOfString 
Invariant description: Represents String variables that take on only a few distinct values. Prints as either x == c (when there is only one value) or as x one of {c1, c2, c3} (when there are multiple values).
The return fields refer to the path sponsors in the response body .
#15: Invariant: LENGTH(return.sponsors.member.memberPhoto)==60
Invariant Type: daikon.inv.unary.string.FixedLengthString 
Invariant description: Indicates that the value of a string variable always has a fixed length n. Represented as LENGTH(x)==n.
The return fields refer to the path sponsors in the response body .
#16: Invariant: return.sponsors.member.memberPhoto is Url
Invariant Type: daikon.inv.unary.string.IsUrl 
Invariant description: Indicates that the value of a string variable is always a URL. Represented as x is Url.
The return fields refer to the path sponsors in the response body .
#17: Invariant: return.sponsors.member.memberPage one of { "https://members.parliament.uk/member/1581/contact", "https://members.parliament.uk/member/4789/contact", "https://members.parliament.uk/member/5081/contact" }
Invariant Type: daikon.inv.unary.string.OneOfString 
Invariant description: Represents String variables that take on only a few distinct values. Prints as either x == c (when there is only one value) or as x one of {c1, c2, c3} (when there are multiple values).
The return fields refer to the path sponsors in the response body .
#18: Invariant: LENGTH(return.sponsors.member.memberPage)==49
Invariant Type: daikon.inv.unary.string.FixedLengthString 
Invariant description: Indicates that the value of a string variable always has a fixed length n. Represented as LENGTH(x)==n.
The return fields refer to the path sponsors in the response body .
#19: Invariant: return.sponsors.member.memberPage is Url
Invariant Type: daikon.inv.unary.string.IsUrl 
Invariant description: Indicates that the value of a string variable is always a URL. Represented as x is Url.
The return fields refer to the path sponsors in the response body .
#20: Invariant: return.sponsors.member.memberFrom one of { "Dudley North", "Hexham", "Wellingborough" }
Invariant Type: daikon.inv.unary.string.OneOfString 
Invariant description: Represents String variables that take on only a few distinct values. Prints as either x == c (when there is only one value) or as x one of {c1, c2, c3} (when there are multiple values).
The return fields refer to the path sponsors in the response body .
#21: Invariant: return.sponsors.sortOrder == 1
Invariant Type: daikon.inv.unary.scalar.OneOfScalar 
Invariant description: Represents long variables that take on only a few distinct values. Prints as either x == c (when there is only one value) or as x one of {c1, c2, c3} (when there are multiple values).
The return fields refer to the path sponsors in the response body .
#22: Invariant: input.billId == return.billId
Invariant Type: daikon.inv.binary.twoScalar.IntEqual 
Invariant description: Represents an invariant of == between two long scalars. Prints as x == y.
The return fields refer to the path __ROOT__ in the response body .
#23: Invariant: return.currentHouse == return.originatingHouse
Invariant Type: daikon.inv.binary.twoString.StringEqual 
Invariant description: Represents an invariant of == between two String scalars. Prints as x == y.
The return fields refer to the path __ROOT__ in the response body .
#24: Invariant: return.currentHouse == return.currentStage.house
Invariant Type: daikon.inv.binary.twoString.StringEqual 
Invariant description: Represents an invariant of == between two String scalars. Prints as x == y.
The return fields refer to the path __ROOT__ in the response body .
#25: Invariant: return.isDefeated == return.isAct
Invariant Type: daikon.inv.binary.twoScalar.IntEqual 
Invariant description: Represents an invariant of == between two long scalars. Prints as x == y.
The return fields refer to the path __ROOT__ in the response body .
#26: Invariant: return.introducedSessionId == return.currentStage.sessionId
Invariant Type: daikon.inv.binary.twoScalar.IntEqual 
Invariant description: Represents an invariant of == between two long scalars. Prints as x == y.
The return fields refer to the path __ROOT__ in the response body .
#27: Invariant: size(return.includedSessionIds[]) == size(return.sponsors[])
Invariant Type: daikon.inv.binary.twoScalar.IntEqual 
Invariant description: Represents an invariant of == between two long scalars. Prints as x == y.
The return fields refer to the path __ROOT__ in the response body .
#28: Invariant: size(return.includedSessionIds[]) == size(return.sponsors[])
Invariant Type: daikon.inv.binary.twoScalar.IntEqual 
Invariant description: Represents an invariant of == between two long scalars. Prints as x == y.
The return fields refer to the path __ROOT__ in the response body .
#29: Invariant: return.shortTitle one of { "Conveyancing Standards Bill", "Dogs (Protection of Livestock) (Amendment) (No. 2) Bill", "Human Trafficking (Child Protection) Bill" }
Invariant Type: daikon.inv.unary.string.OneOfString 
Invariant description: Represents String variables that take on only a few distinct values. Prints as either x == c (when there is only one value) or as x one of {c1, c2, c3} (when there are multiple values).
The return fields refer to the path __ROOT__ in the response body .
#30: Invariant: return.currentHouse == "Commons"
Invariant Type: daikon.inv.unary.string.OneOfString 
Invariant description: Represents String variables that take on only a few distinct values. Prints as either x == c (when there is only one value) or as x one of {c1, c2, c3} (when there are multiple values).
The return fields refer to the path __ROOT__ in the response body .
#31: Invariant: LENGTH(return.currentHouse)==7
Invariant Type: daikon.inv.unary.string.FixedLengthString 
Invariant description: Indicates that the value of a string variable always has a fixed length n. Represented as LENGTH(x)==n.
The return fields refer to the path __ROOT__ in the response body .
#32: Invariant: return.lastUpdate one of { "2019-09-19T11:53:27", "2021-05-04T14:25:41.5133212", "2025-04-22T16:46:34.5773275" }
Invariant Type: daikon.inv.unary.string.OneOfString 
Invariant description: Represents String variables that take on only a few distinct values. Prints as either x == c (when there is only one value) or as x one of {c1, c2, c3} (when there are multiple values).
The return fields refer to the path __ROOT__ in the response body .
#33: Invariant: return.billWithdrawn one of { "2021-03-04T00:00:00", "2025-04-22T00:00:00" }
Invariant Type: daikon.inv.unary.string.OneOfString 
Invariant description: Represents String variables that take on only a few distinct values. Prints as either x == c (when there is only one value) or as x one of {c1, c2, c3} (when there are multiple values).
The return fields refer to the path __ROOT__ in the response body .
#34: Invariant: LENGTH(return.billWithdrawn)==19
Invariant Type: daikon.inv.unary.string.FixedLengthString 
Invariant description: Indicates that the value of a string variable always has a fixed length n. Represented as LENGTH(x)==n.
The return fields refer to the path __ROOT__ in the response body .
#35: Invariant: return.isDefeated == 0
Invariant Type: daikon.inv.unary.scalar.OneOfScalar 
Invariant description: Represents long variables that take on only a few distinct values. Prints as either x == c (when there is only one value) or as x one of {c1, c2, c3} (when there are multiple values).
The return fields refer to the path __ROOT__ in the response body .
#36: Invariant: return.billTypeId one of { 5, 8 }
Invariant Type: daikon.inv.unary.scalar.OneOfScalar 
Invariant description: Represents long variables that take on only a few distinct values. Prints as either x == c (when there is only one value) or as x one of {c1, c2, c3} (when there are multiple values).
The return fields refer to the path __ROOT__ in the response body .
#37: Invariant: return.introducedSessionId one of { 30, 35, 39 }
Invariant Type: daikon.inv.unary.scalar.OneOfScalar 
Invariant description: Represents long variables that take on only a few distinct values. Prints as either x == c (when there is only one value) or as x one of {c1, c2, c3} (when there are multiple values).
The return fields refer to the path __ROOT__ in the response body .
#38: Invariant: return.includedSessionIds[] elements one of { 30, 35, 39 }
Invariant Type: daikon.inv.unary.sequence.EltOneOf 
Invariant description: No description available.
The return fields refer to the path __ROOT__ in the response body .
#39: Invariant: return.includedSessionIds[] one of { [30], [35], [39] }
Invariant Type: daikon.inv.unary.sequence.OneOfSequence 
Invariant description: Represents long[] variables that take on only a few distinct values. Prints as either x == c (when there is only one value) or as x one of {c1, c2, c3} (when there are multiple values).
The return fields refer to the path __ROOT__ in the response body .
#40: Invariant: return.currentStage.id one of { 12455, 14885, 19137 }
Invariant Type: daikon.inv.unary.scalar.OneOfScalar 
Invariant description: Represents long variables that take on only a few distinct values. Prints as either x == c (when there is only one value) or as x one of {c1, c2, c3} (when there are multiple values).
The return fields refer to the path __ROOT__ in the response body .
#41: Invariant: return.currentStage.stageId one of { 6, 7 }
Invariant Type: daikon.inv.unary.scalar.OneOfScalar 
Invariant description: Represents long variables that take on only a few distinct values. Prints as either x == c (when there is only one value) or as x one of {c1, c2, c3} (when there are multiple values).
The return fields refer to the path __ROOT__ in the response body .
#42: Invariant: return.currentStage.description one of { "1st reading", "2nd reading" }
Invariant Type: daikon.inv.unary.string.OneOfString 
Invariant description: Represents String variables that take on only a few distinct values. Prints as either x == c (when there is only one value) or as x one of {c1, c2, c3} (when there are multiple values).
The return fields refer to the path __ROOT__ in the response body .
#43: Invariant: LENGTH(return.currentStage.description)==11
Invariant Type: daikon.inv.unary.string.FixedLengthString 
Invariant description: Indicates that the value of a string variable always has a fixed length n. Represented as LENGTH(x)==n.
The return fields refer to the path __ROOT__ in the response body .
#44: Invariant: return.currentStage.abbreviation one of { "1R", "2R" }
Invariant Type: daikon.inv.unary.string.OneOfString 
Invariant description: Represents String variables that take on only a few distinct values. Prints as either x == c (when there is only one value) or as x one of {c1, c2, c3} (when there are multiple values).
The return fields refer to the path __ROOT__ in the response body .
#45: Invariant: LENGTH(return.currentStage.abbreviation)==2
Invariant Type: daikon.inv.unary.string.FixedLengthString 
Invariant description: Indicates that the value of a string variable always has a fixed length n. Represented as LENGTH(x)==n.
The return fields refer to the path __ROOT__ in the response body .
#46: Invariant: return.currentStage.sortOrder one of { 1, 2 }
Invariant Type: daikon.inv.unary.scalar.OneOfScalar 
Invariant description: Represents long variables that take on only a few distinct values. Prints as either x == c (when there is only one value) or as x one of {c1, c2, c3} (when there are multiple values).
The return fields refer to the path __ROOT__ in the response body .
#47: Invariant: return.longTitle one of { "A Bill to establish minimum standards regarding searches and assessments of risk for solicitors and licensed conveyancers acting on behalf of purchasers of residential properties; and for connected purposes.", "A Bill to make provision changing the law about the offence of livestock worrying, including changes to what constitutes an offence and increased powers for investigation of suspected offences; and for connected purposes.", "A Bill to make provision for the creation of secure safe houses for children that have been subject to human trafficking; and for connected purposes." }
Invariant Type: daikon.inv.unary.string.OneOfString 
Invariant description: Represents String variables that take on only a few distinct values. Prints as either x == c (when there is only one value) or as x one of {c1, c2, c3} (when there are multiple values).
The return fields refer to the path __ROOT__ in the response body .
#48: Invariant: return.promoters[] == []
Invariant Type: daikon.inv.unary.sequence.OneOfSequence 
Invariant description: Represents long[] variables that take on only a few distinct values. Prints as either x == c (when there is only one value) or as x one of {c1, c2, c3} (when there are multiple values).
The return fields refer to the path __ROOT__ in the response body .
#49: Invariant: size(return.includedSessionIds[]) == 1
Invariant Type: daikon.inv.unary.scalar.OneOfScalar 
Invariant description: Represents long variables that take on only a few distinct values. Prints as either x == c (when there is only one value) or as x one of {c1, c2, c3} (when there are multiple values).
The return fields refer to the path __ROOT__ in the response body .
#50: Invariant: size(return.currentStage.stageSittings[]) one of { 0, 1 }
Invariant Type: daikon.inv.unary.scalar.OneOfScalar 
Invariant description: Represents long variables that take on only a few distinct values. Prints as either x == c (when there is only one value) or as x one of {c1, c2, c3} (when there are multiple values).
The return fields refer to the path __ROOT__ in the response body .
#51: Invariant: return.includedSessionIds[] elements == return.introducedSessionId
Invariant Type: daikon.inv.binary.sequenceScalar.SeqIntEqual 
Invariant description: Represents an invariant between a long scalar and a a sequence of long values. Prints as x[] elements == y where x is a long sequence and y is a long scalar.
The return fields refer to the path __ROOT__ in the response body .
#52: Invariant: return.introducedSessionId in return.includedSessionIds[]
Invariant Type: daikon.inv.binary.sequenceScalar.Member 
Invariant description: No description available.
The return fields refer to the path __ROOT__ in the response body .
#53: Invariant: size(return.currentStage.stageSittings[]) >= size(return.promoters[])
Invariant Type: daikon.inv.binary.twoScalar.IntGreaterEqual 
Invariant description: Represents an invariant of >= between two long scalars. Prints as x >= y.
The return fields refer to the path __ROOT__ in the response body .
The invariant is classified as "true - positive" if it holds for every valid request on the API, and "false - positive" if it does not hold for every valid request on the API.
2026-05-14 21:18:28,889 - api_testing.constraint.dynamic_constraints.invariant_extractor - DEBUG - InvariantClassification Response: {
  "datas": [
    {
      "id": 1,
      "classification": "true-positive"
    },
    {
      "id": 2,
      "classification": "false-positive"
    },
    {
      "id": 3,
      "classification": "false-positive"
    },
    {
      "id": 4,
      "classification": "false-positive"
    },
    {
      "id": 5,
      "classification": "false-positive"
    },
    {
      "id": 6,
      "classification": "true-positive"
    },
    {
      "id": 7,
      "classification": "false-positive"
    },
    {
      "id": 8,
      "classification": "false-positive"
    },
    {
      "id": 9,
      "classification": "false-positive"
    },
    {
      "id": 10,
      "classification": "false-positive"
    },
    {
      "id": 11,
      "classification": "true-positive"
    },
    {
      "id": 12,
      "classification": "false-positive"
    },
    {
      "id": 13,
      "classification": "true-positive"
    },
    {
      "id": 14,
      "classification": "false-positive"
    },
    {
      "id": 15,
      "classification": "true-positive"
    },
    {
      "id": 16,
      "classification": "true-positive"
    },
    {
      "id": 17,
      "classification": "false-positive"
    },
    {
      "id": 18,
      "classification": "true-positive"
    },
    {
      "id": 19,
      "classification": "true-positive"
    },
    {
      "id": 20,
      "classification": "false-positive"
    },
    {
      "id": 21,
      "classification": "false-positive"
    },
    {
      "id": 22,
      "classification": "true-positive"
    },
    {
      "id": 23,
      "classification": "false-positive"
    },
    {
      "id": 24,
      "classification": "false-positive"
    },
    {
      "id": 25,
      "classification": "false-positive"
    },
    {
      "id": 26,
      "classification": "true-positive"
    },
    {
      "id": 27,
      "classification": "false-positive"
    },
    {
      "id": 28,
      "classification": "false-positive"
    },
    {
      "id": 29,
      "classification": "false-positive"
    },
    {
      "id": 30,
      "classification": "false-positive"
    },
    {
      "id": 31,
      "classification": "true-positive"
    },
    {
      "id": 32,
      "classification": "false-positive"
    },
    {
      "id": 33,
      "classification": "false-positive"
    },
    {
      "id": 34,
      "classification": "true-positive"
    },
    {
      "id": 35,
      "classification": "false-positive"
    },
    {
      "id": 36,
      "classification": "false-positive"
    },
    {
      "id": 37,
      "classification": "false-positive"
    },
    {
      "id": 38,
      "classification": "false-positive"
    },
    {
      "id": 39,
      "classification": "false-positive"
    },
    {
      "id": 40,
      "classification": "false-positive"
    },
    {
      "id": 41,
      "classification": "false-positive"
    },
    {
      "id": 42,
      "classification": "false-positive"
    },
    {
      "id": 43,
      "classification": "true-positive"
    },
    {
      "id": 44,
      "classification": "false-positive"
    },
    {
      "id": 45,
      "classification": "true-positive"
    },
    {
      "id": 46,
      "classification": "false-positive"
    },
    {
      "id": 47,
      "classification": "false-positive"
    },
    {
      "id": 48,
      "classification": "false-positive"
    },
    {
      "id": 49,
      "classification": "false-positive"
    },
    {
      "id": 50,
      "classification": "false-positive"
    },
    {
      "id": 51,
      "classification": "false-positive"
    },
    {
      "id": 52,
      "classification": "false-positive"
    },
    {
      "id": 53,
      "classification": "true-positive"
    }
  ]
}
2026-05-14 21:18:28,889 - api_testing.constraint.dynamic_constraints.invariant_extractor - INFO - Classifying invariants for endpoint: get-/api/v1/Bills/{billId}/NewsArticles with 17 invariants
2026-05-14 21:18:28,889 - api_testing.constraint.dynamic_constraints.invariant_extractor - DEBUG - Classifying invariant: {'pptname': 'get-/api/v1/Bills/{billId}/NewsArticles&get-/api/v1/Bills/{billId}/NewsArticles&200&items():::EXIT', 'invariant': 'input has only one value', 'invariantType': 'daikon.inv.unary.scalar.OneOfScalar', 'variables': '(input)', 'postmanAssertion': '//', 'endpoint': 'get-/api/v1/Bills/{billId}/NewsArticles'}
2026-05-14 21:18:28,889 - api_testing.constraint.dynamic_constraints.invariant_extractor - DEBUG - Classifying invariant: {'pptname': 'get-/api/v1/Bills/{billId}/NewsArticles&get-/api/v1/Bills/{billId}/NewsArticles&200&items():::EXIT', 'invariant': 'return.items has only one value', 'invariantType': 'daikon.inv.unary.scalar.OneOfScalar', 'variables': '(return)', 'postmanAssertion': '//', 'variable': 'return.items', 'response_container_path': 'items', 'endpoint': 'get-/api/v1/Bills/{billId}/NewsArticles'}
2026-05-14 21:18:28,889 - api_testing.constraint.dynamic_constraints.invariant_extractor - DEBUG - Classifying invariant: {'pptname': 'get-/api/v1/Bills/{billId}/NewsArticles&get-/api/v1/Bills/{billId}/NewsArticles&200&items():::EXIT', 'invariant': 'return.items.id == 3408', 'invariantType': 'daikon.inv.unary.scalar.OneOfScalar', 'variables': '(return.id)', 'postmanAssertion': 'pm.expect([3408].includes(return_id)).to.be.true', 'variable': 'return.items.id', 'response_container_path': 'items', 'endpoint': 'get-/api/v1/Bills/{billId}/NewsArticles'}
2026-05-14 21:18:28,889 - api_testing.constraint.dynamic_constraints.invariant_extractor - DEBUG - Classifying invariant: {'pptname': 'get-/api/v1/Bills/{billId}/NewsArticles&get-/api/v1/Bills/{billId}/NewsArticles&200&items():::EXIT', 'invariant': 'return.items.title == "News - City of London (Markets) Bill"', 'invariantType': 'daikon.inv.unary.string.OneOfString', 'variables': '(return.title)', 'postmanAssertion': 'pm.expect(["News - City of London (Markets) Bill"].includes(return_title)).to.be.true', 'variable': 'return.items.title', 'response_container_path': 'items', 'endpoint': 'get-/api/v1/Bills/{billId}/NewsArticles'}
2026-05-14 21:18:28,889 - api_testing.constraint.dynamic_constraints.invariant_extractor - DEBUG - Classifying invariant: {'pptname': 'get-/api/v1/Bills/{billId}/NewsArticles&get-/api/v1/Bills/{billId}/NewsArticles&200&items():::EXIT', 'invariant': 'LENGTH(return.items.title)==36', 'invariantType': 'daikon.inv.unary.string.FixedLengthString', 'variables': '(return.title)', 'postmanAssertion': 'pm.expect(return_title).to.have.length(36)', 'variable': 'return.items.title', 'response_container_path': 'items', 'endpoint': 'get-/api/v1/Bills/{billId}/NewsArticles'}
2026-05-14 21:18:28,889 - api_testing.constraint.dynamic_constraints.invariant_extractor - DEBUG - Classifying invariant: {'pptname': 'get-/api/v1/Bills/{billId}/NewsArticles&get-/api/v1/Bills/{billId}/NewsArticles&200&items():::EXIT', 'invariant': 'return.items.content == "<p>The Bill was deposited on 27 November 2024. The Bill was examined on 18 December 2024 and found to be compliant with Private Business Standing Orders. The authorities from both Houses decided that the Bill should originate in the House of Commons.</p><p>The Bill received its First Reading on Wednesday 22 January 2025.</p><p>The petitioning period in respect of the Bill opened after First Reading and closed at 5pm on Thursday 30 January 2025. Three petitions were received, and can be found under the &#39;Publications&#39; tab.</p><p>The Bill received its Second Reading on Thursday 30 January 2025.</p><p>The Bill is currently awaiting its committee stage.</p>"', 'invariantType': 'daikon.inv.unary.string.OneOfString', 'variables': '(return.content)', 'postmanAssertion': 'pm.expect(["<p>The Bill was deposited on 27 November 2024. The Bill was examined on 18 December 2024 and found to be compliant with Private Business Standing Orders. The authorities from both Houses decided that the Bill should originate in the House of Commons.</p><p>The Bill received its First Reading on Wednesday 22 January 2025.</p><p>The petitioning period in respect of the Bill opened after First Reading and closed at 5pm on Thursday 30 January 2025. Three petitions were received, and can be found under the &#39;Publications&#39; tab.</p><p>The Bill received its Second Reading on Thursday 30 January 2025.</p><p>The Bill is currently awaiting its committee stage.</p>"].includes(return_content)).to.be.true', 'variable': 'return.items.content', 'response_container_path': 'items', 'endpoint': 'get-/api/v1/Bills/{billId}/NewsArticles'}
2026-05-14 21:18:28,889 - api_testing.constraint.dynamic_constraints.invariant_extractor - DEBUG - Classifying invariant: {'pptname': 'get-/api/v1/Bills/{billId}/NewsArticles&get-/api/v1/Bills/{billId}/NewsArticles&200&items():::EXIT', 'invariant': 'return.items.displayDate == "2025-01-06T00:00:00"', 'invariantType': 'daikon.inv.unary.string.OneOfString', 'variables': '(return.displayDate)', 'postmanAssertion': 'pm.expect(["2025-01-06T00:00:00"].includes(return_displayDate)).to.be.true', 'variable': 'return.items.displayDate', 'response_container_path': 'items', 'endpoint': 'get-/api/v1/Bills/{billId}/NewsArticles'}
2026-05-14 21:18:28,889 - api_testing.constraint.dynamic_constraints.invariant_extractor - DEBUG - Classifying invariant: {'pptname': 'get-/api/v1/Bills/{billId}/NewsArticles&get-/api/v1/Bills/{billId}/NewsArticles&200&items():::EXIT', 'invariant': 'LENGTH(return.items.displayDate)==19', 'invariantType': 'daikon.inv.unary.string.FixedLengthString', 'variables': '(return.displayDate)', 'postmanAssertion': 'pm.expect(return_displayDate).to.have.length(19)', 'variable': 'return.items.displayDate', 'response_container_path': 'items', 'endpoint': 'get-/api/v1/Bills/{billId}/NewsArticles'}
2026-05-14 21:18:28,889 - api_testing.constraint.dynamic_constraints.invariant_extractor - DEBUG - Classifying invariant: {'pptname': 'get-/api/v1/Bills/{billId}/NewsArticles&get-/api/v1/Bills/{billId}/NewsArticles&200():::EXIT', 'invariant': 'return.totalResults == size(return.items[])', 'invariantType': 'daikon.inv.binary.twoScalar.IntEqual', 'variables': '(return.totalResults, size(return.items[..]))', 'postmanAssertion': 'pm.expect(return_totalResults).to.eql(return_items_size_array)', 'variable': 'return.totalResults', 'response_container_path': None, 'endpoint': 'get-/api/v1/Bills/{billId}/NewsArticles'}
2026-05-14 21:18:28,889 - api_testing.constraint.dynamic_constraints.invariant_extractor - DEBUG - Classifying invariant: {'pptname': 'get-/api/v1/Bills/{billId}/NewsArticles&get-/api/v1/Bills/{billId}/NewsArticles&200():::EXIT', 'invariant': 'return.totalResults == size(return.items[])', 'invariantType': 'daikon.inv.binary.twoScalar.IntEqual', 'variables': '(return.totalResults, size(return.items[..]))', 'postmanAssertion': 'pm.expect(return_totalResults).to.eql(return_items_size_array)', 'variable': 'return.totalResults', 'response_container_path': None, 'endpoint': 'get-/api/v1/Bills/{billId}/NewsArticles'}
2026-05-14 21:18:28,889 - api_testing.constraint.dynamic_constraints.invariant_extractor - DEBUG - Classifying invariant: {'pptname': 'get-/api/v1/Bills/{billId}/NewsArticles&get-/api/v1/Bills/{billId}/NewsArticles&200():::EXIT', 'invariant': 'input has only one value', 'invariantType': 'daikon.inv.unary.scalar.OneOfScalar', 'variables': '(input)', 'postmanAssertion': '//', 'endpoint': 'get-/api/v1/Bills/{billId}/NewsArticles'}
2026-05-14 21:18:28,889 - api_testing.constraint.dynamic_constraints.invariant_extractor - DEBUG - Classifying invariant: {'pptname': 'get-/api/v1/Bills/{billId}/NewsArticles&get-/api/v1/Bills/{billId}/NewsArticles&200():::EXIT', 'invariant': 'return has only one value', 'invariantType': 'daikon.inv.unary.scalar.OneOfScalar', 'variables': '(return)', 'postmanAssertion': '//', 'variable': 'return', 'response_container_path': None, 'endpoint': 'get-/api/v1/Bills/{billId}/NewsArticles'}
2026-05-14 21:18:28,889 - api_testing.constraint.dynamic_constraints.invariant_extractor - DEBUG - Classifying invariant: {'pptname': 'get-/api/v1/Bills/{billId}/NewsArticles&get-/api/v1/Bills/{billId}/NewsArticles&200():::EXIT', 'invariant': 'return.items has only one value', 'invariantType': 'daikon.inv.unary.scalar.OneOfScalar', 'variables': '(return.items)', 'postmanAssertion': '//', 'variable': 'return.items', 'response_container_path': None, 'endpoint': 'get-/api/v1/Bills/{billId}/NewsArticles'}
2026-05-14 21:18:28,889 - api_testing.constraint.dynamic_constraints.invariant_extractor - DEBUG - Classifying invariant: {'pptname': 'get-/api/v1/Bills/{billId}/NewsArticles&get-/api/v1/Bills/{billId}/NewsArticles&200():::EXIT', 'invariant': 'return.items[] contains no nulls and has only one value, of length 1', 'invariantType': 'daikon.inv.unary.sequence.OneOfSequence', 'variables': '(return.items[..])', 'postmanAssertion': 'pm.expect(return_items_array).to.have.lengthOf(1).and.to.not.include(null)', 'variable': 'return.items', 'response_container_path': None, 'endpoint': 'get-/api/v1/Bills/{billId}/NewsArticles'}
2026-05-14 21:18:28,889 - api_testing.constraint.dynamic_constraints.invariant_extractor - DEBUG - Classifying invariant: {'pptname': 'get-/api/v1/Bills/{billId}/NewsArticles&get-/api/v1/Bills/{billId}/NewsArticles&200():::EXIT', 'invariant': 'return.items[] elements has only one value', 'invariantType': 'daikon.inv.unary.sequence.EltOneOf', 'variables': '(return.items[..])', 'postmanAssertion': '//', 'variable': 'return.items', 'response_container_path': None, 'endpoint': 'get-/api/v1/Bills/{billId}/NewsArticles'}
2026-05-14 21:18:28,889 - api_testing.constraint.dynamic_constraints.invariant_extractor - DEBUG - Classifying invariant: {'pptname': 'get-/api/v1/Bills/{billId}/NewsArticles&get-/api/v1/Bills/{billId}/NewsArticles&200():::EXIT', 'invariant': 'return.totalResults == 1', 'invariantType': 'daikon.inv.unary.scalar.OneOfScalar', 'variables': '(return.totalResults)', 'postmanAssertion': 'pm.expect([1].includes(return_totalResults)).to.be.true', 'variable': 'return.totalResults', 'response_container_path': None, 'endpoint': 'get-/api/v1/Bills/{billId}/NewsArticles'}
2026-05-14 21:18:28,889 - api_testing.constraint.dynamic_constraints.invariant_extractor - DEBUG - Classifying invariant: {'pptname': 'get-/api/v1/Bills/{billId}/NewsArticles&get-/api/v1/Bills/{billId}/NewsArticles&200():::EXIT', 'invariant': 'return.itemsPerPage == 20', 'invariantType': 'daikon.inv.unary.scalar.OneOfScalar', 'variables': '(return.itemsPerPage)', 'postmanAssertion': 'pm.expect([20].includes(return_itemsPerPage)).to.be.true', 'variable': 'return.itemsPerPage', 'response_container_path': None, 'endpoint': 'get-/api/v1/Bills/{billId}/NewsArticles'}
2026-05-14 21:18:28,889 - api_testing.constraint.dynamic_constraints.invariant_extractor - DEBUG - InvariantClassification Prompt: Is the following invariants for a REST endpoint "true - positive" or "false - positive"?
Endpoint: GET /api/v1/Bills/{billId}/NewsArticles
Description: Returns a list of news articles for a Bill.
Parameters:
- billId : a integer , format int32, minimum: 1
- Skip : a integer , format int32
- Take : a integer , format int32
Responses:
- items.id : a integer, format int32
- items.title : a string
- items.content : a string
- items.displayDate : a string, format date-time
- totalResults : a integer, format int32
- itemsPerPage : a integer, format int32
Invariants: 
#1: Invariant: input has only one value
Invariant Type: daikon.inv.unary.scalar.OneOfScalar 
Invariant description: Represents long variables that take on only a few distinct values. Prints as either x == c (when there is only one value) or as x one of {c1, c2, c3} (when there are multiple values).
The return fields refer to the path __ROOT__ in the response body .
#2: Invariant: return.items has only one value
Invariant Type: daikon.inv.unary.scalar.OneOfScalar 
Invariant description: Represents long variables that take on only a few distinct values. Prints as either x == c (when there is only one value) or as x one of {c1, c2, c3} (when there are multiple values).
The return fields refer to the path items in the response body .
#3: Invariant: return.items.id == 3408
Invariant Type: daikon.inv.unary.scalar.OneOfScalar 
Invariant description: Represents long variables that take on only a few distinct values. Prints as either x == c (when there is only one value) or as x one of {c1, c2, c3} (when there are multiple values).
The return fields refer to the path items in the response body .
#4: Invariant: return.items.title == "News - City of London (Markets) Bill"
Invariant Type: daikon.inv.unary.string.OneOfString 
Invariant description: Represents String variables that take on only a few distinct values. Prints as either x == c (when there is only one value) or as x one of {c1, c2, c3} (when there are multiple values).
The return fields refer to the path items in the response body .
#5: Invariant: LENGTH(return.items.title)==36
Invariant Type: daikon.inv.unary.string.FixedLengthString 
Invariant description: Indicates that the value of a string variable always has a fixed length n. Represented as LENGTH(x)==n.
The return fields refer to the path items in the response body .
#6: Invariant: return.items.content == "<p>The Bill was deposited on 27 November 2024. The Bill was examined on 18 December 2024 and found to be compliant with Private Business Standing Orders. The authorities from both Houses decided that the Bill should originate in the House of Commons.</p><p>The Bill received its First Reading on Wednesday 22 January 2025.</p><p>The petitioning period in respect of the Bill opened after First Reading and closed at 5pm on Thursday 30 January 2025. Three petitions were received, and can be found under the &#39;Publications&#39; tab.</p><p>The Bill received its Second Reading on Thursday 30 January 2025.</p><p>The Bill is currently awaiting its committee stage.</p>"
Invariant Type: daikon.inv.unary.string.OneOfString 
Invariant description: Represents String variables that take on only a few distinct values. Prints as either x == c (when there is only one value) or as x one of {c1, c2, c3} (when there are multiple values).
The return fields refer to the path items in the response body .
#7: Invariant: return.items.displayDate == "2025-01-06T00:00:00"
Invariant Type: daikon.inv.unary.string.OneOfString 
Invariant description: Represents String variables that take on only a few distinct values. Prints as either x == c (when there is only one value) or as x one of {c1, c2, c3} (when there are multiple values).
The return fields refer to the path items in the response body .
#8: Invariant: LENGTH(return.items.displayDate)==19
Invariant Type: daikon.inv.unary.string.FixedLengthString 
Invariant description: Indicates that the value of a string variable always has a fixed length n. Represented as LENGTH(x)==n.
The return fields refer to the path items in the response body .
#9: Invariant: return.totalResults == size(return.items[])
Invariant Type: daikon.inv.binary.twoScalar.IntEqual 
Invariant description: Represents an invariant of == between two long scalars. Prints as x == y.
The return fields refer to the path __ROOT__ in the response body .
#10: Invariant: return.totalResults == size(return.items[])
Invariant Type: daikon.inv.binary.twoScalar.IntEqual 
Invariant description: Represents an invariant of == between two long scalars. Prints as x == y.
The return fields refer to the path __ROOT__ in the response body .
#11: Invariant: input has only one value
Invariant Type: daikon.inv.unary.scalar.OneOfScalar 
Invariant description: Represents long variables that take on only a few distinct values. Prints as either x == c (when there is only one value) or as x one of {c1, c2, c3} (when there are multiple values).
The return fields refer to the path __ROOT__ in the response body .
#12: Invariant: return has only one value
Invariant Type: daikon.inv.unary.scalar.OneOfScalar 
Invariant description: Represents long variables that take on only a few distinct values. Prints as either x == c (when there is only one value) or as x one of {c1, c2, c3} (when there are multiple values).
The return fields refer to the path __ROOT__ in the response body .
#13: Invariant: return.items has only one value
Invariant Type: daikon.inv.unary.scalar.OneOfScalar 
Invariant description: Represents long variables that take on only a few distinct values. Prints as either x == c (when there is only one value) or as x one of {c1, c2, c3} (when there are multiple values).
The return fields refer to the path __ROOT__ in the response body .
#14: Invariant: return.items[] contains no nulls and has only one value, of length 1
Invariant Type: daikon.inv.unary.sequence.OneOfSequence 
Invariant description: Represents long[] variables that take on only a few distinct values. Prints as either x == c (when there is only one value) or as x one of {c1, c2, c3} (when there are multiple values).
The return fields refer to the path __ROOT__ in the response body .
#15: Invariant: return.items[] elements has only one value
Invariant Type: daikon.inv.unary.sequence.EltOneOf 
Invariant description: No description available.
The return fields refer to the path __ROOT__ in the response body .
#16: Invariant: return.totalResults == 1
Invariant Type: daikon.inv.unary.scalar.OneOfScalar 
Invariant description: Represents long variables that take on only a few distinct values. Prints as either x == c (when there is only one value) or as x one of {c1, c2, c3} (when there are multiple values).
The return fields refer to the path __ROOT__ in the response body .
#17: Invariant: return.itemsPerPage == 20
Invariant Type: daikon.inv.unary.scalar.OneOfScalar 
Invariant description: Represents long variables that take on only a few distinct values. Prints as either x == c (when there is only one value) or as x one of {c1, c2, c3} (when there are multiple values).
The return fields refer to the path __ROOT__ in the response body .
The invariant is classified as "true - positive" if it holds for every valid request on the API, and "false - positive" if it does not hold for every valid request on the API.
2026-05-14 21:18:35,285 - api_testing.constraint.dynamic_constraints.invariant_extractor - DEBUG - InvariantClassification Response: {
  "datas": [
    {
      "id": 1,
      "classification": "false-positive"
    },
    {
      "id": 2,
      "classification": "false-positive"
    },
    {
      "id": 3,
      "classification": "false-positive"
    },
    {
      "id": 4,
      "classification": "false-positive"
    },
    {
      "id": 5,
      "classification": "false-positive"
    },
    {
      "id": 6,
      "classification": "false-positive"
    },
    {
      "id": 7,
      "classification": "false-positive"
    },
    {
      "id": 8,
      "classification": "true-positive"
    },
    {
      "id": 9,
      "classification": "true-positive"
    },
    {
      "id": 10,
      "classification": "true-positive"
    },
    {
      "id": 11,
      "classification": "false-positive"
    },
    {
      "id": 12,
      "classification": "false-positive"
    },
    {
      "id": 13,
      "classification": "false-positive"
    },
    {
      "id": 14,
      "classification": "false-positive"
    },
    {
      "id": 15,
      "classification": "false-positive"
    },
    {
      "id": 16,
      "classification": "false-positive"
    },
    {
      "id": 17,
      "classification": "false-positive"
    }
  ]
}
2026-05-14 21:18:35,286 - api_testing.constraint.dynamic_constraints.invariant_extractor - INFO - Classifying invariants for endpoint: get-/api/v1/Bills/{billId}/Publications with 23 invariants
2026-05-14 21:18:35,286 - api_testing.constraint.dynamic_constraints.invariant_extractor - DEBUG - Classifying invariant: {'pptname': 'get-/api/v1/Bills/{billId}/Publications&get-/api/v1/Bills/{billId}/Publications&200&publications&files():::EXIT', 'invariant': 'input has only one value', 'invariantType': 'daikon.inv.unary.scalar.OneOfScalar', 'variables': '(input)', 'postmanAssertion': '//', 'endpoint': 'get-/api/v1/Bills/{billId}/Publications'}
2026-05-14 21:18:35,286 - api_testing.constraint.dynamic_constraints.invariant_extractor - DEBUG - Classifying invariant: {'pptname': 'get-/api/v1/Bills/{billId}/Publications&get-/api/v1/Bills/{billId}/Publications&200&publications&files():::EXIT', 'invariant': 'return.publications.files has only one value', 'invariantType': 'daikon.inv.unary.scalar.OneOfScalar', 'variables': '(return)', 'postmanAssertion': '//', 'variable': 'return.publications.files', 'response_container_path': 'publications.files', 'endpoint': 'get-/api/v1/Bills/{billId}/Publications'}
2026-05-14 21:18:35,286 - api_testing.constraint.dynamic_constraints.invariant_extractor - DEBUG - Classifying invariant: {'pptname': 'get-/api/v1/Bills/{billId}/Publications&get-/api/v1/Bills/{billId}/Publications&200&publications&files():::EXIT', 'invariant': 'return.publications.files.contentType one of { "application/pdf", "text/html", "text/xml" }', 'invariantType': 'daikon.inv.unary.string.OneOfString', 'variables': '(return.contentType)', 'postmanAssertion': 'pm.expect(["application/pdf", "text/html", "text/xml"].includes(return_contentType)).to.be.true', 'variable': 'return.publications.files.contentType', 'response_container_path': 'publications.files', 'endpoint': 'get-/api/v1/Bills/{billId}/Publications'}
2026-05-14 21:18:35,286 - api_testing.constraint.dynamic_constraints.invariant_extractor - DEBUG - Classifying invariant: {'pptname': 'get-/api/v1/Bills/{billId}/Publications&get-/api/v1/Bills/{billId}/Publications&200&publications&links():::EXIT', 'invariant': 'input has only one value', 'invariantType': 'daikon.inv.unary.scalar.OneOfScalar', 'variables': '(input)', 'postmanAssertion': '//', 'endpoint': 'get-/api/v1/Bills/{billId}/Publications'}
2026-05-14 21:18:35,286 - api_testing.constraint.dynamic_constraints.invariant_extractor - DEBUG - Classifying invariant: {'pptname': 'get-/api/v1/Bills/{billId}/Publications&get-/api/v1/Bills/{billId}/Publications&200&publications&links():::EXIT', 'invariant': 'return.publications.links has only one value', 'invariantType': 'daikon.inv.unary.scalar.OneOfScalar', 'variables': '(return)', 'postmanAssertion': '//', 'variable': 'return.publications.links', 'response_container_path': 'publications.links', 'endpoint': 'get-/api/v1/Bills/{billId}/Publications'}
2026-05-14 21:18:35,286 - api_testing.constraint.dynamic_constraints.invariant_extractor - DEBUG - Classifying invariant: {'pptname': 'get-/api/v1/Bills/{billId}/Publications&get-/api/v1/Bills/{billId}/Publications&200&publications&links():::EXIT', 'invariant': 'return.publications.links.url is Url', 'invariantType': 'daikon.inv.unary.string.IsUrl', 'variables': '(return.url)', 'postmanAssertion': 'pm.expect(return_url).to.match(/^(?:(?:https?|ftp):\\/\\/)(?:\\S+(?::\\S*)?@)?(?:(?!10(?:\\.\\d{1,3}){3})(?!127(?:\\.\\d{1,3}){3})(?!169\\.254(?:\\.\\d{1,3}){2})(?!192\\.168(?:\\.\\d{1,3}){2})(?!172\\.(?:1[6-9]|2\\d|3[0-1])(?:\\.\\d{1,3}){2})(?:[1-9]\\d?|1\\d\\d|2[01]\\d|22[0-3])(?:\\.(?:1?\\d{1,2}|2[0-4]\\d|25[0-5])){2}(?:\\.(?:[1-9]\\d?|1\\d\\d|2[0-4]\\d|25[0-4]))|(?:(?:[\\w\\u00a1-\\uffff0-9]+-?)*[\\w\\u00a1-\\uffff0-9]+)(?:\\.(?:[\\w\\u00a1-\\uffff0-9]+-)*[\\w\\u00a1-\\uffff0-9]+)*(?:\\.(?:[a-zA-Z\\u00a1-\\uffff]{2,})))(?::\\d{2,5})?(?:\\/[^\\s]*)?$/)', 'variable': 'return.publications.links.url', 'response_container_path': 'publications.links', 'endpoint': 'get-/api/v1/Bills/{billId}/Publications'}
2026-05-14 21:18:35,286 - api_testing.constraint.dynamic_constraints.invariant_extractor - DEBUG - Classifying invariant: {'pptname': 'get-/api/v1/Bills/{billId}/Publications&get-/api/v1/Bills/{billId}/Publications&200&publications&links():::EXIT', 'invariant': 'return.publications.links.contentType one of { "application/pdf", "text/html", "text/xml" }', 'invariantType': 'daikon.inv.unary.string.OneOfString', 'variables': '(return.contentType)', 'postmanAssertion': 'pm.expect(["application/pdf", "text/html", "text/xml"].includes(return_contentType)).to.be.true', 'variable': 'return.publications.links.contentType', 'response_container_path': 'publications.links', 'endpoint': 'get-/api/v1/Bills/{billId}/Publications'}
2026-05-14 21:18:35,286 - api_testing.constraint.dynamic_constraints.invariant_extractor - DEBUG - Classifying invariant: {'pptname': 'get-/api/v1/Bills/{billId}/Publications&get-/api/v1/Bills/{billId}/Publications&200&publications():::EXIT', 'invariant': 'input has only one value', 'invariantType': 'daikon.inv.unary.scalar.OneOfScalar', 'variables': '(input)', 'postmanAssertion': '//', 'endpoint': 'get-/api/v1/Bills/{billId}/Publications'}
2026-05-14 21:18:35,286 - api_testing.constraint.dynamic_constraints.invariant_extractor - DEBUG - Classifying invariant: {'pptname': 'get-/api/v1/Bills/{billId}/Publications&get-/api/v1/Bills/{billId}/Publications&200&publications():::EXIT', 'invariant': 'return.publications has only one value', 'invariantType': 'daikon.inv.unary.scalar.OneOfScalar', 'variables': '(return)', 'postmanAssertion': '//', 'variable': 'return.publications', 'response_container_path': 'publications', 'endpoint': 'get-/api/v1/Bills/{billId}/Publications'}
2026-05-14 21:18:35,286 - api_testing.constraint.dynamic_constraints.invariant_extractor - DEBUG - Classifying invariant: {'pptname': 'get-/api/v1/Bills/{billId}/Publications&get-/api/v1/Bills/{billId}/Publications&200&publications():::EXIT', 'invariant': 'return.publications.publicationType has only one value', 'invariantType': 'daikon.inv.unary.scalar.OneOfScalar', 'variables': '(return.publicationType)', 'postmanAssertion': '//', 'variable': 'return.publications.publicationType', 'response_container_path': 'publications', 'endpoint': 'get-/api/v1/Bills/{billId}/Publications'}
2026-05-14 21:18:35,286 - api_testing.constraint.dynamic_constraints.invariant_extractor - DEBUG - Classifying invariant: {'pptname': 'get-/api/v1/Bills/{billId}/Publications&get-/api/v1/Bills/{billId}/Publications&200&publications():::EXIT', 'invariant': 'LENGTH(return.publications.displayDate)==19', 'invariantType': 'daikon.inv.unary.string.FixedLengthString', 'variables': '(return.displayDate)', 'postmanAssertion': 'pm.expect(return_displayDate).to.have.length(19)', 'variable': 'return.publications.displayDate', 'response_container_path': 'publications', 'endpoint': 'get-/api/v1/Bills/{billId}/Publications'}
2026-05-14 21:18:35,286 - api_testing.constraint.dynamic_constraints.invariant_extractor - DEBUG - Classifying invariant: {'pptname': 'get-/api/v1/Bills/{billId}/Publications&get-/api/v1/Bills/{billId}/Publications&200&publications():::EXIT', 'invariant': 'return.publications.links has only one value', 'invariantType': 'daikon.inv.unary.scalar.OneOfScalar', 'variables': '(return.links)', 'postmanAssertion': '//', 'variable': 'return.publications.links', 'response_container_path': 'publications', 'endpoint': 'get-/api/v1/Bills/{billId}/Publications'}
2026-05-14 21:18:35,287 - api_testing.constraint.dynamic_constraints.invariant_extractor - DEBUG - Classifying invariant: {'pptname': 'get-/api/v1/Bills/{billId}/Publications&get-/api/v1/Bills/{billId}/Publications&200&publications():::EXIT', 'invariant': 'return.publications.files has only one value', 'invariantType': 'daikon.inv.unary.scalar.OneOfScalar', 'variables': '(return.files)', 'postmanAssertion': '//', 'variable': 'return.publications.files', 'response_container_path': 'publications', 'endpoint': 'get-/api/v1/Bills/{billId}/Publications'}
2026-05-14 21:18:35,287 - api_testing.constraint.dynamic_constraints.invariant_extractor - DEBUG - Classifying invariant: {'pptname': 'get-/api/v1/Bills/{billId}/Publications&get-/api/v1/Bills/{billId}/Publications&200&publications():::EXIT', 'invariant': 'return.publications.house one of { "Commons", "Lords", "Unassigned" }', 'invariantType': 'daikon.inv.unary.string.OneOfString', 'variables': '(return.house)', 'postmanAssertion': 'pm.expect(["Commons", "Lords", "Unassigned"].includes(return_house)).to.be.true', 'variable': 'return.publications.house', 'response_container_path': 'publications', 'endpoint': 'get-/api/v1/Bills/{billId}/Publications'}
2026-05-14 21:18:35,287 - api_testing.constraint.dynamic_constraints.invariant_extractor - DEBUG - Classifying invariant: {'pptname': 'get-/api/v1/Bills/{billId}/Publications&get-/api/v1/Bills/{billId}/Publications&200&publications():::EXIT', 'invariant': 'size(return.publications.links[]) one of { 0, 1, 2 }', 'invariantType': 'daikon.inv.unary.scalar.OneOfScalar', 'variables': '(size(return.links[..]))', 'postmanAssertion': 'pm.expect([0, 1, 2].includes(return_links_size_array)).to.be.true', 'variable': 'return.publications.links', 'response_container_path': 'publications', 'endpoint': 'get-/api/v1/Bills/{billId}/Publications'}
2026-05-14 21:18:35,287 - api_testing.constraint.dynamic_constraints.invariant_extractor - DEBUG - Classifying invariant: {'pptname': 'get-/api/v1/Bills/{billId}/Publications&get-/api/v1/Bills/{billId}/Publications&200&publications():::EXIT', 'invariant': 'size(return.publications.files[]) one of { 0, 1, 3 }', 'invariantType': 'daikon.inv.unary.scalar.OneOfScalar', 'variables': '(size(return.files[..]))', 'postmanAssertion': 'pm.expect([0, 1, 3].includes(return_files_size_array)).to.be.true', 'variable': 'return.publications.files', 'response_container_path': 'publications', 'endpoint': 'get-/api/v1/Bills/{billId}/Publications'}
2026-05-14 21:18:35,287 - api_testing.constraint.dynamic_constraints.invariant_extractor - DEBUG - Classifying invariant: {'pptname': 'get-/api/v1/Bills/{billId}/Publications&get-/api/v1/Bills/{billId}/Publications&200&publications():::EXIT', 'invariant': 'return.publications.publicationType.id > size(return.publications.files[])', 'invariantType': 'daikon.inv.binary.twoScalar.IntGreaterThan', 'variables': '(return.publicationType.id, size(return.files[..]))', 'postmanAssertion': 'pm.expect(return_publicationType_id).to.be.greaterThan(return_files_size_array)', 'variable': 'return.publications.publicationType.id', 'response_container_path': 'publications', 'endpoint': 'get-/api/v1/Bills/{billId}/Publications'}
2026-05-14 21:18:35,287 - api_testing.constraint.dynamic_constraints.invariant_extractor - DEBUG - Classifying invariant: {'pptname': 'get-/api/v1/Bills/{billId}/Publications&get-/api/v1/Bills/{billId}/Publications&200():::EXIT', 'invariant': 'input.billId == return.billId', 'invariantType': 'daikon.inv.binary.twoScalar.IntEqual', 'variables': '(input.billId, return.billId)', 'postmanAssertion': 'pm.expect(input_billId).to.eql(return_billId)', 'variable': 'return.billId', 'response_container_path': None, 'endpoint': 'get-/api/v1/Bills/{billId}/Publications'}
2026-05-14 21:18:35,287 - api_testing.constraint.dynamic_constraints.invariant_extractor - DEBUG - Classifying invariant: {'pptname': 'get-/api/v1/Bills/{billId}/Publications&get-/api/v1/Bills/{billId}/Publications&200():::EXIT', 'invariant': 'input has only one value', 'invariantType': 'daikon.inv.unary.scalar.OneOfScalar', 'variables': '(input)', 'postmanAssertion': '//', 'endpoint': 'get-/api/v1/Bills/{billId}/Publications'}
2026-05-14 21:18:35,287 - api_testing.constraint.dynamic_constraints.invariant_extractor - DEBUG - Classifying invariant: {'pptname': 'get-/api/v1/Bills/{billId}/Publications&get-/api/v1/Bills/{billId}/Publications&200():::EXIT', 'invariant': 'return has only one value', 'invariantType': 'daikon.inv.unary.scalar.OneOfScalar', 'variables': '(return)', 'postmanAssertion': '//', 'variable': 'return', 'response_container_path': None, 'endpoint': 'get-/api/v1/Bills/{billId}/Publications'}
2026-05-14 21:18:35,287 - api_testing.constraint.dynamic_constraints.invariant_extractor - DEBUG - Classifying invariant: {'pptname': 'get-/api/v1/Bills/{billId}/Publications&get-/api/v1/Bills/{billId}/Publications&200():::EXIT', 'invariant': 'return.publications has only one value', 'invariantType': 'daikon.inv.unary.scalar.OneOfScalar', 'variables': '(return.publications)', 'postmanAssertion': '//', 'variable': 'return.publications', 'response_container_path': None, 'endpoint': 'get-/api/v1/Bills/{billId}/Publications'}
2026-05-14 21:18:35,287 - api_testing.constraint.dynamic_constraints.invariant_extractor - DEBUG - Classifying invariant: {'pptname': 'get-/api/v1/Bills/{billId}/Publications&get-/api/v1/Bills/{billId}/Publications&200():::EXIT', 'invariant': 'return.publications[] contains no nulls and has only one value, of length 26', 'invariantType': 'daikon.inv.unary.sequence.OneOfSequence', 'variables': '(return.publications[..])', 'postmanAssertion': 'pm.expect(return_publications_array).to.have.lengthOf(26).and.to.not.include(null)', 'variable': 'return.publications', 'response_container_path': None, 'endpoint': 'get-/api/v1/Bills/{billId}/Publications'}
2026-05-14 21:18:35,287 - api_testing.constraint.dynamic_constraints.invariant_extractor - DEBUG - Classifying invariant: {'pptname': 'get-/api/v1/Bills/{billId}/Publications&get-/api/v1/Bills/{billId}/Publications&200():::EXIT', 'invariant': 'size(return.publications[]) == 26', 'invariantType': 'daikon.inv.unary.scalar.OneOfScalar', 'variables': '(size(return.publications[..]))', 'postmanAssertion': 'pm.expect([26].includes(return_publications_size_array)).to.be.true', 'variable': 'return.publications', 'response_container_path': None, 'endpoint': 'get-/api/v1/Bills/{billId}/Publications'}
2026-05-14 21:18:35,287 - api_testing.constraint.dynamic_constraints.invariant_extractor - DEBUG - InvariantClassification Prompt: Is the following invariants for a REST endpoint "true - positive" or "false - positive"?
Endpoint: GET /api/v1/Bills/{billId}/Publications
Description: Return a list of Bill publications.
Parameters:
- billId : a integer to describe Publications relating to Bill with Bill ID specified, format int32, minimum: 1
Responses:
- billId : a integer, format int32
- publications.id : a integer, format int32
- publications.title : a string
- publications.publicationType.id : a integer, format int32
- publications.publicationType.name : a string
- publications.publicationType.description : a string
- publications.displayDate : a string, format date-time
- publications.links.id : a integer, format int32
- publications.links.title : a string
- publications.links.url : a string
- publications.links.contentType : a string
- publications.files.id : a integer, format int32
- publications.files.filename : a string
- publications.files.contentType : a string
- publications.files.contentLength : a integer, format int32
- publications.house : a string, values in of ['All', 'Commons', 'Lords', 'Unassigned']
Invariants: 
#1: Invariant: input has only one value
Invariant Type: daikon.inv.unary.scalar.OneOfScalar 
Invariant description: Represents long variables that take on only a few distinct values. Prints as either x == c (when there is only one value) or as x one of {c1, c2, c3} (when there are multiple values).
The return fields refer to the path __ROOT__ in the response body .
#2: Invariant: return.publications.files has only one value
Invariant Type: daikon.inv.unary.scalar.OneOfScalar 
Invariant description: Represents long variables that take on only a few distinct values. Prints as either x == c (when there is only one value) or as x one of {c1, c2, c3} (when there are multiple values).
The return fields refer to the path publications.files in the response body .
#3: Invariant: return.publications.files.contentType one of { "application/pdf", "text/html", "text/xml" }
Invariant Type: daikon.inv.unary.string.OneOfString 
Invariant description: Represents String variables that take on only a few distinct values. Prints as either x == c (when there is only one value) or as x one of {c1, c2, c3} (when there are multiple values).
The return fields refer to the path publications.files in the response body .
#4: Invariant: input has only one value
Invariant Type: daikon.inv.unary.scalar.OneOfScalar 
Invariant description: Represents long variables that take on only a few distinct values. Prints as either x == c (when there is only one value) or as x one of {c1, c2, c3} (when there are multiple values).
The return fields refer to the path __ROOT__ in the response body .
#5: Invariant: return.publications.links has only one value
Invariant Type: daikon.inv.unary.scalar.OneOfScalar 
Invariant description: Represents long variables that take on only a few distinct values. Prints as either x == c (when there is only one value) or as x one of {c1, c2, c3} (when there are multiple values).
The return fields refer to the path publications.links in the response body .
#6: Invariant: return.publications.links.url is Url
Invariant Type: daikon.inv.unary.string.IsUrl 
Invariant description: Indicates that the value of a string variable is always a URL. Represented as x is Url.
The return fields refer to the path publications.links in the response body .
#7: Invariant: return.publications.links.contentType one of { "application/pdf", "text/html", "text/xml" }
Invariant Type: daikon.inv.unary.string.OneOfString 
Invariant description: Represents String variables that take on only a few distinct values. Prints as either x == c (when there is only one value) or as x one of {c1, c2, c3} (when there are multiple values).
The return fields refer to the path publications.links in the response body .
#8: Invariant: input has only one value
Invariant Type: daikon.inv.unary.scalar.OneOfScalar 
Invariant description: Represents long variables that take on only a few distinct values. Prints as either x == c (when there is only one value) or as x one of {c1, c2, c3} (when there are multiple values).
The return fields refer to the path __ROOT__ in the response body .
#9: Invariant: return.publications has only one value
Invariant Type: daikon.inv.unary.scalar.OneOfScalar 
Invariant description: Represents long variables that take on only a few distinct values. Prints as either x == c (when there is only one value) or as x one of {c1, c2, c3} (when there are multiple values).
The return fields refer to the path publications in the response body .
#10: Invariant: return.publications.publicationType has only one value
Invariant Type: daikon.inv.unary.scalar.OneOfScalar 
Invariant description: Represents long variables that take on only a few distinct values. Prints as either x == c (when there is only one value) or as x one of {c1, c2, c3} (when there are multiple values).
The return fields refer to the path publications in the response body .
#11: Invariant: LENGTH(return.publications.displayDate)==19
Invariant Type: daikon.inv.unary.string.FixedLengthString 
Invariant description: Indicates that the value of a string variable always has a fixed length n. Represented as LENGTH(x)==n.
The return fields refer to the path publications in the response body .
#12: Invariant: return.publications.links has only one value
Invariant Type: daikon.inv.unary.scalar.OneOfScalar 
Invariant description: Represents long variables that take on only a few distinct values. Prints as either x == c (when there is only one value) or as x one of {c1, c2, c3} (when there are multiple values).
The return fields refer to the path publications in the response body .
#13: Invariant: return.publications.files has only one value
Invariant Type: daikon.inv.unary.scalar.OneOfScalar 
Invariant description: Represents long variables that take on only a few distinct values. Prints as either x == c (when there is only one value) or as x one of {c1, c2, c3} (when there are multiple values).
The return fields refer to the path publications in the response body .
#14: Invariant: return.publications.house one of { "Commons", "Lords", "Unassigned" }
Invariant Type: daikon.inv.unary.string.OneOfString 
Invariant description: Represents String variables that take on only a few distinct values. Prints as either x == c (when there is only one value) or as x one of {c1, c2, c3} (when there are multiple values).
The return fields refer to the path publications in the response body .
#15: Invariant: size(return.publications.links[]) one of { 0, 1, 2 }
Invariant Type: daikon.inv.unary.scalar.OneOfScalar 
Invariant description: Represents long variables that take on only a few distinct values. Prints as either x == c (when there is only one value) or as x one of {c1, c2, c3} (when there are multiple values).
The return fields refer to the path publications in the response body .
#16: Invariant: size(return.publications.files[]) one of { 0, 1, 3 }
Invariant Type: daikon.inv.unary.scalar.OneOfScalar 
Invariant description: Represents long variables that take on only a few distinct values. Prints as either x == c (when there is only one value) or as x one of {c1, c2, c3} (when there are multiple values).
The return fields refer to the path publications in the response body .
#17: Invariant: return.publications.publicationType.id > size(return.publications.files[])
Invariant Type: daikon.inv.binary.twoScalar.IntGreaterThan 
Invariant description: Represents an invariant of > between two long scalars. Prints as x > y.
The return fields refer to the path publications in the response body .
#18: Invariant: input.billId == return.billId
Invariant Type: daikon.inv.binary.twoScalar.IntEqual 
Invariant description: Represents an invariant of == between two long scalars. Prints as x == y.
The return fields refer to the path __ROOT__ in the response body .
#19: Invariant: input has only one value
Invariant Type: daikon.inv.unary.scalar.OneOfScalar 
Invariant description: Represents long variables that take on only a few distinct values. Prints as either x == c (when there is only one value) or as x one of {c1, c2, c3} (when there are multiple values).
The return fields refer to the path __ROOT__ in the response body .
#20: Invariant: return has only one value
Invariant Type: daikon.inv.unary.scalar.OneOfScalar 
Invariant description: Represents long variables that take on only a few distinct values. Prints as either x == c (when there is only one value) or as x one of {c1, c2, c3} (when there are multiple values).
The return fields refer to the path __ROOT__ in the response body .
#21: Invariant: return.publications has only one value
Invariant Type: daikon.inv.unary.scalar.OneOfScalar 
Invariant description: Represents long variables that take on only a few distinct values. Prints as either x == c (when there is only one value) or as x one of {c1, c2, c3} (when there are multiple values).
The return fields refer to the path __ROOT__ in the response body .
#22: Invariant: return.publications[] contains no nulls and has only one value, of length 26
Invariant Type: daikon.inv.unary.sequence.OneOfSequence 
Invariant description: Represents long[] variables that take on only a few distinct values. Prints as either x == c (when there is only one value) or as x one of {c1, c2, c3} (when there are multiple values).
The return fields refer to the path __ROOT__ in the response body .
#23: Invariant: size(return.publications[]) == 26
Invariant Type: daikon.inv.unary.scalar.OneOfScalar 
Invariant description: Represents long variables that take on only a few distinct values. Prints as either x == c (when there is only one value) or as x one of {c1, c2, c3} (when there are multiple values).
The return fields refer to the path __ROOT__ in the response body .
The invariant is classified as "true - positive" if it holds for every valid request on the API, and "false - positive" if it does not hold for every valid request on the API.
2026-05-14 21:18:42,503 - api_testing.constraint.dynamic_constraints.invariant_extractor - DEBUG - InvariantClassification Response: {
  "datas": [
    {
      "id": 1,
      "classification": "false-positive"
    },
    {
      "id": 2,
      "classification": "false-positive"
    },
    {
      "id": 3,
      "classification": "true-positive"
    },
    {
      "id": 4,
      "classification": "false-positive"
    },
    {
      "id": 5,
      "classification": "false-positive"
    },
    {
      "id": 6,
      "classification": "true-positive"
    },
    {
      "id": 7,
      "classification": "false-positive"
    },
    {
      "id": 8,
      "classification": "false-positive"
    },
    {
      "id": 9,
      "classification": "false-positive"
    },
    {
      "id": 10,
      "classification": "false-positive"
    },
    {
      "id": 11,
      "classification": "false-positive"
    },
    {
      "id": 12,
      "classification": "false-positive"
    },
    {
      "id": 13,
      "classification": "false-positive"
    },
    {
      "id": 14,
      "classification": "false-positive"
    },
    {
      "id": 15,
      "classification": "false-positive"
    },
    {
      "id": 16,
      "classification": "false-positive"
    },
    {
      "id": 17,
      "classification": "false-positive"
    },
    {
      "id": 18,
      "classification": "true-positive"
    },
    {
      "id": 19,
      "classification": "false-positive"
    },
    {
      "id": 20,
      "classification": "false-positive"
    },
    {
      "id": 21,
      "classification": "false-positive"
    },
    {
      "id": 22,
      "classification": "false-positive"
    },
    {
      "id": 23,
      "classification": "false-positive"
    }
  ]
}
2026-05-14 21:18:42,503 - api_testing.constraint.dynamic_constraints.invariant_extractor - INFO - Classifying invariants for endpoint: get-/api/v1/Bills/{billId}/Stages with 13 invariants
2026-05-14 21:18:42,503 - api_testing.constraint.dynamic_constraints.invariant_extractor - DEBUG - Classifying invariant: {'pptname': 'get-/api/v1/Bills/{billId}/Stages&get-/api/v1/Bills/{billId}/Stages&200&items&stageSittings():::EXIT', 'invariant': 'input.billId == return.items.stageSittings.billId', 'invariantType': 'daikon.inv.binary.twoScalar.IntEqual', 'variables': '(input.billId, return.billId)', 'postmanAssertion': 'pm.expect(input_billId).to.eql(return_billId)', 'variable': 'return.items.stageSittings.billId', 'response_container_path': 'items.stageSittings', 'endpoint': 'get-/api/v1/Bills/{billId}/Stages'}
2026-05-14 21:18:42,503 - api_testing.constraint.dynamic_constraints.invariant_extractor - DEBUG - Classifying invariant: {'pptname': 'get-/api/v1/Bills/{billId}/Stages&get-/api/v1/Bills/{billId}/Stages&200&items&stageSittings():::EXIT', 'invariant': 'LENGTH(return.items.stageSittings.date)==19', 'invariantType': 'daikon.inv.unary.string.FixedLengthString', 'variables': '(return.date)', 'postmanAssertion': 'pm.expect(return_date).to.have.length(19)', 'variable': 'return.items.stageSittings.date', 'response_container_path': 'items.stageSittings', 'endpoint': 'get-/api/v1/Bills/{billId}/Stages'}
2026-05-14 21:18:42,503 - api_testing.constraint.dynamic_constraints.invariant_extractor - DEBUG - Classifying invariant: {'pptname': 'get-/api/v1/Bills/{billId}/Stages&get-/api/v1/Bills/{billId}/Stages&200&items():::EXIT', 'invariant': 'return.items.sessionId one of { 38, 39 }', 'invariantType': 'daikon.inv.unary.scalar.OneOfScalar', 'variables': '(return.sessionId)', 'postmanAssertion': 'pm.expect([38, 39, 0].includes(return_sessionId)).to.be.true', 'variable': 'return.items.sessionId', 'response_container_path': 'items', 'endpoint': 'get-/api/v1/Bills/{billId}/Stages'}
2026-05-14 21:18:42,503 - api_testing.constraint.dynamic_constraints.invariant_extractor - DEBUG - Classifying invariant: {'pptname': 'get-/api/v1/Bills/{billId}/Stages&get-/api/v1/Bills/{billId}/Stages&200&items():::EXIT', 'invariant': 'return.items.house one of { "Commons", "Lords" }', 'invariantType': 'daikon.inv.unary.string.OneOfString', 'variables': '(return.house)', 'postmanAssertion': 'pm.expect(["Commons", "Lords"].includes(return_house)).to.be.true', 'variable': 'return.items.house', 'response_container_path': 'items', 'endpoint': 'get-/api/v1/Bills/{billId}/Stages'}
2026-05-14 21:18:42,503 - api_testing.constraint.dynamic_constraints.invariant_extractor - DEBUG - Classifying invariant: {'pptname': 'get-/api/v1/Bills/{billId}/Stages&get-/api/v1/Bills/{billId}/Stages&200&items():::EXIT', 'invariant': 'return.items.sortOrder >= 1', 'invariantType': 'daikon.inv.unary.scalar.LowerBound', 'variables': '(return.sortOrder)', 'postmanAssertion': 'pm.expect(return_sortOrder).to.be.at.least(1)', 'variable': 'return.items.sortOrder', 'response_container_path': 'items', 'endpoint': 'get-/api/v1/Bills/{billId}/Stages'}
2026-05-14 21:18:42,503 - api_testing.constraint.dynamic_constraints.invariant_extractor - DEBUG - Classifying invariant: {'pptname': 'get-/api/v1/Bills/{billId}/Stages&get-/api/v1/Bills/{billId}/Stages&200&items():::EXIT', 'invariant': 'size(return.items.stageSittings[]) == 1', 'invariantType': 'daikon.inv.unary.scalar.OneOfScalar', 'variables': '(size(return.stageSittings[..]))', 'postmanAssertion': 'pm.expect([1].includes(return_stageSittings_size_array)).to.be.true', 'variable': 'return.items.stageSittings', 'response_container_path': 'items', 'endpoint': 'get-/api/v1/Bills/{billId}/Stages'}
2026-05-14 21:18:42,503 - api_testing.constraint.dynamic_constraints.invariant_extractor - DEBUG - Classifying invariant: {'pptname': 'get-/api/v1/Bills/{billId}/Stages&get-/api/v1/Bills/{billId}/Stages&200&items():::EXIT', 'invariant': 'return.items.stageId >= return.items.sortOrder', 'invariantType': 'daikon.inv.binary.twoScalar.IntGreaterEqual', 'variables': '(return.stageId, return.sortOrder)', 'postmanAssertion': 'pm.expect(return_stageId).to.be.at.least(return_sortOrder)', 'variable': 'return.items.stageId', 'response_container_path': 'items', 'endpoint': 'get-/api/v1/Bills/{billId}/Stages'}
2026-05-14 21:18:42,503 - api_testing.constraint.dynamic_constraints.invariant_extractor - DEBUG - Classifying invariant: {'pptname': 'get-/api/v1/Bills/{billId}/Stages&get-/api/v1/Bills/{billId}/Stages&200&items():::EXIT', 'invariant': 'return.items.stageId >= size(return.items.stageSittings[])', 'invariantType': 'daikon.inv.binary.twoScalar.IntGreaterEqual', 'variables': '(return.stageId, size(return.stageSittings[..]))', 'postmanAssertion': 'pm.expect(return_stageId).to.be.at.least(return_stageSittings_size_array)', 'variable': 'return.items.stageId', 'response_container_path': 'items', 'endpoint': 'get-/api/v1/Bills/{billId}/Stages'}
2026-05-14 21:18:42,503 - api_testing.constraint.dynamic_constraints.invariant_extractor - DEBUG - Classifying invariant: {'pptname': 'get-/api/v1/Bills/{billId}/Stages&get-/api/v1/Bills/{billId}/Stages&200():::EXIT', 'invariant': 'input.Take == return.itemsPerPage', 'invariantType': 'daikon.inv.binary.twoScalar.IntEqual', 'variables': '(input.Take, return.itemsPerPage)', 'postmanAssertion': 'pm.expect(input_Take).to.eql(return_itemsPerPage)', 'variable': 'return.itemsPerPage', 'response_container_path': None, 'endpoint': 'get-/api/v1/Bills/{billId}/Stages'}
2026-05-14 21:18:42,503 - api_testing.constraint.dynamic_constraints.invariant_extractor - DEBUG - Classifying invariant: {'pptname': 'get-/api/v1/Bills/{billId}/Stages&get-/api/v1/Bills/{billId}/Stages&200():::EXIT', 'invariant': 'return.totalResults == size(return.items[])', 'invariantType': 'daikon.inv.binary.twoScalar.IntEqual', 'variables': '(return.totalResults, size(return.items[..]))', 'postmanAssertion': 'pm.expect(return_totalResults).to.eql(return_items_size_array)', 'variable': 'return.totalResults', 'response_container_path': None, 'endpoint': 'get-/api/v1/Bills/{billId}/Stages'}
2026-05-14 21:18:42,503 - api_testing.constraint.dynamic_constraints.invariant_extractor - DEBUG - Classifying invariant: {'pptname': 'get-/api/v1/Bills/{billId}/Stages&get-/api/v1/Bills/{billId}/Stages&200():::EXIT', 'invariant': 'return.totalResults == size(return.items[])', 'invariantType': 'daikon.inv.binary.twoScalar.IntEqual', 'variables': '(return.totalResults, size(return.items[..]))', 'postmanAssertion': 'pm.expect(return_totalResults).to.eql(return_items_size_array)', 'variable': 'return.totalResults', 'response_container_path': None, 'endpoint': 'get-/api/v1/Bills/{billId}/Stages'}
2026-05-14 21:18:42,503 - api_testing.constraint.dynamic_constraints.invariant_extractor - DEBUG - Classifying invariant: {'pptname': 'get-/api/v1/Bills/{billId}/Stages&get-/api/v1/Bills/{billId}/Stages&200():::EXIT', 'invariant': 'return.totalResults one of { 1, 4 }', 'invariantType': 'daikon.inv.unary.scalar.OneOfScalar', 'variables': '(return.totalResults)', 'postmanAssertion': 'pm.expect([1, 4, 0].includes(return_totalResults)).to.be.true', 'variable': 'return.totalResults', 'response_container_path': None, 'endpoint': 'get-/api/v1/Bills/{billId}/Stages'}
2026-05-14 21:18:42,503 - api_testing.constraint.dynamic_constraints.invariant_extractor - DEBUG - Classifying invariant: {'pptname': 'get-/api/v1/Bills/{billId}/Stages&get-/api/v1/Bills/{billId}/Stages&200():::EXIT', 'invariant': 'return.itemsPerPage one of { 20, 1000 }', 'invariantType': 'daikon.inv.unary.scalar.OneOfScalar', 'variables': '(return.itemsPerPage)', 'postmanAssertion': 'pm.expect([20, 1000, 0].includes(return_itemsPerPage)).to.be.true', 'variable': 'return.itemsPerPage', 'response_container_path': None, 'endpoint': 'get-/api/v1/Bills/{billId}/Stages'}
2026-05-14 21:18:42,504 - api_testing.constraint.dynamic_constraints.invariant_extractor - DEBUG - InvariantClassification Prompt: Is the following invariants for a REST endpoint "true - positive" or "false - positive"?
Endpoint: GET /api/v1/Bills/{billId}/Stages
Description: Returns all Bill stages.
Parameters:
- billId : a integer to describe Stages relating to a Bill with Bill ID specified, format int32, minimum: 0
- Skip : a integer , format int32
- Take : a integer , format int32
Responses:
- items.id : a integer, format int32
- items.stageId : a integer, format int32
- items.sessionId : a integer, format int32
- items.description : a string
- items.abbreviation : a string
- items.house : a string, values in of ['All', 'Commons', 'Lords', 'Unassigned']
- items.stageSittings.id : a integer, format int32
- items.stageSittings.stageId : a integer, format int32
- items.stageSittings.billStageId : a integer, format int32
- items.stageSittings.billId : a integer, format int32
- items.stageSittings.date : a string, format date-time
- items.sortOrder : a integer, format int32
- totalResults : a integer, format int32
- itemsPerPage : a integer, format int32
Invariants: 
#1: Invariant: input.billId == return.items.stageSittings.billId
Invariant Type: daikon.inv.binary.twoScalar.IntEqual 
Invariant description: Represents an invariant of == between two long scalars. Prints as x == y.
The return fields refer to the path items.stageSittings in the response body .
#2: Invariant: LENGTH(return.items.stageSittings.date)==19
Invariant Type: daikon.inv.unary.string.FixedLengthString 
Invariant description: Indicates that the value of a string variable always has a fixed length n. Represented as LENGTH(x)==n.
The return fields refer to the path items.stageSittings in the response body .
#3: Invariant: return.items.sessionId one of { 38, 39 }
Invariant Type: daikon.inv.unary.scalar.OneOfScalar 
Invariant description: Represents long variables that take on only a few distinct values. Prints as either x == c (when there is only one value) or as x one of {c1, c2, c3} (when there are multiple values).
The return fields refer to the path items in the response body .
#4: Invariant: return.items.house one of { "Commons", "Lords" }
Invariant Type: daikon.inv.unary.string.OneOfString 
Invariant description: Represents String variables that take on only a few distinct values. Prints as either x == c (when there is only one value) or as x one of {c1, c2, c3} (when there are multiple values).
The return fields refer to the path items in the response body .
#5: Invariant: return.items.sortOrder >= 1
Invariant Type: daikon.inv.unary.scalar.LowerBound 
Invariant description: Represents the invariant x >= c, where c is a constant and x is a long scalar.
The return fields refer to the path items in the response body .
#6: Invariant: size(return.items.stageSittings[]) == 1
Invariant Type: daikon.inv.unary.scalar.OneOfScalar 
Invariant description: Represents long variables that take on only a few distinct values. Prints as either x == c (when there is only one value) or as x one of {c1, c2, c3} (when there are multiple values).
The return fields refer to the path items in the response body .
#7: Invariant: return.items.stageId >= return.items.sortOrder
Invariant Type: daikon.inv.binary.twoScalar.IntGreaterEqual 
Invariant description: Represents an invariant of >= between two long scalars. Prints as x >= y.
The return fields refer to the path items in the response body .
#8: Invariant: return.items.stageId >= size(return.items.stageSittings[])
Invariant Type: daikon.inv.binary.twoScalar.IntGreaterEqual 
Invariant description: Represents an invariant of >= between two long scalars. Prints as x >= y.
The return fields refer to the path items in the response body .
#9: Invariant: input.Take == return.itemsPerPage
Invariant Type: daikon.inv.binary.twoScalar.IntEqual 
Invariant description: Represents an invariant of == between two long scalars. Prints as x == y.
The return fields refer to the path __ROOT__ in the response body .
#10: Invariant: return.totalResults == size(return.items[])
Invariant Type: daikon.inv.binary.twoScalar.IntEqual 
Invariant description: Represents an invariant of == between two long scalars. Prints as x == y.
The return fields refer to the path __ROOT__ in the response body .
#11: Invariant: return.totalResults == size(return.items[])
Invariant Type: daikon.inv.binary.twoScalar.IntEqual 
Invariant description: Represents an invariant of == between two long scalars. Prints as x == y.
The return fields refer to the path __ROOT__ in the response body .
#12: Invariant: return.totalResults one of { 1, 4 }
Invariant Type: daikon.inv.unary.scalar.OneOfScalar 
Invariant description: Represents long variables that take on only a few distinct values. Prints as either x == c (when there is only one value) or as x one of {c1, c2, c3} (when there are multiple values).
The return fields refer to the path __ROOT__ in the response body .
#13: Invariant: return.itemsPerPage one of { 20, 1000 }
Invariant Type: daikon.inv.unary.scalar.OneOfScalar 
Invariant description: Represents long variables that take on only a few distinct values. Prints as either x == c (when there is only one value) or as x one of {c1, c2, c3} (when there are multiple values).
The return fields refer to the path __ROOT__ in the response body .
The invariant is classified as "true - positive" if it holds for every valid request on the API, and "false - positive" if it does not hold for every valid request on the API.
2026-05-14 21:18:46,385 - api_testing.constraint.dynamic_constraints.invariant_extractor - DEBUG - InvariantClassification Response: {
  "datas": [
    {
      "id": 1,
      "classification": "true-positive"
    },
    {
      "id": 2,
      "classification": "false-positive"
    },
    {
      "id": 3,
      "classification": "false-positive"
    },
    {
      "id": 4,
      "classification": "false-positive"
    },
    {
      "id": 5,
      "classification": "true-positive"
    },
    {
      "id": 6,
      "classification": "false-positive"
    },
    {
      "id": 7,
      "classification": "false-positive"
    },
    {
      "id": 8,
      "classification": "false-positive"
    },
    {
      "id": 9,
      "classification": "true-positive"
    },
    {
      "id": 10,
      "classification": "true-positive"
    },
    {
      "id": 11,
      "classification": "true-positive"
    },
    {
      "id": 12,
      "classification": "false-positive"
    },
    {
      "id": 13,
      "classification": "false-positive"
    }
  ]
}
2026-05-14 21:18:46,385 - api_testing.constraint.dynamic_constraints.invariant_extractor - INFO - Classifying invariants for endpoint: get-/api/v1/Bills/{billId}/Stages/{billStageId} with 18 invariants
2026-05-14 21:18:46,385 - api_testing.constraint.dynamic_constraints.invariant_extractor - DEBUG - Classifying invariant: {'pptname': 'get-/api/v1/Bills/{billId}/Stages/{billStageId}&get-/api/v1/Bills/{billId}/Stages/{billStageId}&200&stageSittings():::EXIT', 'invariant': 'input.billId == return.stageSittings.billId', 'invariantType': 'daikon.inv.binary.twoScalar.IntEqual', 'variables': '(input.billId, return.billId)', 'postmanAssertion': 'pm.expect(input_billId).to.eql(return_billId)', 'variable': 'return.stageSittings.billId', 'response_container_path': 'stageSittings', 'endpoint': 'get-/api/v1/Bills/{billId}/Stages/{billStageId}'}
2026-05-14 21:18:46,385 - api_testing.constraint.dynamic_constraints.invariant_extractor - DEBUG - Classifying invariant: {'pptname': 'get-/api/v1/Bills/{billId}/Stages/{billStageId}&get-/api/v1/Bills/{billId}/Stages/{billStageId}&200&stageSittings():::EXIT', 'invariant': 'input.billStageId == return.stageSittings.billStageId', 'invariantType': 'daikon.inv.binary.twoScalar.IntEqual', 'variables': '(input.billStageId, return.billStageId)', 'postmanAssertion': 'pm.expect(input_billStageId).to.eql(return_billStageId)', 'variable': 'return.stageSittings.billStageId', 'response_container_path': 'stageSittings', 'endpoint': 'get-/api/v1/Bills/{billId}/Stages/{billStageId}'}
2026-05-14 21:18:46,385 - api_testing.constraint.dynamic_constraints.invariant_extractor - DEBUG - Classifying invariant: {'pptname': 'get-/api/v1/Bills/{billId}/Stages/{billStageId}&get-/api/v1/Bills/{billId}/Stages/{billStageId}&200&stageSittings():::EXIT', 'invariant': 'return.stageSittings.stageId one of { 5, 6, 11 }', 'invariantType': 'daikon.inv.unary.scalar.OneOfScalar', 'variables': '(return.stageId)', 'postmanAssertion': 'pm.expect([5, 6, 11].includes(return_stageId)).to.be.true', 'variable': 'return.stageSittings.stageId', 'response_container_path': 'stageSittings', 'endpoint': 'get-/api/v1/Bills/{billId}/Stages/{billStageId}'}
2026-05-14 21:18:46,385 - api_testing.constraint.dynamic_constraints.invariant_extractor - DEBUG - Classifying invariant: {'pptname': 'get-/api/v1/Bills/{billId}/Stages/{billStageId}&get-/api/v1/Bills/{billId}/Stages/{billStageId}&200&stageSittings():::EXIT', 'invariant': 'LENGTH(return.stageSittings.date)==19', 'invariantType': 'daikon.inv.unary.string.FixedLengthString', 'variables': '(return.date)', 'postmanAssertion': 'pm.expect(return_date).to.have.length(19)', 'variable': 'return.stageSittings.date', 'response_container_path': 'stageSittings', 'endpoint': 'get-/api/v1/Bills/{billId}/Stages/{billStageId}'}
2026-05-14 21:18:46,385 - api_testing.constraint.dynamic_constraints.invariant_extractor - DEBUG - Classifying invariant: {'pptname': 'get-/api/v1/Bills/{billId}/Stages/{billStageId}&get-/api/v1/Bills/{billId}/Stages/{billStageId}&200&stageSittings():::EXIT', 'invariant': 'input.billStageId > return.stageSittings.id', 'invariantType': 'daikon.inv.binary.twoScalar.IntGreaterThan', 'variables': '(input.billStageId, return.id)', 'postmanAssertion': 'pm.expect(input_billStageId).to.be.greaterThan(return_id)', 'variable': 'return.stageSittings.id', 'response_container_path': 'stageSittings', 'endpoint': 'get-/api/v1/Bills/{billId}/Stages/{billStageId}'}
2026-05-14 21:18:46,385 - api_testing.constraint.dynamic_constraints.invariant_extractor - DEBUG - Classifying invariant: {'pptname': 'get-/api/v1/Bills/{billId}/Stages/{billStageId}&get-/api/v1/Bills/{billId}/Stages/{billStageId}&200():::EXIT', 'invariant': 'input.billStageId == return.id', 'invariantType': 'daikon.inv.binary.twoScalar.IntEqual', 'variables': '(input.billStageId, return.id)', 'postmanAssertion': 'pm.expect(input_billStageId).to.eql(return_id)', 'variable': 'return.id', 'response_container_path': None, 'endpoint': 'get-/api/v1/Bills/{billId}/Stages/{billStageId}'}
2026-05-14 21:18:46,385 - api_testing.constraint.dynamic_constraints.invariant_extractor - DEBUG - Classifying invariant: {'pptname': 'get-/api/v1/Bills/{billId}/Stages/{billStageId}&get-/api/v1/Bills/{billId}/Stages/{billStageId}&200():::EXIT', 'invariant': 'return.stageId one of { 5, 6, 11 }', 'invariantType': 'daikon.inv.unary.scalar.OneOfScalar', 'variables': '(return.stageId)', 'postmanAssertion': 'pm.expect([5, 6, 11].includes(return_stageId)).to.be.true', 'variable': 'return.stageId', 'response_container_path': None, 'endpoint': 'get-/api/v1/Bills/{billId}/Stages/{billStageId}'}
2026-05-14 21:18:46,385 - api_testing.constraint.dynamic_constraints.invariant_extractor - DEBUG - Classifying invariant: {'pptname': 'get-/api/v1/Bills/{billId}/Stages/{billStageId}&get-/api/v1/Bills/{billId}/Stages/{billStageId}&200():::EXIT', 'invariant': 'return.description one of { "1st reading", "3rd reading", "Royal Assent" }', 'invariantType': 'daikon.inv.unary.string.OneOfString', 'variables': '(return.description)', 'postmanAssertion': 'pm.expect(["1st reading", "3rd reading", "Royal Assent"].includes(return_description)).to.be.true', 'variable': 'return.description', 'response_container_path': None, 'endpoint': 'get-/api/v1/Bills/{billId}/Stages/{billStageId}'}
2026-05-14 21:18:46,385 - api_testing.constraint.dynamic_constraints.invariant_extractor - DEBUG - Classifying invariant: {'pptname': 'get-/api/v1/Bills/{billId}/Stages/{billStageId}&get-/api/v1/Bills/{billId}/Stages/{billStageId}&200():::EXIT', 'invariant': 'return.abbreviation one of { "1R", "3R", "RA" }', 'invariantType': 'daikon.inv.unary.string.OneOfString', 'variables': '(return.abbreviation)', 'postmanAssertion': 'pm.expect(["1R", "3R", "RA"].includes(return_abbreviation)).to.be.true', 'variable': 'return.abbreviation', 'response_container_path': None, 'endpoint': 'get-/api/v1/Bills/{billId}/Stages/{billStageId}'}
2026-05-14 21:18:46,385 - api_testing.constraint.dynamic_constraints.invariant_extractor - DEBUG - Classifying invariant: {'pptname': 'get-/api/v1/Bills/{billId}/Stages/{billStageId}&get-/api/v1/Bills/{billId}/Stages/{billStageId}&200():::EXIT', 'invariant': 'LENGTH(return.abbreviation)==2', 'invariantType': 'daikon.inv.unary.string.FixedLengthString', 'variables': '(return.abbreviation)', 'postmanAssertion': 'pm.expect(return_abbreviation).to.have.length(2)', 'variable': 'return.abbreviation', 'response_container_path': None, 'endpoint': 'get-/api/v1/Bills/{billId}/Stages/{billStageId}'}
2026-05-14 21:18:46,385 - api_testing.constraint.dynamic_constraints.invariant_extractor - DEBUG - Classifying invariant: {'pptname': 'get-/api/v1/Bills/{billId}/Stages/{billStageId}&get-/api/v1/Bills/{billId}/Stages/{billStageId}&200():::EXIT', 'invariant': 'return.house one of { "Commons", "Lords", "Unassigned" }', 'invariantType': 'daikon.inv.unary.string.OneOfString', 'variables': '(return.house)', 'postmanAssertion': 'pm.expect(["Commons", "Lords", "Unassigned"].includes(return_house)).to.be.true', 'variable': 'return.house', 'response_container_path': None, 'endpoint': 'get-/api/v1/Bills/{billId}/Stages/{billStageId}'}
2026-05-14 21:18:46,385 - api_testing.constraint.dynamic_constraints.invariant_extractor - DEBUG - Classifying invariant: {'pptname': 'get-/api/v1/Bills/{billId}/Stages/{billStageId}&get-/api/v1/Bills/{billId}/Stages/{billStageId}&200():::EXIT', 'invariant': 'return.sortOrder one of { 1, 4, 8 }', 'invariantType': 'daikon.inv.unary.scalar.OneOfScalar', 'variables': '(return.sortOrder)', 'postmanAssertion': 'pm.expect([1, 4, 8].includes(return_sortOrder)).to.be.true', 'variable': 'return.sortOrder', 'response_container_path': None, 'endpoint': 'get-/api/v1/Bills/{billId}/Stages/{billStageId}'}
2026-05-14 21:18:46,385 - api_testing.constraint.dynamic_constraints.invariant_extractor - DEBUG - Classifying invariant: {'pptname': 'get-/api/v1/Bills/{billId}/Stages/{billStageId}&get-/api/v1/Bills/{billId}/Stages/{billStageId}&200():::EXIT', 'invariant': 'return.previousStageBillStageId one of { 8311, 12409, 18555 }', 'invariantType': 'daikon.inv.unary.scalar.OneOfScalar', 'variables': '(return.previousStageBillStageId)', 'postmanAssertion': 'pm.expect([8311, 12409, 18555].includes(return_previousStageBillStageId)).to.be.true', 'variable': 'return.previousStageBillStageId', 'response_container_path': None, 'endpoint': 'get-/api/v1/Bills/{billId}/Stages/{billStageId}'}
2026-05-14 21:18:46,385 - api_testing.constraint.dynamic_constraints.invariant_extractor - DEBUG - Classifying invariant: {'pptname': 'get-/api/v1/Bills/{billId}/Stages/{billStageId}&get-/api/v1/Bills/{billId}/Stages/{billStageId}&200():::EXIT', 'invariant': 'return.hasMotions == 0', 'invariantType': 'daikon.inv.unary.scalar.OneOfScalar', 'variables': '(return.hasMotions)', 'postmanAssertion': 'pm.expect([0].includes(return_hasMotions)).to.be.true', 'variable': 'return.hasMotions', 'response_container_path': None, 'endpoint': 'get-/api/v1/Bills/{billId}/Stages/{billStageId}'}
2026-05-14 21:18:46,385 - api_testing.constraint.dynamic_constraints.invariant_extractor - DEBUG - Classifying invariant: {'pptname': 'get-/api/v1/Bills/{billId}/Stages/{billStageId}&get-/api/v1/Bills/{billId}/Stages/{billStageId}&200():::EXIT', 'invariant': 'size(return.stageSittings[]) == 1', 'invariantType': 'daikon.inv.unary.scalar.OneOfScalar', 'variables': '(size(return.stageSittings[..]))', 'postmanAssertion': 'pm.expect([1].includes(return_stageSittings_size_array)).to.be.true', 'variable': 'return.stageSittings', 'response_container_path': None, 'endpoint': 'get-/api/v1/Bills/{billId}/Stages/{billStageId}'}
2026-05-14 21:18:46,385 - api_testing.constraint.dynamic_constraints.invariant_extractor - DEBUG - Classifying invariant: {'pptname': 'get-/api/v1/Bills/{billId}/Stages/{billStageId}&get-/api/v1/Bills/{billId}/Stages/{billStageId}&200():::EXIT', 'invariant': 'input.billStageId > return.previousStageBillStageId', 'invariantType': 'daikon.inv.binary.twoScalar.IntGreaterThan', 'variables': '(input.billStageId, return.previousStageBillStageId)', 'postmanAssertion': 'pm.expect(input_billStageId).to.be.greaterThan(return_previousStageBillStageId)', 'variable': 'return.previousStageBillStageId', 'response_container_path': None, 'endpoint': 'get-/api/v1/Bills/{billId}/Stages/{billStageId}'}
2026-05-14 21:18:46,385 - api_testing.constraint.dynamic_constraints.invariant_extractor - DEBUG - Classifying invariant: {'pptname': 'get-/api/v1/Bills/{billId}/Stages/{billStageId}&get-/api/v1/Bills/{billId}/Stages/{billStageId}&200():::EXIT', 'invariant': 'return.stageId > return.sortOrder', 'invariantType': 'daikon.inv.binary.twoScalar.IntGreaterThan', 'variables': '(return.stageId, return.sortOrder)', 'postmanAssertion': 'pm.expect(return_stageId).to.be.greaterThan(return_sortOrder)', 'variable': 'return.stageId', 'response_container_path': None, 'endpoint': 'get-/api/v1/Bills/{billId}/Stages/{billStageId}'}
2026-05-14 21:18:46,385 - api_testing.constraint.dynamic_constraints.invariant_extractor - DEBUG - Classifying invariant: {'pptname': 'get-/api/v1/Bills/{billId}/Stages/{billStageId}&get-/api/v1/Bills/{billId}/Stages/{billStageId}&200():::EXIT', 'invariant': 'return.sortOrder >= size(return.stageSittings[])', 'invariantType': 'daikon.inv.binary.twoScalar.IntGreaterEqual', 'variables': '(return.sortOrder, size(return.stageSittings[..]))', 'postmanAssertion': 'pm.expect(return_sortOrder).to.be.at.least(return_stageSittings_size_array)', 'variable': 'return.sortOrder', 'response_container_path': None, 'endpoint': 'get-/api/v1/Bills/{billId}/Stages/{billStageId}'}
2026-05-14 21:18:46,385 - api_testing.constraint.dynamic_constraints.invariant_extractor - DEBUG - InvariantClassification Prompt: Is the following invariants for a REST endpoint "true - positive" or "false - positive"?
Endpoint: GET /api/v1/Bills/{billId}/Stages/{billStageId}
Description: Returns a Bill stage.
Parameters:
- billId : a integer to describe Bill stage relating to Bill with Bill ID specified, format int32, minimum: 0
- billStageId : a integer to describe Bill stage with ID specified, format int32, minimum: 0
Responses:
- id : a integer, format int32
- stageId : a integer, format int32
- sessionId : a integer, format int32
- description : a string
- abbreviation : a string
- house : a string, values in of ['All', 'Commons', 'Lords', 'Unassigned']
- stageSittings.id : a integer, format int32
- stageSittings.stageId : a integer, format int32
- stageSittings.billStageId : a integer, format int32
- stageSittings.billId : a integer, format int32
- stageSittings.date : a string, format date-time
- sortOrder : a integer, format int32
- committee.id : a integer, format int32
- committee.name : a string
- committee.category : a string
- committee.house : a string, values in of ['Commons', 'Lords', 'Joint']
- committee.url : a string
- nextStageBillStageId : a integer, format int32
- previousStageBillStageId : a integer, format int32
- lastUpdate : a string, format date-time
- hasMotions : a boolean
Invariants: 
#1: Invariant: input.billId == return.stageSittings.billId
Invariant Type: daikon.inv.binary.twoScalar.IntEqual 
Invariant description: Represents an invariant of == between two long scalars. Prints as x == y.
The return fields refer to the path stageSittings in the response body .
#2: Invariant: input.billStageId == return.stageSittings.billStageId
Invariant Type: daikon.inv.binary.twoScalar.IntEqual 
Invariant description: Represents an invariant of == between two long scalars. Prints as x == y.
The return fields refer to the path stageSittings in the response body .
#3: Invariant: return.stageSittings.stageId one of { 5, 6, 11 }
Invariant Type: daikon.inv.unary.scalar.OneOfScalar 
Invariant description: Represents long variables that take on only a few distinct values. Prints as either x == c (when there is only one value) or as x one of {c1, c2, c3} (when there are multiple values).
The return fields refer to the path stageSittings in the response body .
#4: Invariant: LENGTH(return.stageSittings.date)==19
Invariant Type: daikon.inv.unary.string.FixedLengthString 
Invariant description: Indicates that the value of a string variable always has a fixed length n. Represented as LENGTH(x)==n.
The return fields refer to the path stageSittings in the response body .
#5: Invariant: input.billStageId > return.stageSittings.id
Invariant Type: daikon.inv.binary.twoScalar.IntGreaterThan 
Invariant description: Represents an invariant of > between two long scalars. Prints as x > y.
The return fields refer to the path stageSittings in the response body .
#6: Invariant: input.billStageId == return.id
Invariant Type: daikon.inv.binary.twoScalar.IntEqual 
Invariant description: Represents an invariant of == between two long scalars. Prints as x == y.
The return fields refer to the path __ROOT__ in the response body .
#7: Invariant: return.stageId one of { 5, 6, 11 }
Invariant Type: daikon.inv.unary.scalar.OneOfScalar 
Invariant description: Represents long variables that take on only a few distinct values. Prints as either x == c (when there is only one value) or as x one of {c1, c2, c3} (when there are multiple values).
The return fields refer to the path __ROOT__ in the response body .
#8: Invariant: return.description one of { "1st reading", "3rd reading", "Royal Assent" }
Invariant Type: daikon.inv.unary.string.OneOfString 
Invariant description: Represents String variables that take on only a few distinct values. Prints as either x == c (when there is only one value) or as x one of {c1, c2, c3} (when there are multiple values).
The return fields refer to the path __ROOT__ in the response body .
#9: Invariant: return.abbreviation one of { "1R", "3R", "RA" }
Invariant Type: daikon.inv.unary.string.OneOfString 
Invariant description: Represents String variables that take on only a few distinct values. Prints as either x == c (when there is only one value) or as x one of {c1, c2, c3} (when there are multiple values).
The return fields refer to the path __ROOT__ in the response body .
#10: Invariant: LENGTH(return.abbreviation)==2
Invariant Type: daikon.inv.unary.string.FixedLengthString 
Invariant description: Indicates that the value of a string variable always has a fixed length n. Represented as LENGTH(x)==n.
The return fields refer to the path __ROOT__ in the response body .
#11: Invariant: return.house one of { "Commons", "Lords", "Unassigned" }
Invariant Type: daikon.inv.unary.string.OneOfString 
Invariant description: Represents String variables that take on only a few distinct values. Prints as either x == c (when there is only one value) or as x one of {c1, c2, c3} (when there are multiple values).
The return fields refer to the path __ROOT__ in the response body .
#12: Invariant: return.sortOrder one of { 1, 4, 8 }
Invariant Type: daikon.inv.unary.scalar.OneOfScalar 
Invariant description: Represents long variables that take on only a few distinct values. Prints as either x == c (when there is only one value) or as x one of {c1, c2, c3} (when there are multiple values).
The return fields refer to the path __ROOT__ in the response body .
#13: Invariant: return.previousStageBillStageId one of { 8311, 12409, 18555 }
Invariant Type: daikon.inv.unary.scalar.OneOfScalar 
Invariant description: Represents long variables that take on only a few distinct values. Prints as either x == c (when there is only one value) or as x one of {c1, c2, c3} (when there are multiple values).
The return fields refer to the path __ROOT__ in the response body .
#14: Invariant: return.hasMotions == 0
Invariant Type: daikon.inv.unary.scalar.OneOfScalar 
Invariant description: Represents long variables that take on only a few distinct values. Prints as either x == c (when there is only one value) or as x one of {c1, c2, c3} (when there are multiple values).
The return fields refer to the path __ROOT__ in the response body .
#15: Invariant: size(return.stageSittings[]) == 1
Invariant Type: daikon.inv.unary.scalar.OneOfScalar 
Invariant description: Represents long variables that take on only a few distinct values. Prints as either x == c (when there is only one value) or as x one of {c1, c2, c3} (when there are multiple values).
The return fields refer to the path __ROOT__ in the response body .
#16: Invariant: input.billStageId > return.previousStageBillStageId
Invariant Type: daikon.inv.binary.twoScalar.IntGreaterThan 
Invariant description: Represents an invariant of > between two long scalars. Prints as x > y.
The return fields refer to the path __ROOT__ in the response body .
#17: Invariant: return.stageId > return.sortOrder
Invariant Type: daikon.inv.binary.twoScalar.IntGreaterThan 
Invariant description: Represents an invariant of > between two long scalars. Prints as x > y.
The return fields refer to the path __ROOT__ in the response body .
#18: Invariant: return.sortOrder >= size(return.stageSittings[])
Invariant Type: daikon.inv.binary.twoScalar.IntGreaterEqual 
Invariant description: Represents an invariant of >= between two long scalars. Prints as x >= y.
The return fields refer to the path __ROOT__ in the response body .
The invariant is classified as "true - positive" if it holds for every valid request on the API, and "false - positive" if it does not hold for every valid request on the API.
2026-05-14 21:18:51,847 - api_testing.constraint.dynamic_constraints.invariant_extractor - DEBUG - InvariantClassification Response: {
  "datas": [
    {
      "id": 1,
      "classification": "true-positive"
    },
    {
      "id": 2,
      "classification": "true-positive"
    },
    {
      "id": 3,
      "classification": "false-positive"
    },
    {
      "id": 4,
      "classification": "false-positive"
    },
    {
      "id": 5,
      "classification": "false-positive"
    },
    {
      "id": 6,
      "classification": "true-positive"
    },
    {
      "id": 7,
      "classification": "false-positive"
    },
    {
      "id": 8,
      "classification": "false-positive"
    },
    {
      "id": 9,
      "classification": "false-positive"
    },
    {
      "id": 10,
      "classification": "false-positive"
    },
    {
      "id": 11,
      "classification": "false-positive"
    },
    {
      "id": 12,
      "classification": "false-positive"
    },
    {
      "id": 13,
      "classification": "false-positive"
    },
    {
      "id": 14,
      "classification": "false-positive"
    },
    {
      "id": 15,
      "classification": "false-positive"
    },
    {
      "id": 16,
      "classification": "false-positive"
    },
    {
      "id": 17,
      "classification": "false-positive"
    },
    {
      "id": 18,
      "classification": "false-positive"
    }
  ]
}
2026-05-14 21:18:51,847 - api_testing.constraint.dynamic_constraints.invariant_extractor - INFO - Classifying invariants for endpoint: get-/api/v1/Bills/{billId}/Stages/{billStageId}/Amendments with 5 invariants
2026-05-14 21:18:51,847 - api_testing.constraint.dynamic_constraints.invariant_extractor - DEBUG - Classifying invariant: {'pptname': 'get-/api/v1/Bills/{billId}/Stages/{billStageId}/Amendments&get-/api/v1/Bills/{billId}/Stages/{billStageId}/Amendments&200():::EXIT', 'invariant': 'input.Take == return.itemsPerPage', 'invariantType': 'daikon.inv.binary.twoScalar.IntEqual', 'variables': '(input.Take, return.itemsPerPage)', 'postmanAssertion': 'pm.expect(input_Take).to.eql(return_itemsPerPage)', 'variable': 'return.itemsPerPage', 'response_container_path': None, 'endpoint': 'get-/api/v1/Bills/{billId}/Stages/{billStageId}/Amendments'}
2026-05-14 21:18:51,847 - api_testing.constraint.dynamic_constraints.invariant_extractor - DEBUG - Classifying invariant: {'pptname': 'get-/api/v1/Bills/{billId}/Stages/{billStageId}/Amendments&get-/api/v1/Bills/{billId}/Stages/{billStageId}/Amendments&200():::EXIT', 'invariant': 'return.totalResults == size(return.items[])', 'invariantType': 'daikon.inv.binary.twoScalar.IntEqual', 'variables': '(return.totalResults, size(return.items[..]))', 'postmanAssertion': 'pm.expect(return_totalResults).to.eql(return_items_size_array)', 'variable': 'return.totalResults', 'response_container_path': None, 'endpoint': 'get-/api/v1/Bills/{billId}/Stages/{billStageId}/Amendments'}
2026-05-14 21:18:51,847 - api_testing.constraint.dynamic_constraints.invariant_extractor - DEBUG - Classifying invariant: {'pptname': 'get-/api/v1/Bills/{billId}/Stages/{billStageId}/Amendments&get-/api/v1/Bills/{billId}/Stages/{billStageId}/Amendments&200():::EXIT', 'invariant': 'return.totalResults == size(return.items[])', 'invariantType': 'daikon.inv.binary.twoScalar.IntEqual', 'variables': '(return.totalResults, size(return.items[..]))', 'postmanAssertion': 'pm.expect(return_totalResults).to.eql(return_items_size_array)', 'variable': 'return.totalResults', 'response_container_path': None, 'endpoint': 'get-/api/v1/Bills/{billId}/Stages/{billStageId}/Amendments'}
2026-05-14 21:18:51,847 - api_testing.constraint.dynamic_constraints.invariant_extractor - DEBUG - Classifying invariant: {'pptname': 'get-/api/v1/Bills/{billId}/Stages/{billStageId}/Amendments&get-/api/v1/Bills/{billId}/Stages/{billStageId}/Amendments&200():::EXIT', 'invariant': 'return.items[] == []', 'invariantType': 'daikon.inv.unary.sequence.OneOfSequence', 'variables': '(return.items[..])', 'postmanAssertion': 'pm.expect([[]].some(value => pm.expect(return_items_array).to.deep.equal(value).that)).to.be.true', 'variable': 'return.items', 'response_container_path': None, 'endpoint': 'get-/api/v1/Bills/{billId}/Stages/{billStageId}/Amendments'}
2026-05-14 21:18:51,847 - api_testing.constraint.dynamic_constraints.invariant_extractor - DEBUG - Classifying invariant: {'pptname': 'get-/api/v1/Bills/{billId}/Stages/{billStageId}/Amendments&get-/api/v1/Bills/{billId}/Stages/{billStageId}/Amendments&200():::EXIT', 'invariant': 'return.itemsPerPage one of { 20, 1000, 1990603861 }', 'invariantType': 'daikon.inv.unary.scalar.OneOfScalar', 'variables': '(return.itemsPerPage)', 'postmanAssertion': 'pm.expect([20, 1000, 1990603861].includes(return_itemsPerPage)).to.be.true', 'variable': 'return.itemsPerPage', 'response_container_path': None, 'endpoint': 'get-/api/v1/Bills/{billId}/Stages/{billStageId}/Amendments'}
2026-05-14 21:18:51,848 - api_testing.constraint.dynamic_constraints.invariant_extractor - DEBUG - InvariantClassification Prompt: Is the following invariants for a REST endpoint "true - positive" or "false - positive"?
Endpoint: GET /api/v1/Bills/{billId}/Stages/{billStageId}/Amendments
Description: Returns a list of amendments.
Parameters:
- billId : a integer to describe Amendments relating to a Bill with Bill ID specified, format int32, minimum: 1
- billStageId : a integer to describe Amendments relating to a Bill stage with Bill stage ID specified, format int32, minimum: 1
- SearchTerm : a string 
- Decision : a string , values in of ['All', 'NoDecision', 'Withdrawn', 'Disagreed', 'NotMoved', 'Agreed', 'QuestionProposed', 'NotSelected', 'WithdrawnBeforeDebate', 'StoodPart', 'NotStoodPart', 'Preempted', 'NotCalled', 'NegativedOnDivision', 'AgreedOnDivision']
- MemberId : a integer , format int32
- Skip : a integer , format int32
- Take : a integer , format int32
Responses:
- items.id : a integer, format int32
- items.billId : a integer, format int32
- items.billStageId : a integer, format int32
- items.statusIndicator : a string
- items.decision : a string, values in of ['NoDecision', 'Withdrawn', 'Disagreed', 'NotMoved', 'Agreed', 'QuestionProposed', 'NotSelected', 'WithdrawnBeforeDebate', 'StoodPart', 'NotStoodPart', 'Preempted', 'NotCalled', 'NegativedOnDivision', 'AgreedOnDivision']
- items.decisionExplanation : a string
- items.sponsors.memberId : a integer, format int32
- items.sponsors.name : a string
- items.sponsors.party : a string
- items.sponsors.partyColour : a string
- items.sponsors.house : a string, values in of ['All', 'Commons', 'Lords', 'Unassigned']
- items.sponsors.memberPhoto : a string
- items.sponsors.memberPage : a string
- items.sponsors.memberFrom : a string
- items.sponsors.sortOrder : a integer, format int32
- items.sponsors.isLead : a boolean
- items.amendmentId : a integer, format int32
- items.amendmentType : a string, values in of ['EditLongTitle', 'EditBillBody', 'AddClauseOrSchedule', 'DeleteClauseOrSchedule']
- items.clause : a integer, format int32
- items.schedule : a integer, format int32
- items.pageNumber : a integer, format int32
- items.lineNumber : a integer, format int32
- items.amendmentPosition : a string
- items.marshalledListText : a string
- items.summaryText : array of AmendmentSearchItem object
- totalResults : a integer, format int32
- itemsPerPage : a integer, format int32
Invariants: 
#1: Invariant: input.Take == return.itemsPerPage
Invariant Type: daikon.inv.binary.twoScalar.IntEqual 
Invariant description: Represents an invariant of == between two long scalars. Prints as x == y.
The return fields refer to the path __ROOT__ in the response body .
#2: Invariant: return.totalResults == size(return.items[])
Invariant Type: daikon.inv.binary.twoScalar.IntEqual 
Invariant description: Represents an invariant of == between two long scalars. Prints as x == y.
The return fields refer to the path __ROOT__ in the response body .
#3: Invariant: return.totalResults == size(return.items[])
Invariant Type: daikon.inv.binary.twoScalar.IntEqual 
Invariant description: Represents an invariant of == between two long scalars. Prints as x == y.
The return fields refer to the path __ROOT__ in the response body .
#4: Invariant: return.items[] == []
Invariant Type: daikon.inv.unary.sequence.OneOfSequence 
Invariant description: Represents long[] variables that take on only a few distinct values. Prints as either x == c (when there is only one value) or as x one of {c1, c2, c3} (when there are multiple values).
The return fields refer to the path __ROOT__ in the response body .
#5: Invariant: return.itemsPerPage one of { 20, 1000, 1990603861 }
Invariant Type: daikon.inv.unary.scalar.OneOfScalar 
Invariant description: Represents long variables that take on only a few distinct values. Prints as either x == c (when there is only one value) or as x one of {c1, c2, c3} (when there are multiple values).
The return fields refer to the path __ROOT__ in the response body .
The invariant is classified as "true - positive" if it holds for every valid request on the API, and "false - positive" if it does not hold for every valid request on the API.
2026-05-14 21:18:54,552 - api_testing.constraint.dynamic_constraints.invariant_extractor - DEBUG - InvariantClassification Response: {
  "datas": [
    {
      "id": 1,
      "classification": "false-positive"
    },
    {
      "id": 2,
      "classification": "false-positive"
    },
    {
      "id": 3,
      "classification": "false-positive"
    },
    {
      "id": 4,
      "classification": "false-positive"
    },
    {
      "id": 5,
      "classification": "false-positive"
    }
  ]
}
2026-05-14 21:18:54,553 - api_testing.constraint.dynamic_constraints.invariant_extractor - INFO - Classifying invariants for endpoint: get-/api/v1/Bills/{billId}/Stages/{billStageId}/PingPongItems with 4 invariants
2026-05-14 21:18:54,554 - api_testing.constraint.dynamic_constraints.invariant_extractor - DEBUG - Classifying invariant: {'pptname': 'get-/api/v1/Bills/{billId}/Stages/{billStageId}/PingPongItems&get-/api/v1/Bills/{billId}/Stages/{billStageId}/PingPongItems&200():::EXIT', 'invariant': 'return.totalResults == size(return.items[])', 'invariantType': 'daikon.inv.binary.twoScalar.IntEqual', 'variables': '(return.totalResults, size(return.items[..]))', 'postmanAssertion': 'pm.expect(return_totalResults).to.eql(return_items_size_array)', 'variable': 'return.totalResults', 'response_container_path': None, 'endpoint': 'get-/api/v1/Bills/{billId}/Stages/{billStageId}/PingPongItems'}
2026-05-14 21:18:54,554 - api_testing.constraint.dynamic_constraints.invariant_extractor - DEBUG - Classifying invariant: {'pptname': 'get-/api/v1/Bills/{billId}/Stages/{billStageId}/PingPongItems&get-/api/v1/Bills/{billId}/Stages/{billStageId}/PingPongItems&200():::EXIT', 'invariant': 'return.totalResults == size(return.items[])', 'invariantType': 'daikon.inv.binary.twoScalar.IntEqual', 'variables': '(return.totalResults, size(return.items[..]))', 'postmanAssertion': 'pm.expect(return_totalResults).to.eql(return_items_size_array)', 'variable': 'return.totalResults', 'response_container_path': None, 'endpoint': 'get-/api/v1/Bills/{billId}/Stages/{billStageId}/PingPongItems'}
2026-05-14 21:18:54,554 - api_testing.constraint.dynamic_constraints.invariant_extractor - DEBUG - Classifying invariant: {'pptname': 'get-/api/v1/Bills/{billId}/Stages/{billStageId}/PingPongItems&get-/api/v1/Bills/{billId}/Stages/{billStageId}/PingPongItems&200():::EXIT', 'invariant': 'return.items[] == []', 'invariantType': 'daikon.inv.unary.sequence.OneOfSequence', 'variables': '(return.items[..])', 'postmanAssertion': 'pm.expect([[]].some(value => pm.expect(return_items_array).to.deep.equal(value).that)).to.be.true', 'variable': 'return.items', 'response_container_path': None, 'endpoint': 'get-/api/v1/Bills/{billId}/Stages/{billStageId}/PingPongItems'}
2026-05-14 21:18:54,554 - api_testing.constraint.dynamic_constraints.invariant_extractor - DEBUG - Classifying invariant: {'pptname': 'get-/api/v1/Bills/{billId}/Stages/{billStageId}/PingPongItems&get-/api/v1/Bills/{billId}/Stages/{billStageId}/PingPongItems&200():::EXIT', 'invariant': 'return.itemsPerPage one of { 20, 100, 1937350079 }', 'invariantType': 'daikon.inv.unary.scalar.OneOfScalar', 'variables': '(return.itemsPerPage)', 'postmanAssertion': 'pm.expect([20, 100, 1937350079].includes(return_itemsPerPage)).to.be.true', 'variable': 'return.itemsPerPage', 'response_container_path': None, 'endpoint': 'get-/api/v1/Bills/{billId}/Stages/{billStageId}/PingPongItems'}
2026-05-14 21:18:54,560 - api_testing.constraint.dynamic_constraints.invariant_extractor - DEBUG - InvariantClassification Prompt: Is the following invariants for a REST endpoint "true - positive" or "false - positive"?
Endpoint: GET /api/v1/Bills/{billId}/Stages/{billStageId}/PingPongItems
Description: Returns a list of motions or amendments.
Parameters:
- billId : a integer to describe Motions or amendments relating to a Bill with Bill ID specified, format int32, minimum: 1
- billStageId : a integer to describe Motions or amendments relating to a Bill stage with Bill stage ID specified, format int32, minimum: 1
- SearchTerm : a string 
- Decision : a string , values in of ['All', 'NoDecision', 'Withdrawn', 'Disagreed', 'NotMoved', 'Agreed', 'QuestionProposed', 'NotSelected', 'WithdrawnBeforeDebate', 'StoodPart', 'NotStoodPart', 'Preempted', 'NotCalled', 'NegativedOnDivision', 'AgreedOnDivision']
- MemberId : a integer , format int32
- Skip : a integer , format int32
- Take : a integer , format int32
Responses:
- items.type : a string, values in of ['Motion', 'Amendment']
- items.amendment.id : a integer, format int32
- items.amendment.billId : a integer, format int32
- items.amendment.billStageId : a integer, format int32
- items.amendment.statusIndicator : a string
- items.amendment.decision : a string, values in of ['NoDecision', 'Withdrawn', 'Disagreed', 'NotMoved', 'Agreed', 'QuestionProposed', 'NotSelected', 'WithdrawnBeforeDebate', 'StoodPart', 'NotStoodPart', 'Preempted', 'NotCalled', 'NegativedOnDivision', 'AgreedOnDivision']
- items.amendment.decisionExplanation : a string
- items.amendment.sponsors.memberId : a integer, format int32
- items.amendment.sponsors.name : a string
- items.amendment.sponsors.party : a string
- items.amendment.sponsors.partyColour : a string
- items.amendment.sponsors.house : a string, values in of ['All', 'Commons', 'Lords', 'Unassigned']
- items.amendment.sponsors.memberPhoto : a string
- items.amendment.sponsors.memberPage : a string
- items.amendment.sponsors.memberFrom : a string
- items.amendment.sponsors.sortOrder : a integer, format int32
- items.amendment.sponsors.isLead : a boolean
- items.amendment.type : a string, values in of ['Motion', 'Amendment']
- items.amendment.number : a string
- items.amendment.summary : a string
- items.motion.id : a integer, format int32
- items.motion.billId : a integer, format int32
- items.motion.billStageId : a integer, format int32
- items.motion.statusIndicator : a string
- items.motion.decision : a string, values in of ['NoDecision', 'Withdrawn', 'Disagreed', 'NotMoved', 'Agreed', 'QuestionProposed', 'NotSelected', 'WithdrawnBeforeDebate', 'StoodPart', 'NotStoodPart', 'Preempted', 'NotCalled', 'NegativedOnDivision', 'AgreedOnDivision']
- items.motion.decisionExplanation : a string
- items.motion.sponsors.memberId : a integer, format int32
- items.motion.sponsors.name : a string
- items.motion.sponsors.party : a string
- items.motion.sponsors.partyColour : a string
- items.motion.sponsors.house : a string, values in of ['All', 'Commons', 'Lords', 'Unassigned']
- items.motion.sponsors.memberPhoto : a string
- items.motion.sponsors.memberPage : a string
- items.motion.sponsors.memberFrom : a string
- items.motion.sponsors.sortOrder : a integer, format int32
- items.motion.sponsors.isLead : a boolean
- items.motion.type : a string, values in of ['Motion', 'Amendment']
- items.motion.number : a string
- items.motion.summary : a string
- totalResults : a integer, format int32
- itemsPerPage : a integer, format int32
Invariants: 
#1: Invariant: return.totalResults == size(return.items[])
Invariant Type: daikon.inv.binary.twoScalar.IntEqual 
Invariant description: Represents an invariant of == between two long scalars. Prints as x == y.
The return fields refer to the path __ROOT__ in the response body .
#2: Invariant: return.totalResults == size(return.items[])
Invariant Type: daikon.inv.binary.twoScalar.IntEqual 
Invariant description: Represents an invariant of == between two long scalars. Prints as x == y.
The return fields refer to the path __ROOT__ in the response body .
#3: Invariant: return.items[] == []
Invariant Type: daikon.inv.unary.sequence.OneOfSequence 
Invariant description: Represents long[] variables that take on only a few distinct values. Prints as either x == c (when there is only one value) or as x one of {c1, c2, c3} (when there are multiple values).
The return fields refer to the path __ROOT__ in the response body .
#4: Invariant: return.itemsPerPage one of { 20, 100, 1937350079 }
Invariant Type: daikon.inv.unary.scalar.OneOfScalar 
Invariant description: Represents long variables that take on only a few distinct values. Prints as either x == c (when there is only one value) or as x one of {c1, c2, c3} (when there are multiple values).
The return fields refer to the path __ROOT__ in the response body .
The invariant is classified as "true - positive" if it holds for every valid request on the API, and "false - positive" if it does not hold for every valid request on the API.
2026-05-14 21:18:57,262 - api_testing.constraint.dynamic_constraints.invariant_extractor - DEBUG - InvariantClassification Response: {
  "datas": [
    {
      "id": 1,
      "classification": "false-positive"
    },
    {
      "id": 2,
      "classification": "false-positive"
    },
    {
      "id": 3,
      "classification": "false-positive"
    },
    {
      "id": 4,
      "classification": "false-positive"
    }
  ]
}
2026-05-14 21:18:57,262 - api_testing.constraint.dynamic_constraints.invariant_extractor - INFO - Classifying invariants for endpoint: get-/api/v1/PublicationTypes with 5 invariants
2026-05-14 21:18:57,262 - api_testing.constraint.dynamic_constraints.invariant_extractor - DEBUG - Classifying invariant: {'pptname': 'get-/api/v1/PublicationTypes&get-/api/v1/PublicationTypes&200():::EXIT', 'invariant': 'input.Skip == return.itemsPerPage', 'invariantType': 'daikon.inv.binary.twoScalar.IntEqual', 'variables': '(input.Skip, return.itemsPerPage)', 'postmanAssertion': 'pm.expect(input_Skip).to.eql(return_itemsPerPage)', 'variable': 'return.itemsPerPage', 'response_container_path': None, 'endpoint': 'get-/api/v1/PublicationTypes'}
2026-05-14 21:18:57,262 - api_testing.constraint.dynamic_constraints.invariant_extractor - DEBUG - Classifying invariant: {'pptname': 'get-/api/v1/PublicationTypes&get-/api/v1/PublicationTypes&200():::EXIT', 'invariant': 'return.itemsPerPage == size(return.items[])', 'invariantType': 'daikon.inv.binary.twoScalar.IntEqual', 'variables': '(return.itemsPerPage, size(return.items[..]))', 'postmanAssertion': 'pm.expect(return_itemsPerPage).to.eql(return_items_size_array)', 'variable': 'return.itemsPerPage', 'response_container_path': None, 'endpoint': 'get-/api/v1/PublicationTypes'}
2026-05-14 21:18:57,262 - api_testing.constraint.dynamic_constraints.invariant_extractor - DEBUG - Classifying invariant: {'pptname': 'get-/api/v1/PublicationTypes&get-/api/v1/PublicationTypes&200():::EXIT', 'invariant': 'return.itemsPerPage == size(return.items[])', 'invariantType': 'daikon.inv.binary.twoScalar.IntEqual', 'variables': '(return.itemsPerPage, size(return.items[..]))', 'postmanAssertion': 'pm.expect(return_itemsPerPage).to.eql(return_items_size_array)', 'variable': 'return.itemsPerPage', 'response_container_path': None, 'endpoint': 'get-/api/v1/PublicationTypes'}
2026-05-14 21:18:57,262 - api_testing.constraint.dynamic_constraints.invariant_extractor - DEBUG - Classifying invariant: {'pptname': 'get-/api/v1/PublicationTypes&get-/api/v1/PublicationTypes&200():::EXIT', 'invariant': 'return.totalResults == 61', 'invariantType': 'daikon.inv.unary.scalar.OneOfScalar', 'variables': '(return.totalResults)', 'postmanAssertion': 'pm.expect([61].includes(return_totalResults)).to.be.true', 'variable': 'return.totalResults', 'response_container_path': None, 'endpoint': 'get-/api/v1/PublicationTypes'}
2026-05-14 21:18:57,262 - api_testing.constraint.dynamic_constraints.invariant_extractor - DEBUG - Classifying invariant: {'pptname': 'get-/api/v1/PublicationTypes&get-/api/v1/PublicationTypes&200():::EXIT', 'invariant': 'return.itemsPerPage == 20', 'invariantType': 'daikon.inv.unary.scalar.OneOfScalar', 'variables': '(return.itemsPerPage)', 'postmanAssertion': 'pm.expect([20].includes(return_itemsPerPage)).to.be.true', 'variable': 'return.itemsPerPage', 'response_container_path': None, 'endpoint': 'get-/api/v1/PublicationTypes'}
2026-05-14 21:18:57,262 - api_testing.constraint.dynamic_constraints.invariant_extractor - DEBUG - InvariantClassification Prompt: Is the following invariants for a REST endpoint "true - positive" or "false - positive"?
Endpoint: GET /api/v1/PublicationTypes
Description: Returns a list of publication types.
Parameters:
- Skip : a integer , format int32
- Take : a integer , format int32
Responses:
- items.id : a integer, format int32
- items.name : a string
- items.description : a string
- totalResults : a integer, format int32
- itemsPerPage : a integer, format int32
Invariants: 
#1: Invariant: input.Skip == return.itemsPerPage
Invariant Type: daikon.inv.binary.twoScalar.IntEqual 
Invariant description: Represents an invariant of == between two long scalars. Prints as x == y.
The return fields refer to the path __ROOT__ in the response body .
#2: Invariant: return.itemsPerPage == size(return.items[])
Invariant Type: daikon.inv.binary.twoScalar.IntEqual 
Invariant description: Represents an invariant of == between two long scalars. Prints as x == y.
The return fields refer to the path __ROOT__ in the response body .
#3: Invariant: return.itemsPerPage == size(return.items[])
Invariant Type: daikon.inv.binary.twoScalar.IntEqual 
Invariant description: Represents an invariant of == between two long scalars. Prints as x == y.
The return fields refer to the path __ROOT__ in the response body .
#4: Invariant: return.totalResults == 61
Invariant Type: daikon.inv.unary.scalar.OneOfScalar 
Invariant description: Represents long variables that take on only a few distinct values. Prints as either x == c (when there is only one value) or as x one of {c1, c2, c3} (when there are multiple values).
The return fields refer to the path __ROOT__ in the response body .
#5: Invariant: return.itemsPerPage == 20
Invariant Type: daikon.inv.unary.scalar.OneOfScalar 
Invariant description: Represents long variables that take on only a few distinct values. Prints as either x == c (when there is only one value) or as x one of {c1, c2, c3} (when there are multiple values).
The return fields refer to the path __ROOT__ in the response body .
The invariant is classified as "true - positive" if it holds for every valid request on the API, and "false - positive" if it does not hold for every valid request on the API.
2026-05-14 21:19:00,068 - api_testing.constraint.dynamic_constraints.invariant_extractor - DEBUG - InvariantClassification Response: {
  "datas": [
    {
      "id": 1,
      "classification": "false-positive"
    },
    {
      "id": 2,
      "classification": "false-positive"
    },
    {
      "id": 3,
      "classification": "false-positive"
    },
    {
      "id": 4,
      "classification": "false-positive"
    },
    {
      "id": 5,
      "classification": "false-positive"
    }
  ]
}
2026-05-14 21:19:00,068 - api_testing.constraint.dynamic_constraints.invariant_extractor - INFO - Classifying invariants for endpoint: get-/api/v1/Publications/{publicationId}/Documents/{documentId} with 8 invariants
2026-05-14 21:19:00,068 - api_testing.constraint.dynamic_constraints.invariant_extractor - DEBUG - Classifying invariant: {'pptname': 'get-/api/v1/Publications/{publicationId}/Documents/{documentId}&get-/api/v1/Publications/{publicationId}/Documents/{documentId}&200():::EXIT', 'invariant': 'input.documentId == return.id', 'invariantType': 'daikon.inv.binary.twoScalar.IntEqual', 'variables': '(input.documentId, return.id)', 'postmanAssertion': 'pm.expect(input_documentId).to.eql(return_id)', 'variable': 'return.id', 'response_container_path': None, 'endpoint': 'get-/api/v1/Publications/{publicationId}/Documents/{documentId}'}
2026-05-14 21:19:00,068 - api_testing.constraint.dynamic_constraints.invariant_extractor - DEBUG - Classifying invariant: {'pptname': 'get-/api/v1/Publications/{publicationId}/Documents/{documentId}&get-/api/v1/Publications/{publicationId}/Documents/{documentId}&200():::EXIT', 'invariant': 'input has only one value', 'invariantType': 'daikon.inv.unary.scalar.OneOfScalar', 'variables': '(input)', 'postmanAssertion': '//', 'endpoint': 'get-/api/v1/Publications/{publicationId}/Documents/{documentId}'}
2026-05-14 21:19:00,068 - api_testing.constraint.dynamic_constraints.invariant_extractor - DEBUG - Classifying invariant: {'pptname': 'get-/api/v1/Publications/{publicationId}/Documents/{documentId}&get-/api/v1/Publications/{publicationId}/Documents/{documentId}&200():::EXIT', 'invariant': 'return has only one value', 'invariantType': 'daikon.inv.unary.scalar.OneOfScalar', 'variables': '(return)', 'postmanAssertion': '//', 'variable': 'return', 'response_container_path': None, 'endpoint': 'get-/api/v1/Publications/{publicationId}/Documents/{documentId}'}
2026-05-14 21:19:00,068 - api_testing.constraint.dynamic_constraints.invariant_extractor - DEBUG - Classifying invariant: {'pptname': 'get-/api/v1/Publications/{publicationId}/Documents/{documentId}&get-/api/v1/Publications/{publicationId}/Documents/{documentId}&200():::EXIT', 'invariant': 'return.filename == "5901116en.pdf"', 'invariantType': 'daikon.inv.unary.string.OneOfString', 'variables': '(return.filename)', 'postmanAssertion': 'pm.expect(["5901116en.pdf"].includes(return_filename)).to.be.true', 'variable': 'return.filename', 'response_container_path': None, 'endpoint': 'get-/api/v1/Publications/{publicationId}/Documents/{documentId}'}
2026-05-14 21:19:00,068 - api_testing.constraint.dynamic_constraints.invariant_extractor - DEBUG - Classifying invariant: {'pptname': 'get-/api/v1/Publications/{publicationId}/Documents/{documentId}&get-/api/v1/Publications/{publicationId}/Documents/{documentId}&200():::EXIT', 'invariant': 'LENGTH(return.filename)==13', 'invariantType': 'daikon.inv.unary.string.FixedLengthString', 'variables': '(return.filename)', 'postmanAssertion': 'pm.expect(return_filename).to.have.length(13)', 'variable': 'return.filename', 'response_container_path': None, 'endpoint': 'get-/api/v1/Publications/{publicationId}/Documents/{documentId}'}
2026-05-14 21:19:00,068 - api_testing.constraint.dynamic_constraints.invariant_extractor - DEBUG - Classifying invariant: {'pptname': 'get-/api/v1/Publications/{publicationId}/Documents/{documentId}&get-/api/v1/Publications/{publicationId}/Documents/{documentId}&200():::EXIT', 'invariant': 'return.contentType == "application/pdf"', 'invariantType': 'daikon.inv.unary.string.OneOfString', 'variables': '(return.contentType)', 'postmanAssertion': 'pm.expect(["application/pdf"].includes(return_contentType)).to.be.true', 'variable': 'return.contentType', 'response_container_path': None, 'endpoint': 'get-/api/v1/Publications/{publicationId}/Documents/{documentId}'}
2026-05-14 21:19:00,068 - api_testing.constraint.dynamic_constraints.invariant_extractor - DEBUG - Classifying invariant: {'pptname': 'get-/api/v1/Publications/{publicationId}/Documents/{documentId}&get-/api/v1/Publications/{publicationId}/Documents/{documentId}&200():::EXIT', 'invariant': 'LENGTH(return.contentType)==15', 'invariantType': 'daikon.inv.unary.string.FixedLengthString', 'variables': '(return.contentType)', 'postmanAssertion': 'pm.expect(return_contentType).to.have.length(15)', 'variable': 'return.contentType', 'response_container_path': None, 'endpoint': 'get-/api/v1/Publications/{publicationId}/Documents/{documentId}'}
2026-05-14 21:19:00,068 - api_testing.constraint.dynamic_constraints.invariant_extractor - DEBUG - Classifying invariant: {'pptname': 'get-/api/v1/Publications/{publicationId}/Documents/{documentId}&get-/api/v1/Publications/{publicationId}/Documents/{documentId}&200():::EXIT', 'invariant': 'return.contentLength == 463896', 'invariantType': 'daikon.inv.unary.scalar.OneOfScalar', 'variables': '(return.contentLength)', 'postmanAssertion': 'pm.expect([463896].includes(return_contentLength)).to.be.true', 'variable': 'return.contentLength', 'response_container_path': None, 'endpoint': 'get-/api/v1/Publications/{publicationId}/Documents/{documentId}'}
2026-05-14 21:19:00,068 - api_testing.constraint.dynamic_constraints.invariant_extractor - DEBUG - InvariantClassification Prompt: Is the following invariants for a REST endpoint "true - positive" or "false - positive"?
Endpoint: GET /api/v1/Publications/{publicationId}/Documents/{documentId}
Description: Return information on a document.
Parameters:
- publicationId : a integer to describe Document with publication Id specified, format int32
- documentId : a integer to describe Document with Id specified, format int32
Responses:
- id : a integer, format int32
- filename : a string
- contentType : a string
- contentLength : a integer, format int32
Invariants: 
#1: Invariant: input.documentId == return.id
Invariant Type: daikon.inv.binary.twoScalar.IntEqual 
Invariant description: Represents an invariant of == between two long scalars. Prints as x == y.
The return fields refer to the path __ROOT__ in the response body .
#2: Invariant: input has only one value
Invariant Type: daikon.inv.unary.scalar.OneOfScalar 
Invariant description: Represents long variables that take on only a few distinct values. Prints as either x == c (when there is only one value) or as x one of {c1, c2, c3} (when there are multiple values).
The return fields refer to the path __ROOT__ in the response body .
#3: Invariant: return has only one value
Invariant Type: daikon.inv.unary.scalar.OneOfScalar 
Invariant description: Represents long variables that take on only a few distinct values. Prints as either x == c (when there is only one value) or as x one of {c1, c2, c3} (when there are multiple values).
The return fields refer to the path __ROOT__ in the response body .
#4: Invariant: return.filename == "5901116en.pdf"
Invariant Type: daikon.inv.unary.string.OneOfString 
Invariant description: Represents String variables that take on only a few distinct values. Prints as either x == c (when there is only one value) or as x one of {c1, c2, c3} (when there are multiple values).
The return fields refer to the path __ROOT__ in the response body .
#5: Invariant: LENGTH(return.filename)==13
Invariant Type: daikon.inv.unary.string.FixedLengthString 
Invariant description: Indicates that the value of a string variable always has a fixed length n. Represented as LENGTH(x)==n.
The return fields refer to the path __ROOT__ in the response body .
#6: Invariant: return.contentType == "application/pdf"
Invariant Type: daikon.inv.unary.string.OneOfString 
Invariant description: Represents String variables that take on only a few distinct values. Prints as either x == c (when there is only one value) or as x one of {c1, c2, c3} (when there are multiple values).
The return fields refer to the path __ROOT__ in the response body .
#7: Invariant: LENGTH(return.contentType)==15
Invariant Type: daikon.inv.unary.string.FixedLengthString 
Invariant description: Indicates that the value of a string variable always has a fixed length n. Represented as LENGTH(x)==n.
The return fields refer to the path __ROOT__ in the response body .
#8: Invariant: return.contentLength == 463896
Invariant Type: daikon.inv.unary.scalar.OneOfScalar 
Invariant description: Represents long variables that take on only a few distinct values. Prints as either x == c (when there is only one value) or as x one of {c1, c2, c3} (when there are multiple values).
The return fields refer to the path __ROOT__ in the response body .
The invariant is classified as "true - positive" if it holds for every valid request on the API, and "false - positive" if it does not hold for every valid request on the API.
2026-05-14 21:19:03,749 - api_testing.constraint.dynamic_constraints.invariant_extractor - DEBUG - InvariantClassification Response: {
  "datas": [
    {
      "id": 1,
      "classification": "true-positive"
    },
    {
      "id": 2,
      "classification": "false-positive"
    },
    {
      "id": 3,
      "classification": "false-positive"
    },
    {
      "id": 4,
      "classification": "false-positive"
    },
    {
      "id": 5,
      "classification": "false-positive"
    },
    {
      "id": 6,
      "classification": "false-positive"
    },
    {
      "id": 7,
      "classification": "false-positive"
    },
    {
      "id": 8,
      "classification": "false-positive"
    }
  ]
}
2026-05-14 21:19:03,749 - api_testing.constraint.dynamic_constraints.invariant_extractor - INFO - Classifying invariants for endpoint: get-/api/v1/Sittings with 13 invariants
2026-05-14 21:19:03,749 - api_testing.constraint.dynamic_constraints.invariant_extractor - DEBUG - Classifying invariant: {'pptname': 'get-/api/v1/Sittings&get-/api/v1/Sittings&200&items():::EXIT', 'invariant': 'input.DateFrom == input.DateTo', 'invariantType': 'daikon.inv.binary.twoString.StringEqual', 'variables': '(input.DateFrom, input.DateTo)', 'postmanAssertion': 'pm.expect(input_DateFrom).to.eql(input_DateTo)', 'endpoint': 'get-/api/v1/Sittings'}
2026-05-14 21:19:03,749 - api_testing.constraint.dynamic_constraints.invariant_extractor - DEBUG - Classifying invariant: {'pptname': 'get-/api/v1/Sittings&get-/api/v1/Sittings&200&items():::EXIT', 'invariant': 'input.DateFrom == return.items.date', 'invariantType': 'daikon.inv.binary.twoString.StringEqual', 'variables': '(input.DateFrom, return.date)', 'postmanAssertion': 'pm.expect(input_DateFrom).to.eql(return_date)', 'variable': 'return.items.date', 'response_container_path': 'items', 'endpoint': 'get-/api/v1/Sittings'}
2026-05-14 21:19:03,749 - api_testing.constraint.dynamic_constraints.invariant_extractor - DEBUG - Classifying invariant: {'pptname': 'get-/api/v1/Sittings&get-/api/v1/Sittings&200&items():::EXIT', 'invariant': 'input.Skip == input.Take', 'invariantType': 'daikon.inv.binary.twoScalar.IntEqual', 'variables': '(input.Skip, input.Take)', 'postmanAssertion': 'pm.expect(input_Skip).to.eql(input_Take)', 'endpoint': 'get-/api/v1/Sittings'}
2026-05-14 21:19:03,749 - api_testing.constraint.dynamic_constraints.invariant_extractor - DEBUG - Classifying invariant: {'pptname': 'get-/api/v1/Sittings&get-/api/v1/Sittings&200&items():::EXIT', 'invariant': 'return.items.stageId >= 1', 'invariantType': 'daikon.inv.unary.scalar.LowerBound', 'variables': '(return.stageId)', 'postmanAssertion': 'pm.expect(return_stageId).to.be.at.least(1)', 'variable': 'return.items.stageId', 'response_container_path': 'items', 'endpoint': 'get-/api/v1/Sittings'}
2026-05-14 21:19:03,749 - api_testing.constraint.dynamic_constraints.invariant_extractor - DEBUG - Classifying invariant: {'pptname': 'get-/api/v1/Sittings&get-/api/v1/Sittings&200&items():::EXIT', 'invariant': 'LENGTH(return.items.date)==19', 'invariantType': 'daikon.inv.unary.string.FixedLengthString', 'variables': '(return.date)', 'postmanAssertion': 'pm.expect(return_date).to.have.length(19)', 'variable': 'return.items.date', 'response_container_path': 'items', 'endpoint': 'get-/api/v1/Sittings'}
2026-05-14 21:19:03,749 - api_testing.constraint.dynamic_constraints.invariant_extractor - DEBUG - Classifying invariant: {'pptname': 'get-/api/v1/Sittings&get-/api/v1/Sittings&200&items():::EXIT', 'invariant': 'return.items.id < return.items.billStageId', 'invariantType': 'daikon.inv.binary.twoScalar.IntLessThan', 'variables': '(return.id, return.billStageId)', 'postmanAssertion': 'pm.expect(return_id).to.be.lessThan(return_billStageId)', 'variable': 'return.items.id', 'response_container_path': 'items', 'endpoint': 'get-/api/v1/Sittings'}
2026-05-14 21:19:03,749 - api_testing.constraint.dynamic_constraints.invariant_extractor - DEBUG - Classifying invariant: {'pptname': 'get-/api/v1/Sittings&get-/api/v1/Sittings&200&items():::EXIT', 'invariant': 'return.items.id > return.items.billId', 'invariantType': 'daikon.inv.binary.twoScalar.IntGreaterThan', 'variables': '(return.id, return.billId)', 'postmanAssertion': 'pm.expect(return_id).to.be.greaterThan(return_billId)', 'variable': 'return.items.id', 'response_container_path': 'items', 'endpoint': 'get-/api/v1/Sittings'}
2026-05-14 21:19:03,749 - api_testing.constraint.dynamic_constraints.invariant_extractor - DEBUG - Classifying invariant: {'pptname': 'get-/api/v1/Sittings&get-/api/v1/Sittings&200&items():::EXIT', 'invariant': 'return.items.billStageId > return.items.billId', 'invariantType': 'daikon.inv.binary.twoScalar.IntGreaterThan', 'variables': '(return.billStageId, return.billId)', 'postmanAssertion': 'pm.expect(return_billStageId).to.be.greaterThan(return_billId)', 'variable': 'return.items.billStageId', 'response_container_path': 'items', 'endpoint': 'get-/api/v1/Sittings'}
2026-05-14 21:19:03,749 - api_testing.constraint.dynamic_constraints.invariant_extractor - DEBUG - Classifying invariant: {'pptname': 'get-/api/v1/Sittings&get-/api/v1/Sittings&200():::EXIT', 'invariant': 'input.DateFrom == input.DateTo', 'invariantType': 'daikon.inv.binary.twoString.StringEqual', 'variables': '(input.DateFrom, input.DateTo)', 'postmanAssertion': 'pm.expect(input_DateFrom).to.eql(input_DateTo)', 'endpoint': 'get-/api/v1/Sittings'}
2026-05-14 21:19:03,750 - api_testing.constraint.dynamic_constraints.invariant_extractor - DEBUG - Classifying invariant: {'pptname': 'get-/api/v1/Sittings&get-/api/v1/Sittings&200():::EXIT', 'invariant': 'input.Skip == input.Take', 'invariantType': 'daikon.inv.binary.twoScalar.IntEqual', 'variables': '(input.Skip, input.Take)', 'postmanAssertion': 'pm.expect(input_Skip).to.eql(input_Take)', 'endpoint': 'get-/api/v1/Sittings'}
2026-05-14 21:19:03,750 - api_testing.constraint.dynamic_constraints.invariant_extractor - DEBUG - Classifying invariant: {'pptname': 'get-/api/v1/Sittings&get-/api/v1/Sittings&200():::EXIT', 'invariant': 'return.totalResults >= 0', 'invariantType': 'daikon.inv.unary.scalar.LowerBound', 'variables': '(return.totalResults)', 'postmanAssertion': 'pm.expect(return_totalResults).to.be.at.least(0)', 'variable': 'return.totalResults', 'response_container_path': None, 'endpoint': 'get-/api/v1/Sittings'}
2026-05-14 21:19:03,750 - api_testing.constraint.dynamic_constraints.invariant_extractor - DEBUG - Classifying invariant: {'pptname': 'get-/api/v1/Sittings&get-/api/v1/Sittings&200():::EXIT', 'invariant': 'return.itemsPerPage one of { 20, 100, 1521737616 }', 'invariantType': 'daikon.inv.unary.scalar.OneOfScalar', 'variables': '(return.itemsPerPage)', 'postmanAssertion': 'pm.expect([20, 100, 1521737616].includes(return_itemsPerPage)).to.be.true', 'variable': 'return.itemsPerPage', 'response_container_path': None, 'endpoint': 'get-/api/v1/Sittings'}
2026-05-14 21:19:03,750 - api_testing.constraint.dynamic_constraints.invariant_extractor - DEBUG - Classifying invariant: {'pptname': 'get-/api/v1/Sittings&get-/api/v1/Sittings&200():::EXIT', 'invariant': 'return.totalResults >= size(return.items[])', 'invariantType': 'daikon.inv.binary.twoScalar.IntGreaterEqual', 'variables': '(return.totalResults, size(return.items[..]))', 'postmanAssertion': 'pm.expect(return_totalResults).to.be.at.least(return_items_size_array)', 'variable': 'return.totalResults', 'response_container_path': None, 'endpoint': 'get-/api/v1/Sittings'}
2026-05-14 21:19:03,751 - api_testing.constraint.dynamic_constraints.invariant_extractor - DEBUG - InvariantClassification Prompt: Is the following invariants for a REST endpoint "true - positive" or "false - positive"?
Endpoint: GET /api/v1/Sittings
Description: Returns a list of Sittings.
Parameters:
- House : a string , values in of ['All', 'Commons', 'Lords', 'Unassigned']
- DateFrom : a string , format date-time
- DateTo : a string , format date-time
- Skip : a integer , format int32
- Take : a integer , format int32
Responses:
- items.id : a integer, format int32
- items.stageId : a integer, format int32
- items.billStageId : a integer, format int32
- items.billId : a integer, format int32
- items.date : a string, format date-time
- totalResults : a integer, format int32
- itemsPerPage : a integer, format int32
Invariants: 
#1: Invariant: input.DateFrom == input.DateTo
Invariant Type: daikon.inv.binary.twoString.StringEqual 
Invariant description: Represents an invariant of == between two String scalars. Prints as x == y.
The return fields refer to the path __ROOT__ in the response body .
#2: Invariant: input.DateFrom == return.items.date
Invariant Type: daikon.inv.binary.twoString.StringEqual 
Invariant description: Represents an invariant of == between two String scalars. Prints as x == y.
The return fields refer to the path items in the response body .
#3: Invariant: input.Skip == input.Take
Invariant Type: daikon.inv.binary.twoScalar.IntEqual 
Invariant description: Represents an invariant of == between two long scalars. Prints as x == y.
The return fields refer to the path __ROOT__ in the response body .
#4: Invariant: return.items.stageId >= 1
Invariant Type: daikon.inv.unary.scalar.LowerBound 
Invariant description: Represents the invariant x >= c, where c is a constant and x is a long scalar.
The return fields refer to the path items in the response body .
#5: Invariant: LENGTH(return.items.date)==19
Invariant Type: daikon.inv.unary.string.FixedLengthString 
Invariant description: Indicates that the value of a string variable always has a fixed length n. Represented as LENGTH(x)==n.
The return fields refer to the path items in the response body .
#6: Invariant: return.items.id < return.items.billStageId
Invariant Type: daikon.inv.binary.twoScalar.IntLessThan 
Invariant description: Represents an invariant of < between two long scalars. Prints as x < y.
The return fields refer to the path items in the response body .
#7: Invariant: return.items.id > return.items.billId
Invariant Type: daikon.inv.binary.twoScalar.IntGreaterThan 
Invariant description: Represents an invariant of > between two long scalars. Prints as x > y.
The return fields refer to the path items in the response body .
#8: Invariant: return.items.billStageId > return.items.billId
Invariant Type: daikon.inv.binary.twoScalar.IntGreaterThan 
Invariant description: Represents an invariant of > between two long scalars. Prints as x > y.
The return fields refer to the path items in the response body .
#9: Invariant: input.DateFrom == input.DateTo
Invariant Type: daikon.inv.binary.twoString.StringEqual 
Invariant description: Represents an invariant of == between two String scalars. Prints as x == y.
The return fields refer to the path __ROOT__ in the response body .
#10: Invariant: input.Skip == input.Take
Invariant Type: daikon.inv.binary.twoScalar.IntEqual 
Invariant description: Represents an invariant of == between two long scalars. Prints as x == y.
The return fields refer to the path __ROOT__ in the response body .
#11: Invariant: return.totalResults >= 0
Invariant Type: daikon.inv.unary.scalar.LowerBound 
Invariant description: Represents the invariant x >= c, where c is a constant and x is a long scalar.
The return fields refer to the path __ROOT__ in the response body .
#12: Invariant: return.itemsPerPage one of { 20, 100, 1521737616 }
Invariant Type: daikon.inv.unary.scalar.OneOfScalar 
Invariant description: Represents long variables that take on only a few distinct values. Prints as either x == c (when there is only one value) or as x one of {c1, c2, c3} (when there are multiple values).
The return fields refer to the path __ROOT__ in the response body .
#13: Invariant: return.totalResults >= size(return.items[])
Invariant Type: daikon.inv.binary.twoScalar.IntGreaterEqual 
Invariant description: Represents an invariant of >= between two long scalars. Prints as x >= y.
The return fields refer to the path __ROOT__ in the response body .
The invariant is classified as "true - positive" if it holds for every valid request on the API, and "false - positive" if it does not hold for every valid request on the API.
2026-05-14 21:19:08,348 - api_testing.constraint.dynamic_constraints.invariant_extractor - DEBUG - InvariantClassification Response: {
  "datas": [
    {
      "id": 1,
      "classification": "false-positive"
    },
    {
      "id": 2,
      "classification": "false-positive"
    },
    {
      "id": 3,
      "classification": "false-positive"
    },
    {
      "id": 4,
      "classification": "false-positive"
    },
    {
      "id": 5,
      "classification": "false-positive"
    },
    {
      "id": 6,
      "classification": "false-positive"
    },
    {
      "id": 7,
      "classification": "false-positive"
    },
    {
      "id": 8,
      "classification": "false-positive"
    },
    {
      "id": 9,
      "classification": "false-positive"
    },
    {
      "id": 10,
      "classification": "false-positive"
    },
    {
      "id": 11,
      "classification": "true-positive"
    },
    {
      "id": 12,
      "classification": "false-positive"
    },
    {
      "id": 13,
      "classification": "true-positive"
    }
  ]
}
2026-05-14 21:19:08,348 - api_testing.constraint.dynamic_constraints.invariant_extractor - INFO - Classifying invariants for endpoint: get-/api/v1/Stages with 6 invariants
2026-05-14 21:19:08,348 - api_testing.constraint.dynamic_constraints.invariant_extractor - DEBUG - Classifying invariant: {'pptname': 'get-/api/v1/Stages&get-/api/v1/Stages&200():::EXIT', 'invariant': 'input has only one value', 'invariantType': 'daikon.inv.unary.scalar.OneOfScalar', 'variables': '(input)', 'postmanAssertion': '//', 'endpoint': 'get-/api/v1/Stages'}
2026-05-14 21:19:08,348 - api_testing.constraint.dynamic_constraints.invariant_extractor - DEBUG - Classifying invariant: {'pptname': 'get-/api/v1/Stages&get-/api/v1/Stages&200():::EXIT', 'invariant': 'return has only one value', 'invariantType': 'daikon.inv.unary.scalar.OneOfScalar', 'variables': '(return)', 'postmanAssertion': '//', 'variable': 'return', 'response_container_path': None, 'endpoint': 'get-/api/v1/Stages'}
2026-05-14 21:19:08,348 - api_testing.constraint.dynamic_constraints.invariant_extractor - DEBUG - Classifying invariant: {'pptname': 'get-/api/v1/Stages&get-/api/v1/Stages&200():::EXIT', 'invariant': 'return.items has only one value', 'invariantType': 'daikon.inv.unary.scalar.OneOfScalar', 'variables': '(return.items)', 'postmanAssertion': '//', 'variable': 'return.items', 'response_container_path': None, 'endpoint': 'get-/api/v1/Stages'}
2026-05-14 21:19:08,348 - api_testing.constraint.dynamic_constraints.invariant_extractor - DEBUG - Classifying invariant: {'pptname': 'get-/api/v1/Stages&get-/api/v1/Stages&200():::EXIT', 'invariant': 'return.items[] == []', 'invariantType': 'daikon.inv.unary.sequence.OneOfSequence', 'variables': '(return.items[..])', 'postmanAssertion': 'pm.expect([[]].some(value => pm.expect(return_items_array).to.deep.equal(value).that)).to.be.true', 'variable': 'return.items', 'response_container_path': None, 'endpoint': 'get-/api/v1/Stages'}
2026-05-14 21:19:08,348 - api_testing.constraint.dynamic_constraints.invariant_extractor - DEBUG - Classifying invariant: {'pptname': 'get-/api/v1/Stages&get-/api/v1/Stages&200():::EXIT', 'invariant': 'return.totalResults == 49', 'invariantType': 'daikon.inv.unary.scalar.OneOfScalar', 'variables': '(return.totalResults)', 'postmanAssertion': 'pm.expect([49].includes(return_totalResults)).to.be.true', 'variable': 'return.totalResults', 'response_container_path': None, 'endpoint': 'get-/api/v1/Stages'}
2026-05-14 21:19:08,348 - api_testing.constraint.dynamic_constraints.invariant_extractor - DEBUG - Classifying invariant: {'pptname': 'get-/api/v1/Stages&get-/api/v1/Stages&200():::EXIT', 'invariant': 'return.itemsPerPage == 20', 'invariantType': 'daikon.inv.unary.scalar.OneOfScalar', 'variables': '(return.itemsPerPage)', 'postmanAssertion': 'pm.expect([20].includes(return_itemsPerPage)).to.be.true', 'variable': 'return.itemsPerPage', 'response_container_path': None, 'endpoint': 'get-/api/v1/Stages'}
2026-05-14 21:19:08,348 - api_testing.constraint.dynamic_constraints.invariant_extractor - DEBUG - InvariantClassification Prompt: Is the following invariants for a REST endpoint "true - positive" or "false - positive"?
Endpoint: GET /api/v1/Stages
Description: Returns a list of Bill stages.
Parameters:
- Skip : a integer , format int32
- Take : a integer , format int32
Responses:
- items.id : a integer, format int32
- items.name : a string
- items.house : a string, values in of ['All', 'Commons', 'Lords', 'Unassigned']
- totalResults : a integer, format int32
- itemsPerPage : a integer, format int32
Invariants: 
#1: Invariant: input has only one value
Invariant Type: daikon.inv.unary.scalar.OneOfScalar 
Invariant description: Represents long variables that take on only a few distinct values. Prints as either x == c (when there is only one value) or as x one of {c1, c2, c3} (when there are multiple values).
The return fields refer to the path __ROOT__ in the response body .
#2: Invariant: return has only one value
Invariant Type: daikon.inv.unary.scalar.OneOfScalar 
Invariant description: Represents long variables that take on only a few distinct values. Prints as either x == c (when there is only one value) or as x one of {c1, c2, c3} (when there are multiple values).
The return fields refer to the path __ROOT__ in the response body .
#3: Invariant: return.items has only one value
Invariant Type: daikon.inv.unary.scalar.OneOfScalar 
Invariant description: Represents long variables that take on only a few distinct values. Prints as either x == c (when there is only one value) or as x one of {c1, c2, c3} (when there are multiple values).
The return fields refer to the path __ROOT__ in the response body .
#4: Invariant: return.items[] == []
Invariant Type: daikon.inv.unary.sequence.OneOfSequence 
Invariant description: Represents long[] variables that take on only a few distinct values. Prints as either x == c (when there is only one value) or as x one of {c1, c2, c3} (when there are multiple values).
The return fields refer to the path __ROOT__ in the response body .
#5: Invariant: return.totalResults == 49
Invariant Type: daikon.inv.unary.scalar.OneOfScalar 
Invariant description: Represents long variables that take on only a few distinct values. Prints as either x == c (when there is only one value) or as x one of {c1, c2, c3} (when there are multiple values).
The return fields refer to the path __ROOT__ in the response body .
#6: Invariant: return.itemsPerPage == 20
Invariant Type: daikon.inv.unary.scalar.OneOfScalar 
Invariant description: Represents long variables that take on only a few distinct values. Prints as either x == c (when there is only one value) or as x one of {c1, c2, c3} (when there are multiple values).
The return fields refer to the path __ROOT__ in the response body .
The invariant is classified as "true - positive" if it holds for every valid request on the API, and "false - positive" if it does not hold for every valid request on the API.
2026-05-14 21:19:10,674 - api_testing.constraint.dynamic_constraints.invariant_extractor - DEBUG - InvariantClassification Response: {
  "datas": [
    {
      "id": 1,
      "classification": "false-positive"
    },
    {
      "id": 2,
      "classification": "false-positive"
    },
    {
      "id": 3,
      "classification": "false-positive"
    },
    {
      "id": 4,
      "classification": "false-positive"
    },
    {
      "id": 5,
      "classification": "false-positive"
    },
    {
      "id": 6,
      "classification": "false-positive"
    }
  ]
}
2026-05-14 21:19:10,716 - api_testing.constraint.dynamic_constraints.invariant_extractor - DEBUG - Constraints saved to .cache\Bills API_3\dynamic_constraint_miner.json
2026-05-24 15:45:00,984 - api_testing.prompts.constraint_combination - DEBUG - ConstraintCombination Prompt: 
Target Evaluation Context:
- Endpoint: get-/api/v1/BillTypes
- Property: return.items[].category
- Static Constraint (Specification Registry): implies(exists(input.Category), eq(return.items[].category, input.Category))
- Dynamic Constraint (Observed Traces): return.items.category one of { "Hybrid", "Private", "Public" }

2026-05-24 15:45:03,886 - api_testing.prompts.constraint_combination - WARNING - LLM constraint combination failed for get-/api/v1/BillTypes return.items[].category: JSON parse failed: 2 validation errors for ConstraintCombinationVerdict
status
  Field required [type=missing, input_value={}, input_type=dict]
    For further information visit https://errors.pydantic.dev/2.12/v/missing
reason
  Field required [type=missing, input_value={}, input_type=dict]
    For further information visit https://errors.pydantic.dev/2.12/v/missing
2026-05-24 15:45:03,886 - api_testing.prompts.constraint_combination - DEBUG - ConstraintCombination Prompt: 
Target Evaluation Context:
- Endpoint: get-/api/v1/Bills
- Property: return.items[].billWithdrawn
- Static Constraint (Specification Registry): and(isDate(return.items[].billWithdrawn),implies(exists(input.IsWithdrawn), eq(not(isNull(return.items[].billWithdrawn)), input.IsWithdrawn)))
- Dynamic Constraint (Observed Traces): LENGTH(return.items.billWithdrawn)==19

2026-05-24 15:45:05,822 - api_testing.prompts.constraint_combination - WARNING - LLM constraint combination failed for get-/api/v1/Bills return.items[].billWithdrawn: JSON parse failed: 2 validation errors for ConstraintCombinationVerdict
status
  Field required [type=missing, input_value={}, input_type=dict]
    For further information visit https://errors.pydantic.dev/2.12/v/missing
reason
  Field required [type=missing, input_value={}, input_type=dict]
    For further information visit https://errors.pydantic.dev/2.12/v/missing
2026-05-24 15:45:05,829 - api_testing.prompts.constraint_combination - DEBUG - ConstraintCombination Prompt: 
Target Evaluation Context:
- Endpoint: get-/api/v1/Bills
- Property: return.items[].currentStage.stageSittings[].date
- Static Constraint (Specification Registry): isDateTime(return.items[].currentStage.stageSittings[].date)
- Dynamic Constraint (Observed Traces): LENGTH(return.items.currentStage.stageSittings.date)==19

2026-05-24 15:45:07,704 - api_testing.prompts.constraint_combination - WARNING - LLM constraint combination failed for get-/api/v1/Bills return.items[].currentStage.stageSittings[].date: JSON parse failed: 2 validation errors for ConstraintCombinationVerdict
status
  Field required [type=missing, input_value={}, input_type=dict]
    For further information visit https://errors.pydantic.dev/2.12/v/missing
reason
  Field required [type=missing, input_value={}, input_type=dict]
    For further information visit https://errors.pydantic.dev/2.12/v/missing
2026-05-24 15:45:07,704 - api_testing.prompts.constraint_combination - DEBUG - ConstraintCombination Prompt: 
Target Evaluation Context:
- Endpoint: get-/api/v1/Bills
- Property: return.items[].isAct
- Static Constraint (Specification Registry): in(return.items[].isAct, [true, false])
- Dynamic Constraint (Observed Traces): return.items.isAct one of { 0, 1 }

2026-05-24 15:45:09,393 - api_testing.prompts.constraint_combination - WARNING - LLM constraint combination failed for get-/api/v1/Bills return.items[].isAct: JSON parse failed: 2 validation errors for ConstraintCombinationVerdict
status
  Field required [type=missing, input_value={}, input_type=dict]
    For further information visit https://errors.pydantic.dev/2.12/v/missing
reason
  Field required [type=missing, input_value={}, input_type=dict]
    For further information visit https://errors.pydantic.dev/2.12/v/missing
2026-05-24 15:45:09,393 - api_testing.prompts.constraint_combination - DEBUG - ConstraintCombination Prompt: 
Target Evaluation Context:
- Endpoint: get-/api/v1/Bills
- Property: return.itemsPerPage
- Static Constraint (Specification Registry): gte(return.itemsPerPage, 0)
- Dynamic Constraint (Observed Traces): and(return.itemsPerPage == 20,return.itemsPerPage >= size(return.items[]))

2026-05-24 15:45:11,059 - api_testing.prompts.constraint_combination - WARNING - LLM constraint combination failed for get-/api/v1/Bills return.itemsPerPage: JSON parse failed: 2 validation errors for ConstraintCombinationVerdict
status
  Field required [type=missing, input_value={}, input_type=dict]
    For further information visit https://errors.pydantic.dev/2.12/v/missing
reason
  Field required [type=missing, input_value={}, input_type=dict]
    For further information visit https://errors.pydantic.dev/2.12/v/missing
2026-05-24 15:45:11,059 - api_testing.prompts.constraint_combination - DEBUG - ConstraintCombination Prompt: 
Target Evaluation Context:
- Endpoint: get-/api/v1/Bills/{billId}
- Property: return.billId
- Static Constraint (Specification Registry): and(gt(return.billId, 0),implies(exists(input.billId), eq(return.billId, input.billId)))
- Dynamic Constraint (Observed Traces): input.billId == return.billId

2026-05-24 15:45:13,374 - api_testing.prompts.constraint_combination - WARNING - LLM constraint combination failed for get-/api/v1/Bills/{billId} return.billId: JSON parse failed: 2 validation errors for ConstraintCombinationVerdict
status
  Field required [type=missing, input_value={}, input_type=dict]
    For further information visit https://errors.pydantic.dev/2.12/v/missing
reason
  Field required [type=missing, input_value={}, input_type=dict]
    For further information visit https://errors.pydantic.dev/2.12/v/missing
2026-05-24 15:45:13,374 - api_testing.prompts.constraint_combination - DEBUG - ConstraintCombination Prompt: 
Target Evaluation Context:
- Endpoint: get-/api/v1/Bills/{billId}
- Property: return.currentStage.stageSittings[].billId
- Static Constraint (Specification Registry): and(gt(return.currentStage.stageSittings[].billId, 0),implies(exists(input.currentStage.stageSittings[].billId), eq(return.currentStage.stageSittings[].billId, input.currentStage.stageSittings[].billId)))
- Dynamic Constraint (Observed Traces): input.billId == return.currentStage.stageSittings.billId

2026-05-24 15:45:15,247 - api_testing.prompts.constraint_combination - WARNING - LLM constraint combination failed for get-/api/v1/Bills/{billId} return.currentStage.stageSittings[].billId: JSON parse failed: 2 validation errors for ConstraintCombinationVerdict
status
  Field required [type=missing, input_value={}, input_type=dict]
    For further information visit https://errors.pydantic.dev/2.12/v/missing
reason
  Field required [type=missing, input_value={}, input_type=dict]
    For further information visit https://errors.pydantic.dev/2.12/v/missing
2026-05-24 15:45:15,247 - api_testing.prompts.constraint_combination - DEBUG - ConstraintCombination Prompt: 
Target Evaluation Context:
- Endpoint: get-/api/v1/Bills/{billId}
- Property: return.currentStage.stageSittings[].date
- Static Constraint (Specification Registry): isDateTime(return.currentStage.stageSittings[].date)
- Dynamic Constraint (Observed Traces): LENGTH(return.currentStage.stageSittings.date)==19

2026-05-24 15:45:17,107 - api_testing.prompts.constraint_combination - WARNING - LLM constraint combination failed for get-/api/v1/Bills/{billId} return.currentStage.stageSittings[].date: JSON parse failed: 2 validation errors for ConstraintCombinationVerdict
status
  Field required [type=missing, input_value={}, input_type=dict]
    For further information visit https://errors.pydantic.dev/2.12/v/missing
reason
  Field required [type=missing, input_value={}, input_type=dict]
    For further information visit https://errors.pydantic.dev/2.12/v/missing
2026-05-24 15:45:17,108 - api_testing.prompts.constraint_combination - DEBUG - ConstraintCombination Prompt: 
Target Evaluation Context:
- Endpoint: get-/api/v1/Bills/{billId}
- Property: return.introducedSessionId
- Static Constraint (Specification Registry): gt(return.introducedSessionId, 0)
- Dynamic Constraint (Observed Traces): and(return.introducedSessionId == return.currentStage.sessionId,return.includedSessionIds[] elements == return.introducedSessionId,return.introducedSessionId in return.includedSessionIds[])

2026-05-24 15:45:18,832 - api_testing.prompts.constraint_combination - WARNING - LLM constraint combination failed for get-/api/v1/Bills/{billId} return.introducedSessionId: JSON parse failed: 2 validation errors for ConstraintCombinationVerdict
status
  Field required [type=missing, input_value={}, input_type=dict]
    For further information visit https://errors.pydantic.dev/2.12/v/missing
reason
  Field required [type=missing, input_value={}, input_type=dict]
    For further information visit https://errors.pydantic.dev/2.12/v/missing
2026-05-24 15:45:18,833 - api_testing.prompts.constraint_combination - DEBUG - ConstraintCombination Prompt: 
Target Evaluation Context:
- Endpoint: get-/api/v1/Bills/{billId}
- Property: return.lastUpdate
- Static Constraint (Specification Registry): isDate(return.lastUpdate)
- Dynamic Constraint (Observed Traces): LENGTH(return.lastUpdate)==19

2026-05-24 15:45:56,056 - api_testing.prompts.constraint_combination - DEBUG - ConstraintCombination Prompt: 
Target Evaluation Context:
- Endpoint: get-/api/v1/BillTypes
- Property: return.items[].category
- Static Constraint (Specification Registry): implies(exists(input.Category), eq(return.items[].category, input.Category))
- Dynamic Constraint (Observed Traces): return.items.category one of { "Hybrid", "Private", "Public" }

2026-05-24 15:45:58,922 - api_testing.prompts.constraint_combination - WARNING - LLM constraint combination failed for get-/api/v1/BillTypes return.items[].category: JSON parse failed: 2 validation errors for ConstraintCombinationVerdict
status
  Field required [type=missing, input_value={}, input_type=dict]
    For further information visit https://errors.pydantic.dev/2.12/v/missing
reason
  Field required [type=missing, input_value={}, input_type=dict]
    For further information visit https://errors.pydantic.dev/2.12/v/missing
2026-05-24 15:45:58,923 - api_testing.prompts.constraint_combination - DEBUG - ConstraintCombination Prompt: 
Target Evaluation Context:
- Endpoint: get-/api/v1/Bills
- Property: return.items[].billWithdrawn
- Static Constraint (Specification Registry): and(isDate(return.items[].billWithdrawn),implies(exists(input.IsWithdrawn), eq(not(isNull(return.items[].billWithdrawn)), input.IsWithdrawn)))
- Dynamic Constraint (Observed Traces): LENGTH(return.items.billWithdrawn)==19

2026-05-24 15:46:00,772 - api_testing.prompts.constraint_combination - WARNING - LLM constraint combination failed for get-/api/v1/Bills return.items[].billWithdrawn: JSON parse failed: 2 validation errors for ConstraintCombinationVerdict
status
  Field required [type=missing, input_value={}, input_type=dict]
    For further information visit https://errors.pydantic.dev/2.12/v/missing
reason
  Field required [type=missing, input_value={}, input_type=dict]
    For further information visit https://errors.pydantic.dev/2.12/v/missing
2026-05-24 15:46:00,772 - api_testing.prompts.constraint_combination - DEBUG - ConstraintCombination Prompt: 
Target Evaluation Context:
- Endpoint: get-/api/v1/Bills
- Property: return.items[].currentStage.stageSittings[].date
- Static Constraint (Specification Registry): isDateTime(return.items[].currentStage.stageSittings[].date)
- Dynamic Constraint (Observed Traces): LENGTH(return.items.currentStage.stageSittings.date)==19

2026-05-24 15:52:46,235 - api_testing.constraint.constraint_combiner - DEBUG - Combined constraints saved to C:\Users\Admin\AppData\Local\Temp\pytest-of-admin\pytest-22\test_combiner_matches_array_pr0\combine_constraint_miners.json
2026-05-24 15:52:46,238 - api_testing.constraint.constraint_combiner - DEBUG - Combined constraints saved to C:\Users\Admin\AppData\Local\Temp\pytest-of-admin\pytest-22\test_combiner_keeps_non_equiva0\combine_constraint_miners.json
2026-05-24 15:52:46,240 - api_testing.prompts.constraint_combination - DEBUG - ConstraintCombination Prompt: 
Target Evaluation Context:
- Endpoint: get-/things
- Property: return.id
- Static Constraint (Specification Registry): gt(return.id, 0)
- Dynamic Constraint (Observed Traces): return.id >= 1

2026-05-24 15:52:46,240 - api_testing.prompts.constraint_combination - DEBUG - ConstraintCombination Response: {
  "status": "COMBINED_EQUIVALENT",
  "final_constraint": "gt(return.id, 0)",
  "reason": "Integer lower bounds are equivalent.",
  "counter_example": null
}
2026-05-24 15:52:46,240 - api_testing.prompts.constraint_combination - DEBUG - Combined constraints saved to C:\Users\Admin\AppData\Local\Temp\pytest-of-admin\pytest-22\test_combiner_uses_model_for_n0\combine_constraint_miners.json
2026-05-24 15:52:46,242 - api_testing.prompts.constraint_combination - DEBUG - ConstraintCombination Prompt: 
Target Evaluation Context:
- Endpoint: get-/things
- Property: return.count
- Static Constraint (Specification Registry): gte(return.count, 0)
- Dynamic Constraint (Observed Traces): eq(return.count, 5)

2026-05-24 15:52:46,242 - api_testing.prompts.constraint_combination - DEBUG - ConstraintCombination Response: {
  "status": "NOT_COMBINED",
  "final_constraint": null,
  "reason": "The dynamic equality is narrower than the specification lower bound.",
  "counter_example": {
    "target_side": "STATIC_TRUE_DYNAMIC_FALSE",
    "concrete_property_value": 3,
    "staged_payload": {
      "http_method": "GET",
      "endpoint_path": "/things",
      "parameters": {
        "limit": 3
      }
    },
    "server_actual_response": null
  }
}
2026-05-24 15:52:46,243 - api_testing.prompts.constraint_combination - DEBUG - Combined constraints saved to C:\Users\Admin\AppData\Local\Temp\pytest-of-admin\pytest-22\test_combiner_stages_model_det0\combine_constraint_miners.json
2026-05-24 15:52:46,261 - api_testing.constraint.evaluation.engine.evaluator - WARNING - DSL validation failed: (3, 5.0) eq(3, 5.0)
2026-05-24 15:54:36,616 - api_testing.prompts.constraint_combination - DEBUG - ConstraintCombination Prompt: 
Target Evaluation Context:
- Endpoint: get-/api/v1/BillTypes
- Property: return.items[].category
- Static Constraint (Specification Registry): implies(exists(input.Category), eq(return.items[].category, input.Category))
- Dynamic Constraint (Observed Traces): return.items.category one of { "Hybrid", "Private", "Public" }

2026-05-24 15:54:38,999 - api_testing.prompts.constraint_combination - DEBUG - ConstraintCombination Response: {
  "status": "NOT_COMBINED",
  "final_constraint": null,
  "reason": "The static constraint states that if the input parameter 'Category' exists, then each item's category must equal that input value. The dynamic constraint restricts categories to the set {\"Hybrid\", \"Private\", \"Public\"} regardless of input. These constraints conflict because the static constraint allows any category value when 'Category' input is absent, while the dynamic constraint limits categories to a fixed set always. Thus, they are not semantically equivalent.",
  "counter_example": {
    "target_side": "STATIC_TRUE_DYNAMIC_FALSE",
    "concrete_property_value": "Commercial",
    "staged_payload": {
      "http_method": "GET",
      "endpoint_path": "/api/v1/BillTypes",
      "parameters": {
        "Category": "Commercial"
      },
      "headers": {},
      "body": null,
      "mime_type": null
    },
    "server_actual_response": null
  }
}
2026-05-24 15:54:38,999 - api_testing.prompts.constraint_combination - DEBUG - ConstraintCombination Prompt: 
Target Evaluation Context:
- Endpoint: get-/api/v1/Bills
- Property: return.items[].billWithdrawn
- Static Constraint (Specification Registry): and(isDate(return.items[].billWithdrawn),implies(exists(input.IsWithdrawn), eq(not(isNull(return.items[].billWithdrawn)), input.IsWithdrawn)))
- Dynamic Constraint (Observed Traces): LENGTH(return.items.billWithdrawn)==19

2026-05-24 15:54:41,193 - api_testing.prompts.constraint_combination - DEBUG - ConstraintCombination Response: {
  "status": "NOT_COMBINED",
  "final_constraint": null,
  "reason": "The static constraint requires that 'billWithdrawn' is a date and conditionally non-null based on input.IsWithdrawn, while the dynamic constraint enforces a fixed length of 19 characters on 'billWithdrawn'. These constraints are not equivalent because the static constraint does not specify length, and the dynamic length constraint implies a specific string format (likely ISO 8601 date string), which is narrower and not explicitly stated in the static constraint.",
  "counter_example": {
    "target_side": "STATIC_TRUE_DYNAMIC_FALSE",
    "concrete_property_value": "2023-04-01T12:00:00Z",
    "staged_payload": {
      "http_method": "GET",
      "endpoint_path": "/api/v1/Bills",
      "parameters": {
        "IsWithdrawn": true
      },
      "headers": {},
      "body": null,
      "mime_type": null
    },
    "server_actual_response": null
  }
}
2026-05-24 15:54:41,193 - api_testing.prompts.constraint_combination - DEBUG - ConstraintCombination Prompt: 
Target Evaluation Context:
- Endpoint: get-/api/v1/Bills
- Property: return.items[].currentStage.stageSittings[].date
- Static Constraint (Specification Registry): isDateTime(return.items[].currentStage.stageSittings[].date)
- Dynamic Constraint (Observed Traces): LENGTH(return.items.currentStage.stageSittings.date)==19

2026-05-24 15:54:43,047 - api_testing.prompts.constraint_combination - DEBUG - ConstraintCombination Response: {
  "status": "NOT_COMBINED",
  "final_constraint": null,
  "reason": "The static constraint requires the property to be a valid date-time string, which can vary in length depending on the format (e.g., ISO 8601 can be longer or shorter). The dynamic constraint enforces a fixed length of 19 characters, which is a narrower and more restrictive condition that may exclude valid date-time formats. Therefore, these constraints are not semantically equivalent.",
  "counter_example": {
    "target_side": "STATIC_TRUE_DYNAMIC_FALSE",
    "concrete_property_value": "2024-06-01T12:30:45.123Z",
    "staged_payload": {},
    "server_actual_response": null
  }
}
2026-05-24 15:54:43,047 - api_testing.prompts.constraint_combination - DEBUG - ConstraintCombination Prompt: 
Target Evaluation Context:
- Endpoint: get-/api/v1/Bills
- Property: return.items[].isAct
- Static Constraint (Specification Registry): in(return.items[].isAct, [true, false])
- Dynamic Constraint (Observed Traces): return.items.isAct one of { 0, 1 }

2026-05-24 15:54:44,596 - api_testing.prompts.constraint_combination - DEBUG - ConstraintCombination Response: {
  "status": "NOT_COMBINED",
  "final_constraint": null,
  "reason": "Static constraint expects boolean values true or false, but dynamic traces show integer values 0 and 1, which are not semantically equivalent without explicit casting.",
  "counter_example": {
    "target_side": "DYNAMIC_TRUE_STATIC_FALSE",
    "concrete_property_value": 1,
    "staged_payload": {},
    "server_actual_response": null
  }
}
2026-05-24 15:54:44,596 - api_testing.prompts.constraint_combination - DEBUG - ConstraintCombination Prompt: 
Target Evaluation Context:
- Endpoint: get-/api/v1/Bills
- Property: return.itemsPerPage
- Static Constraint (Specification Registry): gte(return.itemsPerPage, 0)
- Dynamic Constraint (Observed Traces): and(return.itemsPerPage == 20,return.itemsPerPage >= size(return.items[]))

2026-05-24 15:54:46,415 - api_testing.prompts.constraint_combination - DEBUG - ConstraintCombination Response: {
  "status": "NOT_COMBINED",
  "final_constraint": null,
  "reason": "The static constraint requires itemsPerPage to be greater than or equal to 0, allowing any non-negative integer. The dynamic constraint fixes itemsPerPage to exactly 20 and also requires it to be at least the size of the returned items array. These constraints conflict because the static allows any non-negative value, but the dynamic restricts it to exactly 20, which is narrower and incompatible with the static's broader allowance.",
  "counter_example": {
    "target_side": "STATIC_TRUE_DYNAMIC_FALSE",
    "concrete_property_value": 0,
    "staged_payload": {
      "http_method": "GET",
      "endpoint_path": "/api/v1/Bills",
      "parameters": {},
      "headers": {},
      "body": null,
      "mime_type": null
    },
    "server_actual_response": null
  }
}
2026-05-24 15:54:46,415 - api_testing.prompts.constraint_combination - DEBUG - ConstraintCombination Prompt: 
Target Evaluation Context:
- Endpoint: get-/api/v1/Bills/{billId}
- Property: return.billId
- Static Constraint (Specification Registry): and(gt(return.billId, 0),implies(exists(input.billId), eq(return.billId, input.billId)))
- Dynamic Constraint (Observed Traces): input.billId == return.billId

2026-05-24 15:54:48,193 - api_testing.prompts.constraint_combination - DEBUG - ConstraintCombination Response: {
  "status": "COMBINED_EQUIVALENT",
  "final_constraint": "and(gt(return.billId, 0),implies(exists(input.billId), eq(return.billId, input.billId)))",
  "reason": "The static constraint requires return.billId to be greater than 0 and that if input.billId exists, return.billId equals input.billId. The dynamic constraint states input.billId equals return.billId, which implies the same equality condition when input.billId exists. The static constraint also enforces return.billId > 0, which is consistent with the dynamic observations since input.billId must be a valid positive identifier. Therefore, the constraints are semantically equivalent.",
  "counter_example": null
}
2026-05-24 15:54:48,193 - api_testing.prompts.constraint_combination - DEBUG - ConstraintCombination Prompt: 
Target Evaluation Context:
- Endpoint: get-/api/v1/Bills/{billId}
- Property: return.currentStage.stageSittings[].billId
- Static Constraint (Specification Registry): and(gt(return.currentStage.stageSittings[].billId, 0),implies(exists(input.currentStage.stageSittings[].billId), eq(return.currentStage.stageSittings[].billId, input.currentStage.stageSittings[].billId)))
- Dynamic Constraint (Observed Traces): input.billId == return.currentStage.stageSittings.billId

2026-05-24 15:54:50,603 - api_testing.prompts.constraint_combination - DEBUG - ConstraintCombination Response: {
  "status": "NOT_COMBINED",
  "final_constraint": null,
  "reason": "The static constraint requires each billId in return.currentStage.stageSittings[] to be greater than 0 and, if the input includes a currentStage.stageSittings[].billId, the returned billId must equal the input billId. The dynamic constraint states that input.billId equals return.currentStage.stageSittings.billId, which references a single billId at a different path and does not guarantee the per-element constraints or the greater-than-zero condition. The dynamic constraint is narrower and does not cover the array or the greater-than-zero requirement, leading to a conflict.",
  "counter_example": {
    "target_side": "STATIC_TRUE_DYNAMIC_FALSE",
    "concrete_property_value": 5,
    "staged_payload": {
      "http_method": "GET",
      "endpoint_path": "/api/v1/Bills/123",
      "parameters": {},
      "headers": {},
      "body": null,
      "mime_type": null
    },
    "server_actual_response": null
  }
}
2026-05-24 15:54:50,603 - api_testing.prompts.constraint_combination - DEBUG - ConstraintCombination Prompt: 
Target Evaluation Context:
- Endpoint: get-/api/v1/Bills/{billId}
- Property: return.currentStage.stageSittings[].date
- Static Constraint (Specification Registry): isDateTime(return.currentStage.stageSittings[].date)
- Dynamic Constraint (Observed Traces): LENGTH(return.currentStage.stageSittings.date)==19

2026-05-24 15:54:52,230 - api_testing.prompts.constraint_combination - DEBUG - ConstraintCombination Response: {
  "status": "NOT_COMBINED",
  "final_constraint": null,
  "reason": "The static constraint requires the property to be a valid date-time string, which can vary in length depending on the format (e.g., ISO 8601 can be longer or shorter). The dynamic constraint enforces a fixed length of 19 characters, which is a narrower and incompatible constraint since not all valid date-time strings have exactly 19 characters. Therefore, these constraints conflict.",
  "counter_example": {
    "target_side": "DYNAMIC_TRUE_STATIC_FALSE",
    "concrete_property_value": "2024-06-01T12:00:00Z",
    "staged_payload": {},
    "server_actual_response": null
  }
}
2026-05-24 15:54:52,230 - api_testing.prompts.constraint_combination - DEBUG - ConstraintCombination Prompt: 
Target Evaluation Context:
- Endpoint: get-/api/v1/Bills/{billId}
- Property: return.introducedSessionId
- Static Constraint (Specification Registry): gt(return.introducedSessionId, 0)
- Dynamic Constraint (Observed Traces): and(return.introducedSessionId == return.currentStage.sessionId,return.includedSessionIds[] elements == return.introducedSessionId,return.introducedSessionId in return.includedSessionIds[])

2026-05-24 15:54:54,132 - api_testing.prompts.constraint_combination - DEBUG - ConstraintCombination Response: {
  "status": "NOT_COMBINED",
  "final_constraint": null,
  "reason": "The static constraint requires introducedSessionId to be greater than 0, but the dynamic constraints require introducedSessionId to equal currentStage.sessionId and be included in includedSessionIds array. There is no guarantee from the static constraint alone that introducedSessionId matches currentStage.sessionId or is included in includedSessionIds, so the constraints are not semantically equivalent.",
  "counter_example": {
    "target_side": "STATIC_TRUE_DYNAMIC_FALSE",
    "concrete_property_value": 5,
    "staged_payload": {
      "http_method": "GET",
      "endpoint_path": "/api/v1/Bills/123",
      "parameters": {},
      "headers": {},
      "body": null,
      "mime_type": null
    },
    "server_actual_response": null
  }
}
2026-05-24 15:54:54,132 - api_testing.prompts.constraint_combination - DEBUG - ConstraintCombination Prompt: 
Target Evaluation Context:
- Endpoint: get-/api/v1/Bills/{billId}
- Property: return.lastUpdate
- Static Constraint (Specification Registry): isDate(return.lastUpdate)
- Dynamic Constraint (Observed Traces): LENGTH(return.lastUpdate)==19

2026-05-24 15:54:55,986 - api_testing.prompts.constraint_combination - DEBUG - ConstraintCombination Response: {
  "status": "NOT_COMBINED",
  "final_constraint": null,
  "reason": "The static constraint requires return.lastUpdate to be a date, which implies a valid date format, while the dynamic constraint restricts the length to exactly 19 characters. A date string can vary in length depending on format (e.g., ISO 8601 with timezone offsets can be longer or shorter). Thus, the constraints are not semantically equivalent and conflict because the dynamic length constraint is narrower and may exclude valid date formats.",
  "counter_example": {
    "target_side": "STATIC_TRUE_DYNAMIC_FALSE",
    "concrete_property_value": "2024-06-01T12:00:00Z",
    "staged_payload": {},
    "server_actual_response": null
  }
}
2026-05-24 15:54:55,986 - api_testing.prompts.constraint_combination - DEBUG - ConstraintCombination Prompt: 
Target Evaluation Context:
- Endpoint: get-/api/v1/Bills/{billId}
- Property: return.sponsors[].member.memberPage
- Static Constraint (Specification Registry): isURL(return.sponsors[].member.memberPage)
- Dynamic Constraint (Observed Traces): and(LENGTH(return.sponsors.member.memberPage)==49,return.sponsors.member.memberPage is Url)

2026-05-24 15:54:57,930 - api_testing.prompts.constraint_combination - DEBUG - ConstraintCombination Response: {
  "status": "NOT_COMBINED",
  "final_constraint": null,
  "reason": "The static constraint requires return.sponsors[].member.memberPage to be a URL, while the dynamic constraint requires return.sponsors.member.memberPage to be a URL of exactly length 49. The static constraint allows any valid URL length, but the dynamic constraint restricts length to exactly 49, which is narrower and incompatible with the static constraint. Also, the static constraint applies to each element in sponsors[], while the dynamic constraint applies to sponsors.member, indicating a possible difference in array handling. Therefore, the constraints are not equivalent.",
  "counter_example": {
    "target_side": "DYNAMIC_TRUE_STATIC_FALSE",
    "concrete_property_value": "https://example.com/very/long/url/with/more/than/49/characters",
    "staged_payload": {},
    "server_actual_response": null
  }
}
2026-05-24 15:54:57,930 - api_testing.prompts.constraint_combination - DEBUG - ConstraintCombination Prompt: 
Target Evaluation Context:
- Endpoint: get-/api/v1/Bills/{billId}/NewsArticles
- Property: return.totalResults
- Static Constraint (Specification Registry): gte(return.totalResults, 0)
- Dynamic Constraint (Observed Traces): return.totalResults >= size(return.items[])

2026-05-24 15:54:59,854 - api_testing.prompts.constraint_combination - DEBUG - ConstraintCombination Response: {
  "status": "NOT_COMBINED",
  "final_constraint": null,
  "reason": "The static constraint requires return.totalResults to be greater than or equal to 0, while the dynamic constraint requires return.totalResults to be greater than or equal to the size of return.items[]. These constraints are not equivalent because the dynamic constraint can be narrower or incompatible if size(return.items[]) is negative or if return.totalResults is less than size(return.items[]).",
  "counter_example": {
    "target_side": "STATIC_TRUE_DYNAMIC_FALSE",
    "concrete_property_value": 0,
    "staged_payload": {
      "http_method": "GET",
      "endpoint_path": "/api/v1/Bills/123/NewsArticles",
      "parameters": {},
      "headers": {},
      "body": null,
      "mime_type": null
    },
    "server_actual_response": null
  }
}
2026-05-24 15:54:59,854 - api_testing.prompts.constraint_combination - DEBUG - ConstraintCombination Prompt: 
Target Evaluation Context:
- Endpoint: get-/api/v1/Bills/{billId}/Publications
- Property: return.billId
- Static Constraint (Specification Registry): and(gt(return.billId, 0),eq(return.billId, input.billId))
- Dynamic Constraint (Observed Traces): input.billId == return.billId

2026-05-24 15:55:01,430 - api_testing.prompts.constraint_combination - DEBUG - ConstraintCombination Response: {
  "status": "COMBINED_EQUIVALENT",
  "final_constraint": "and(gt(return.billId, 0),eq(return.billId, input.billId))",
  "reason": "The static constraint requires return.billId to be greater than 0 and equal to input.billId. The dynamic constraint observes that return.billId equals input.billId. Since input.billId must be greater than 0 to satisfy the static constraint, both constraints are semantically equivalent.",
  "counter_example": null
}
2026-05-24 15:55:01,430 - api_testing.prompts.constraint_combination - DEBUG - ConstraintCombination Prompt: 
Target Evaluation Context:
- Endpoint: get-/api/v1/Bills/{billId}/Stages
- Property: return.items[].stageSittings[].billId
- Static Constraint (Specification Registry): gt(return.items[].stageSittings[].billId, 0)
- Dynamic Constraint (Observed Traces): input.billId == return.items.stageSittings.billId

2026-05-24 15:55:03,550 - api_testing.prompts.constraint_combination - DEBUG - ConstraintCombination Response: {
  "status": "NOT_COMBINED",
  "final_constraint": null,
  "reason": "The static constraint requires billId to be greater than 0, but the dynamic constraint enforces that the billId in the response matches the input billId exactly. These constraints are not equivalent because the input billId could be 0 or negative, violating the static constraint, or the static constraint could be violated if the input billId is positive but the response billId differs. Therefore, there is a conflict between the static and dynamic constraints.",
  "counter_example": {
    "target_side": "STATIC_TRUE_DYNAMIC_FALSE",
    "concrete_property_value": 0,
    "staged_payload": {
      "http_method": "GET",
      "endpoint_path": "/api/v1/Bills/0/Stages",
      "parameters": {},
      "headers": {},
      "body": null,
      "mime_type": null
    },
    "server_actual_response": null
  }
}
2026-05-24 15:55:03,550 - api_testing.prompts.constraint_combination - DEBUG - ConstraintCombination Prompt: 
Target Evaluation Context:
- Endpoint: get-/api/v1/Bills/{billId}/Stages
- Property: return.items[].stageSittings[].date
- Static Constraint (Specification Registry): isDateTime(return.items[].stageSittings[].date)
- Dynamic Constraint (Observed Traces): LENGTH(return.items.stageSittings.date)==19

2026-05-24 15:55:05,632 - api_testing.prompts.constraint_combination - DEBUG - ConstraintCombination Response: {
  "status": "NOT_COMBINED",
  "final_constraint": null,
  "reason": "The static constraint requires the property to be a valid date-time string, which can vary in length depending on the format (e.g., ISO 8601 can be longer or shorter than 19 characters). The dynamic constraint enforces a fixed length of 19 characters, which is a narrower and more restrictive condition that may exclude valid date-time formats. Therefore, these constraints are not semantically equivalent and conflict.",
  "counter_example": {
    "target_side": "DYNAMIC_TRUE_STATIC_FALSE",
    "concrete_property_value": "2024-06-01T12:00:00Z",
    "staged_payload": {
      "http_method": "GET",
      "endpoint_path": "/api/v1/Bills/12345/Stages",
      "parameters": {},
      "headers": {},
      "body": null,
      "mime_type": null
    },
    "server_actual_response": null
  }
}
2026-05-24 15:55:05,632 - api_testing.prompts.constraint_combination - DEBUG - ConstraintCombination Prompt: 
Target Evaluation Context:
- Endpoint: get-/api/v1/PublicationTypes
- Property: return.itemsPerPage
- Static Constraint (Specification Registry): gte(return.itemsPerPage, 0)
- Dynamic Constraint (Observed Traces): return.itemsPerPage >= size(return.items[])

2026-05-24 15:55:07,827 - api_testing.prompts.constraint_combination - DEBUG - ConstraintCombination Response: {
  "status": "NOT_COMBINED",
  "final_constraint": null,
  "reason": "The static constraint requires itemsPerPage to be greater than or equal to 0, while the dynamic constraint requires itemsPerPage to be greater than or equal to the size of the returned items array. Since the size of items[] can be greater than 0, the dynamic constraint can be narrower and potentially conflict with the static constraint if itemsPerPage is less than the number of items returned. Therefore, these constraints are not semantically equivalent.",
  "counter_example": {
    "target_side": "DYNAMIC_TRUE_STATIC_FALSE",
    "concrete_property_value": 5,
    "staged_payload": {
      "http_method": "GET",
      "endpoint_path": "/api/v1/PublicationTypes",
      "parameters": {},
      "headers": {},
      "body": null,
      "mime_type": null
    },
    "server_actual_response": null
  }
}
2026-05-24 15:55:07,827 - api_testing.prompts.constraint_combination - DEBUG - ConstraintCombination Prompt: 
Target Evaluation Context:
- Endpoint: get-/api/v1/Stages
- Property: return.itemsPerPage
- Static Constraint (Specification Registry): gte(return.itemsPerPage, 0)
- Dynamic Constraint (Observed Traces): return.itemsPerPage >= size(return.items[])

2026-05-24 15:55:09,813 - api_testing.prompts.constraint_combination - DEBUG - ConstraintCombination Response: {
  "status": "NOT_COMBINED",
  "final_constraint": null,
  "reason": "The static constraint requires itemsPerPage to be greater than or equal to 0, while the dynamic constraint requires itemsPerPage to be greater than or equal to the size of the returned items array. Since the size of items[] can be greater than 0, the dynamic constraint can be narrower and potentially conflict with the static constraint. For example, if itemsPerPage is 0 but items[] has 1 element, the dynamic constraint is violated. Therefore, these constraints are not semantically equivalent.",
  "counter_example": {
    "target_side": "DYNAMIC_TRUE_STATIC_FALSE",
    "concrete_property_value": 1,
    "staged_payload": {
      "http_method": "GET",
      "endpoint_path": "/api/v1/Stages",
      "parameters": {},
      "headers": {},
      "body": null,
      "mime_type": null
    },
    "server_actual_response": null
  }
}
2026-05-24 15:55:09,816 - api_testing.prompts.constraint_combination - DEBUG - Combined constraints saved to .cache\Bills-Static-Constraint-3\combine_constraint_miners.json
2026-05-24 15:55:10,654 - api_testing.generators.requestor - DEBUG - Parameters: {'Category': 'Commercial'}
2026-05-24 15:57:58,338 - api_testing.constraint.constraint_combiner - DEBUG - Combined constraints saved to C:\Users\Admin\AppData\Local\Temp\pytest-of-admin\pytest-23\test_combiner_matches_array_pr0\combine_constraint_miners.json
2026-05-24 15:57:58,344 - api_testing.constraint.constraint_combiner - DEBUG - Combined constraints saved to C:\Users\Admin\AppData\Local\Temp\pytest-of-admin\pytest-23\test_combiner_keeps_non_equiva0\combine_constraint_miners.json
2026-05-24 15:57:58,345 - api_testing.prompts.constraint_combination - DEBUG - ConstraintCombination Prompt: 
Target Evaluation Context:
- Endpoint: get-/things
- Property: return.id
- Static Constraint (Specification Registry): gt(return.id, 0)
- Dynamic Constraint (Observed Traces): return.id >= 1

2026-05-24 15:57:58,345 - api_testing.prompts.constraint_combination - DEBUG - ConstraintCombination Response: {
  "status": "COMBINED_EQUIVALENT",
  "final_constraint": "gt(return.id, 0)",
  "reason": "Integer lower bounds are equivalent.",
  "counter_example": null
}
2026-05-24 15:57:58,346 - api_testing.prompts.constraint_combination - DEBUG - Combined constraints saved to C:\Users\Admin\AppData\Local\Temp\pytest-of-admin\pytest-23\test_combiner_uses_model_for_n0\combine_constraint_miners.json
2026-05-24 15:57:58,347 - api_testing.prompts.constraint_combination - DEBUG - ConstraintCombination Prompt: 
Target Evaluation Context:
- Endpoint: get-/things
- Property: return.count
- Static Constraint (Specification Registry): gte(return.count, 0)
- Dynamic Constraint (Observed Traces): eq(return.count, 5)

2026-05-24 15:57:58,347 - api_testing.prompts.constraint_combination - DEBUG - ConstraintCombination Response: {
  "status": "NOT_COMBINED",
  "final_constraint": null,
  "reason": "The dynamic equality is narrower than the specification lower bound.",
  "counter_example": {
    "target_side": "STATIC_TRUE_DYNAMIC_FALSE",
    "concrete_property_value": 3,
    "staged_payload": {
      "http_method": "GET",
      "endpoint_path": "/things",
      "parameters": {
        "limit": 3
      }
    },
    "server_actual_response": null
  }
}
2026-05-24 15:57:58,348 - api_testing.prompts.constraint_combination - DEBUG - Combined constraints saved to C:\Users\Admin\AppData\Local\Temp\pytest-of-admin\pytest-23\test_combiner_stages_model_det0\combine_constraint_miners.json
2026-05-24 15:57:58,365 - api_testing.constraint.evaluation.engine.evaluator - WARNING - DSL validation failed: (3, 5.0) eq(3, 5.0)
2026-05-24 15:57:58,412 - api_testing.constraint.evaluation.engine.evaluator - WARNING - DSL validation failed: (3, 5.0) eq(3, 5.0)
2026-05-24 16:08:02,681 - api_testing.constraint.constraint_combiner - DEBUG - Combined constraints saved to C:\Users\Admin\AppData\Local\Temp\pytest-of-admin\pytest-24\test_combiner_matches_array_pr0\combine_constraint_miners.json
2026-05-24 16:08:02,685 - api_testing.constraint.constraint_combiner - DEBUG - Combined constraints saved to C:\Users\Admin\AppData\Local\Temp\pytest-of-admin\pytest-24\test_combiner_keeps_non_equiva0\combine_constraint_miners.json
2026-05-24 16:08:02,686 - api_testing.prompts.constraint_combination - DEBUG - ConstraintCombination Prompt: 
Target Evaluation Context:
- Endpoint: get-/things
- Property: return.id
- Static Constraint (Specification Registry): gt(return.id, 0)
- Dynamic Constraint (Observed Traces): return.id >= 1

2026-05-24 16:08:02,687 - api_testing.prompts.constraint_combination - DEBUG - ConstraintCombination Response: {
  "status": "COMBINED_EQUIVALENT",
  "final_constraint": "gt(return.id, 0)",
  "reason": "Integer lower bounds are equivalent.",
  "counter_example": null
}
2026-05-24 16:08:02,688 - api_testing.prompts.constraint_combination - DEBUG - Combined constraints saved to C:\Users\Admin\AppData\Local\Temp\pytest-of-admin\pytest-24\test_combiner_uses_model_for_n0\combine_constraint_miners.json
2026-05-24 16:08:02,691 - api_testing.prompts.constraint_combination - DEBUG - ConstraintCombination Prompt: 
Target Evaluation Context:
- Endpoint: get-/things
- Property: return.count
- Static Constraint (Specification Registry): gte(return.count, 0)
- Dynamic Constraint (Observed Traces): eq(return.count, 5)

2026-05-24 16:08:02,691 - api_testing.prompts.constraint_combination - DEBUG - ConstraintCombination Response: {
  "status": "NOT_COMBINED",
  "final_constraint": null,
  "reason": "The dynamic equality is narrower than the specification lower bound.",
  "counter_example": {
    "target_side": "STATIC_TRUE_DYNAMIC_FALSE",
    "concrete_property_value": 3,
    "staged_payload": {
      "http_method": "GET",
      "endpoint_path": "/things",
      "parameters": {
        "limit": 3
      }
    },
    "server_actual_response": null
  }
}
2026-05-24 16:08:02,692 - api_testing.prompts.constraint_combination - DEBUG - Combined constraints saved to C:\Users\Admin\AppData\Local\Temp\pytest-of-admin\pytest-24\test_combiner_stages_model_det0\combine_constraint_miners.json
2026-05-24 16:08:02,722 - api_testing.constraint.evaluation.engine.evaluator - WARNING - DSL validation failed: (3, 5.0) eq(3, 5.0)
2026-05-24 16:08:02,757 - api_testing.constraint.evaluation.engine.evaluator - WARNING - DSL validation failed: (3, 5.0) eq(3, 5.0)
2026-05-24 16:37:44,317 - api_testing.constraint.evaluation.engine.evaluator - WARNING - DSL validation failed: (3, 5.0) eq(3, 5.0)
2026-05-24 16:37:44,372 - api_testing.constraint.evaluation.engine.evaluator - WARNING - DSL validation failed: (3, 5.0) eq(3, 5.0)
2026-05-24 16:37:44,449 - api_testing.constraint.evaluation.engine.evaluator - WARNING - DSL validation failed: (3, 5.0) eq(3, 5.0)
2026-05-24 16:37:44,513 - api_testing.constraint.evaluation.engine.evaluator - WARNING - DSL validation failed: (3, 5.0) eq(3, 5.0)
2026-05-24 16:37:44,535 - api_testing.constraint.evaluation.engine.evaluator - WARNING - DSL validation failed: (3, 5.0) eq(3, 5.0)
2026-05-24 16:37:44,544 - api_testing.constraint.constraint_combiner - DEBUG - Combined constraints saved to C:\Users\Admin\AppData\Local\Temp\pytest-of-admin\pytest-25\test_combiner_matches_array_pr0\combine_constraint_miners.json
2026-05-24 16:37:44,548 - api_testing.constraint.constraint_combiner - DEBUG - Combined constraints saved to C:\Users\Admin\AppData\Local\Temp\pytest-of-admin\pytest-25\test_combiner_keeps_non_equiva0\combine_constraint_miners.json
2026-05-24 16:37:44,550 - api_testing.prompts.constraint_combination - DEBUG - ConstraintCombination Prompt: 
Target Evaluation Context:
- Endpoint: get-/things
- Property: return.id
- Static Constraint (Specification Registry): gt(return.id, 0)
- Dynamic Constraint (Observed Traces): return.id >= 1

2026-05-24 16:37:44,550 - api_testing.prompts.constraint_combination - DEBUG - ConstraintCombination Response: {
  "status": "COMBINED_EQUIVALENT",
  "final_constraint": "gt(return.id, 0)",
  "reason": "Integer lower bounds are equivalent.",
  "counter_example": null
}
2026-05-24 16:37:44,550 - api_testing.prompts.constraint_combination - DEBUG - Combined constraints saved to C:\Users\Admin\AppData\Local\Temp\pytest-of-admin\pytest-25\test_combiner_uses_model_for_n0\combine_constraint_miners.json
2026-05-24 16:37:44,552 - api_testing.prompts.constraint_combination - DEBUG - ConstraintCombination Prompt: 
Target Evaluation Context:
- Endpoint: get-/things
- Property: return.count
- Static Constraint (Specification Registry): gte(return.count, 0)
- Dynamic Constraint (Observed Traces): eq(return.count, 5)

2026-05-24 16:37:44,552 - api_testing.prompts.constraint_combination - DEBUG - ConstraintCombination Response: {
  "status": "NOT_COMBINED",
  "final_constraint": null,
  "reason": "The dynamic equality is narrower than the specification lower bound.",
  "counter_example": {
    "target_side": "STATIC_TRUE_DYNAMIC_FALSE",
    "concrete_property_value": 3,
    "staged_payload": {
      "http_method": "GET",
      "endpoint_path": "/things",
      "parameters": {
        "limit": 3
      }
    },
    "server_actual_response": null
  }
}
2026-05-24 16:37:44,552 - api_testing.prompts.constraint_combination - DEBUG - Combined constraints saved to C:\Users\Admin\AppData\Local\Temp\pytest-of-admin\pytest-25\test_combiner_stages_model_det0\combine_constraint_miners.json
2026-05-24 16:38:16,285 - api_testing.constraint.evaluation.engine.evaluator - WARNING - DSL validation failed: ('2025-09-15T00:00:00',) isNull(2025-09-15T00:00:00)
2026-05-24 16:38:16,285 - api_testing.constraint.evaluation.engine.evaluator - WARNING - DSL validation failed: ('2021-12-07T00:00:00',) isNull(2021-12-07T00:00:00)
2026-05-24 16:38:16,285 - api_testing.constraint.evaluation.engine.evaluator - WARNING - DSL validation failed: ('2023-06-08T00:00:00',) isNull(2023-06-08T00:00:00)
2026-05-24 16:38:16,285 - api_testing.constraint.evaluation.engine.evaluator - WARNING - DSL validation failed: ('2023-03-21T00:00:00',) isNull(2023-03-21T00:00:00)
2026-05-24 16:38:16,285 - api_testing.constraint.evaluation.engine.evaluator - WARNING - DSL validation failed: ('2023-06-27T00:00:00',) isNull(2023-06-27T00:00:00)
2026-05-24 16:38:16,285 - api_testing.constraint.evaluation.engine.evaluator - WARNING - DSL validation failed: ('2022-03-14T00:00:00',) isNull(2022-03-14T00:00:00)
2026-05-24 16:38:16,285 - api_testing.constraint.evaluation.engine.evaluator - WARNING - DSL validation failed: ('2025-06-20T00:00:00',) isNull(2025-06-20T00:00:00)
2026-05-24 16:38:16,285 - api_testing.constraint.evaluation.engine.evaluator - WARNING - DSL validation failed: ('2021-10-29T00:00:00',) isNull(2021-10-29T00:00:00)
2026-05-24 16:38:16,285 - api_testing.constraint.evaluation.engine.evaluator - WARNING - DSL validation failed: ('2024-01-19T00:00:00',) isNull(2024-01-19T00:00:00)
2026-05-24 16:38:16,285 - api_testing.constraint.evaluation.engine.evaluator - WARNING - DSL validation failed: ('2025-03-24T00:00:00',) isNull(2025-03-24T00:00:00)
2026-05-24 16:38:16,285 - api_testing.constraint.evaluation.engine.evaluator - WARNING - DSL validation failed: ('2012-06-18T00:00:00',) isNull(2012-06-18T00:00:00)
2026-05-24 16:38:16,285 - api_testing.constraint.evaluation.engine.evaluator - WARNING - DSL validation failed: ('2023-03-21T00:00:00',) isNull(2023-03-21T00:00:00)
2026-05-24 16:38:16,285 - api_testing.constraint.evaluation.engine.evaluator - WARNING - DSL validation failed: ('2021-03-04T00:00:00',) isNull(2021-03-04T00:00:00)
2026-05-24 16:38:16,285 - api_testing.constraint.evaluation.engine.evaluator - WARNING - DSL validation failed: ('2022-11-02T00:00:00',) isNull(2022-11-02T00:00:00)
2026-05-24 16:38:16,285 - api_testing.constraint.evaluation.engine.evaluator - WARNING - DSL validation failed: ('2023-03-08T00:00:00',) isNull(2023-03-08T00:00:00)
2026-05-24 16:38:16,285 - api_testing.constraint.evaluation.engine.evaluator - WARNING - DSL validation failed: ('2021-03-12T00:00:00',) isNull(2021-03-12T00:00:00)
2026-05-24 16:38:16,285 - api_testing.constraint.evaluation.engine.evaluator - WARNING - DSL validation failed: ('2021-03-23T00:00:00',) isNull(2021-03-23T00:00:00)
2026-05-24 16:38:16,285 - api_testing.constraint.evaluation.engine.evaluator - WARNING - DSL validation failed: ('2022-02-07T00:00:00',) isNull(2022-02-07T00:00:00)
2026-05-24 16:38:16,285 - api_testing.constraint.evaluation.engine.evaluator - WARNING - DSL validation failed: ('2025-04-22T00:00:00',) isNull(2025-04-22T00:00:00)
2026-05-24 16:38:16,285 - api_testing.constraint.evaluation.engine.evaluator - WARNING - DSL validation failed: ('2021-11-19T00:00:00',) isNull(2021-11-19T00:00:00)
2026-05-24 16:44:03,156 - api_testing.constraint.evaluation.engine.evaluator - WARNING - DSL validation failed: (3, 5.0) eq(3, 5.0)
2026-05-24 16:44:03,208 - api_testing.constraint.evaluation.engine.evaluator - WARNING - DSL validation failed: (3, 5.0) eq(3, 5.0)
2026-05-24 16:44:03,267 - api_testing.constraint.evaluation.engine.evaluator - WARNING - DSL validation failed: (3, 5.0) eq(3, 5.0)
2026-05-24 16:44:03,329 - api_testing.constraint.evaluation.engine.evaluator - WARNING - DSL validation failed: (3, 5.0) eq(3, 5.0)
2026-05-24 16:44:03,350 - api_testing.constraint.evaluation.engine.evaluator - WARNING - DSL validation failed: (3, 5.0) eq(3, 5.0)
2026-05-24 16:44:03,382 - api_testing.constraint.evaluation.engine.evaluator - WARNING - DSL validation failed: (20, 20) allEq(20, 20)
2026-05-24 16:44:03,382 - api_testing.constraint.evaluation.engine.evaluator - WARNING - DSL validation failed: (20, 20) contains(20, 20)
2026-05-24 16:44:03,382 - api_testing.constraint.evaluation.engine.evaluator - WARNING - DSL validation failed: (True, False, False) and(True, False, False)
2026-05-24 16:44:03,456 - api_testing.constraint.constraint_combiner - DEBUG - Combined constraints saved to C:\Users\Admin\AppData\Local\Temp\pytest-of-admin\pytest-26\test_combiner_matches_array_pr0\combine_constraint_miners.json
2026-05-24 16:44:03,461 - api_testing.constraint.constraint_combiner - DEBUG - Combined constraints saved to C:\Users\Admin\AppData\Local\Temp\pytest-of-admin\pytest-26\test_combiner_keeps_non_equiva0\combine_constraint_miners.json
2026-05-24 16:44:03,461 - api_testing.prompts.constraint_combination - DEBUG - ConstraintCombination Prompt: 
Target Evaluation Context:
- Endpoint: get-/things
- Property: return.id
- Static Constraint (Specification Registry): gt(return.id, 0)
- Dynamic Constraint (Observed Traces): return.id >= 1

2026-05-24 16:44:03,461 - api_testing.prompts.constraint_combination - DEBUG - ConstraintCombination Response: {
  "status": "COMBINED_EQUIVALENT",
  "final_constraint": "gt(return.id, 0)",
  "reason": "Integer lower bounds are equivalent.",
  "counter_example": null
}
2026-05-24 16:44:03,461 - api_testing.prompts.constraint_combination - DEBUG - Combined constraints saved to C:\Users\Admin\AppData\Local\Temp\pytest-of-admin\pytest-26\test_combiner_uses_model_for_n0\combine_constraint_miners.json
2026-05-24 16:44:03,468 - api_testing.prompts.constraint_combination - DEBUG - ConstraintCombination Prompt: 
Target Evaluation Context:
- Endpoint: get-/things
- Property: return.count
- Static Constraint (Specification Registry): gte(return.count, 0)
- Dynamic Constraint (Observed Traces): eq(return.count, 5)

2026-05-24 16:44:03,468 - api_testing.prompts.constraint_combination - DEBUG - ConstraintCombination Response: {
  "status": "NOT_COMBINED",
  "final_constraint": null,
  "reason": "The dynamic equality is narrower than the specification lower bound.",
  "counter_example": {
    "target_side": "STATIC_TRUE_DYNAMIC_FALSE",
    "concrete_property_value": 3,
    "staged_payload": {
      "http_method": "GET",
      "endpoint_path": "/things",
      "parameters": {
        "limit": 3
      }
    },
    "server_actual_response": null
  }
}
2026-05-24 16:44:03,468 - api_testing.prompts.constraint_combination - DEBUG - Combined constraints saved to C:\Users\Admin\AppData\Local\Temp\pytest-of-admin\pytest-26\test_combiner_stages_model_det0\combine_constraint_miners.json
2026-05-24 16:44:31,713 - api_testing.constraint.evaluation.engine.evaluator - WARNING - DSL validation failed: (3, 5.0) eq(3, 5.0)
2026-05-24 16:44:31,770 - api_testing.constraint.evaluation.engine.evaluator - WARNING - DSL validation failed: (3, 5.0) eq(3, 5.0)
2026-05-24 16:44:31,833 - api_testing.constraint.evaluation.engine.evaluator - WARNING - DSL validation failed: (3, 5.0) eq(3, 5.0)
2026-05-24 16:44:31,933 - api_testing.constraint.evaluation.engine.evaluator - WARNING - DSL validation failed: (3, 5.0) eq(3, 5.0)
2026-05-24 16:44:31,955 - api_testing.constraint.evaluation.engine.evaluator - WARNING - DSL validation failed: (3, 5.0) eq(3, 5.0)
2026-05-24 16:44:32,079 - api_testing.constraint.constraint_combiner - DEBUG - Combined constraints saved to C:\Users\Admin\AppData\Local\Temp\pytest-of-admin\pytest-27\test_combiner_matches_array_pr0\combine_constraint_miners.json
2026-05-24 16:44:32,082 - api_testing.constraint.constraint_combiner - DEBUG - Combined constraints saved to C:\Users\Admin\AppData\Local\Temp\pytest-of-admin\pytest-27\test_combiner_keeps_non_equiva0\combine_constraint_miners.json
2026-05-24 16:44:32,084 - api_testing.prompts.constraint_combination - DEBUG - ConstraintCombination Prompt: 
Target Evaluation Context:
- Endpoint: get-/things
- Property: return.id
- Static Constraint (Specification Registry): gt(return.id, 0)
- Dynamic Constraint (Observed Traces): return.id >= 1

2026-05-24 16:44:32,084 - api_testing.prompts.constraint_combination - DEBUG - ConstraintCombination Response: {
  "status": "COMBINED_EQUIVALENT",
  "final_constraint": "gt(return.id, 0)",
  "reason": "Integer lower bounds are equivalent.",
  "counter_example": null
}
2026-05-24 16:44:32,084 - api_testing.prompts.constraint_combination - DEBUG - Combined constraints saved to C:\Users\Admin\AppData\Local\Temp\pytest-of-admin\pytest-27\test_combiner_uses_model_for_n0\combine_constraint_miners.json
2026-05-24 16:44:32,086 - api_testing.prompts.constraint_combination - DEBUG - ConstraintCombination Prompt: 
Target Evaluation Context:
- Endpoint: get-/things
- Property: return.count
- Static Constraint (Specification Registry): gte(return.count, 0)
- Dynamic Constraint (Observed Traces): eq(return.count, 5)

2026-05-24 16:44:32,086 - api_testing.prompts.constraint_combination - DEBUG - ConstraintCombination Response: {
  "status": "NOT_COMBINED",
  "final_constraint": null,
  "reason": "The dynamic equality is narrower than the specification lower bound.",
  "counter_example": {
    "target_side": "STATIC_TRUE_DYNAMIC_FALSE",
    "concrete_property_value": 3,
    "staged_payload": {
      "http_method": "GET",
      "endpoint_path": "/things",
      "parameters": {
        "limit": 3
      }
    },
    "server_actual_response": null
  }
}
2026-05-24 16:44:32,087 - api_testing.prompts.constraint_combination - DEBUG - Combined constraints saved to C:\Users\Admin\AppData\Local\Temp\pytest-of-admin\pytest-27\test_combiner_stages_model_det0\combine_constraint_miners.json
2026-05-24 16:44:53,947 - api_testing.constraint.evaluation.engine.evaluator - WARNING - DSL validation failed: ('100', 100) eq(100, 100)
2026-05-24 16:45:30,844 - api_testing.constraint.evaluation.engine.evaluator - WARNING - DSL validation failed: (3, 5.0) eq(3, 5.0)
2026-05-24 16:45:30,893 - api_testing.constraint.evaluation.engine.evaluator - WARNING - DSL validation failed: (3, 5.0) eq(3, 5.0)
2026-05-24 16:45:30,957 - api_testing.constraint.evaluation.engine.evaluator - WARNING - DSL validation failed: (3, 5.0) eq(3, 5.0)
2026-05-24 16:45:31,012 - api_testing.constraint.evaluation.engine.evaluator - WARNING - DSL validation failed: (3, 5.0) eq(3, 5.0)
2026-05-24 16:45:31,033 - api_testing.constraint.evaluation.engine.evaluator - WARNING - DSL validation failed: (3, 5.0) eq(3, 5.0)
2026-05-24 16:45:31,196 - api_testing.constraint.evaluation.engine.evaluator - WARNING - DSL validation failed: (3, 5.0) eq(3, 5.0)
2026-05-24 16:45:31,205 - api_testing.constraint.constraint_combiner - DEBUG - Combined constraints saved to C:\Users\Admin\AppData\Local\Temp\pytest-of-admin\pytest-28\test_combiner_matches_array_pr0\combine_constraint_miners.json
2026-05-24 16:45:31,206 - api_testing.constraint.constraint_combiner - DEBUG - Combined constraints saved to C:\Users\Admin\AppData\Local\Temp\pytest-of-admin\pytest-28\test_combiner_keeps_non_equiva0\combine_constraint_miners.json
2026-05-24 16:45:31,206 - api_testing.prompts.constraint_combination - DEBUG - ConstraintCombination Prompt: 
Target Evaluation Context:
- Endpoint: get-/things
- Property: return.id
- Static Constraint (Specification Registry): gt(return.id, 0)
- Dynamic Constraint (Observed Traces): return.id >= 1

2026-05-24 16:45:31,206 - api_testing.prompts.constraint_combination - DEBUG - ConstraintCombination Response: {
  "status": "COMBINED_EQUIVALENT",
  "final_constraint": "gt(return.id, 0)",
  "reason": "Integer lower bounds are equivalent.",
  "counter_example": null
}
2026-05-24 16:45:31,206 - api_testing.prompts.constraint_combination - DEBUG - Combined constraints saved to C:\Users\Admin\AppData\Local\Temp\pytest-of-admin\pytest-28\test_combiner_uses_model_for_n0\combine_constraint_miners.json
2026-05-24 16:45:31,206 - api_testing.prompts.constraint_combination - DEBUG - ConstraintCombination Prompt: 
Target Evaluation Context:
- Endpoint: get-/things
- Property: return.count
- Static Constraint (Specification Registry): gte(return.count, 0)
- Dynamic Constraint (Observed Traces): eq(return.count, 5)

2026-05-24 16:45:31,212 - api_testing.prompts.constraint_combination - DEBUG - ConstraintCombination Response: {
  "status": "NOT_COMBINED",
  "final_constraint": null,
  "reason": "The dynamic equality is narrower than the specification lower bound.",
  "counter_example": {
    "target_side": "STATIC_TRUE_DYNAMIC_FALSE",
    "concrete_property_value": 3,
    "staged_payload": {
      "http_method": "GET",
      "endpoint_path": "/things",
      "parameters": {
        "limit": 3
      }
    },
    "server_actual_response": null
  }
}
2026-05-24 16:45:31,212 - api_testing.prompts.constraint_combination - DEBUG - Combined constraints saved to C:\Users\Admin\AppData\Local\Temp\pytest-of-admin\pytest-28\test_combiner_stages_model_det0\combine_constraint_miners.json
2026-05-24 16:45:46,776 - api_testing.constraint.evaluation.engine.evaluator - WARNING - DSL validation failed: ('100', 100) eq(100, 100)
2026-05-24 16:46:11,951 - api_testing.constraint.evaluation.engine.evaluator - WARNING - DSL validation failed: (3, 5.0) eq(3, 5.0)
2026-05-24 16:46:12,009 - api_testing.constraint.evaluation.engine.evaluator - WARNING - DSL validation failed: (3, 5.0) eq(3, 5.0)
2026-05-24 16:46:12,071 - api_testing.constraint.evaluation.engine.evaluator - WARNING - DSL validation failed: (3, 5.0) eq(3, 5.0)
2026-05-24 16:46:12,128 - api_testing.constraint.evaluation.engine.evaluator - WARNING - DSL validation failed: (3, 5.0) eq(3, 5.0)
2026-05-24 16:46:12,150 - api_testing.constraint.evaluation.engine.evaluator - WARNING - DSL validation failed: (3, 5.0) eq(3, 5.0)
2026-05-24 16:46:12,294 - api_testing.constraint.evaluation.engine.evaluator - WARNING - DSL validation failed: (3, 5.0) eq(3, 5.0)
2026-05-24 16:46:12,302 - api_testing.constraint.constraint_combiner - DEBUG - Combined constraints saved to C:\Users\Admin\AppData\Local\Temp\pytest-of-admin\pytest-29\test_combiner_matches_array_pr0\combine_constraint_miners.json
2026-05-24 16:46:12,307 - api_testing.constraint.constraint_combiner - DEBUG - Combined constraints saved to C:\Users\Admin\AppData\Local\Temp\pytest-of-admin\pytest-29\test_combiner_keeps_non_equiva0\combine_constraint_miners.json
2026-05-24 16:46:12,307 - api_testing.prompts.constraint_combination - DEBUG - ConstraintCombination Prompt: 
Target Evaluation Context:
- Endpoint: get-/things
- Property: return.id
- Static Constraint (Specification Registry): gt(return.id, 0)
- Dynamic Constraint (Observed Traces): return.id >= 1

2026-05-24 16:46:12,307 - api_testing.prompts.constraint_combination - DEBUG - ConstraintCombination Response: {
  "status": "COMBINED_EQUIVALENT",
  "final_constraint": "gt(return.id, 0)",
  "reason": "Integer lower bounds are equivalent.",
  "counter_example": null
}
2026-05-24 16:46:12,307 - api_testing.prompts.constraint_combination - DEBUG - Combined constraints saved to C:\Users\Admin\AppData\Local\Temp\pytest-of-admin\pytest-29\test_combiner_uses_model_for_n0\combine_constraint_miners.json
2026-05-24 16:46:12,314 - api_testing.prompts.constraint_combination - DEBUG - ConstraintCombination Prompt: 
Target Evaluation Context:
- Endpoint: get-/things
- Property: return.count
- Static Constraint (Specification Registry): gte(return.count, 0)
- Dynamic Constraint (Observed Traces): eq(return.count, 5)

2026-05-24 16:46:12,315 - api_testing.prompts.constraint_combination - DEBUG - ConstraintCombination Response: {
  "status": "NOT_COMBINED",
  "final_constraint": null,
  "reason": "The dynamic equality is narrower than the specification lower bound.",
  "counter_example": {
    "target_side": "STATIC_TRUE_DYNAMIC_FALSE",
    "concrete_property_value": 3,
    "staged_payload": {
      "http_method": "GET",
      "endpoint_path": "/things",
      "parameters": {
        "limit": 3
      }
    },
    "server_actual_response": null
  }
}
2026-05-24 16:46:12,315 - api_testing.prompts.constraint_combination - DEBUG - Combined constraints saved to C:\Users\Admin\AppData\Local\Temp\pytest-of-admin\pytest-29\test_combiner_stages_model_det0\combine_constraint_miners.json
2026-05-24 16:48:52,201 - api_testing.constraint.evaluation.engine.evaluator - WARNING - DSL validation failed: (3, 5.0) eq(3, 5.0)
2026-05-24 16:48:52,257 - api_testing.constraint.evaluation.engine.evaluator - WARNING - DSL validation failed: (3, 5.0) eq(3, 5.0)
2026-05-24 16:48:52,313 - api_testing.constraint.evaluation.engine.evaluator - WARNING - DSL validation failed: (3, 5.0) eq(3, 5.0)
2026-05-24 16:48:52,388 - api_testing.constraint.evaluation.engine.evaluator - WARNING - DSL validation failed: (3, 5.0) eq(3, 5.0)
2026-05-24 16:48:52,409 - api_testing.constraint.evaluation.engine.evaluator - WARNING - DSL validation failed: (3, 5.0) eq(3, 5.0)
2026-05-24 16:48:52,523 - api_testing.constraint.evaluation.engine.evaluator - WARNING - DSL validation failed: (None,) exists(None)
2026-05-24 16:48:52,523 - api_testing.constraint.evaluation.engine.evaluator - WARNING - DSL validation failed: (42, None) eq(42, None)
2026-05-24 16:48:52,590 - api_testing.constraint.evaluation.engine.evaluator - WARNING - DSL validation failed: (3, 5.0) eq(3, 5.0)
2026-05-24 16:48:52,599 - api_testing.constraint.constraint_combiner - DEBUG - Combined constraints saved to C:\Users\Admin\AppData\Local\Temp\pytest-of-admin\pytest-30\test_combiner_matches_array_pr0\combine_constraint_miners.json
2026-05-24 16:48:52,604 - api_testing.constraint.constraint_combiner - DEBUG - Combined constraints saved to C:\Users\Admin\AppData\Local\Temp\pytest-of-admin\pytest-30\test_combiner_keeps_non_equiva0\combine_constraint_miners.json
2026-05-24 16:48:52,605 - api_testing.prompts.constraint_combination - DEBUG - ConstraintCombination Prompt: 
Target Evaluation Context:
- Endpoint: get-/things
- Property: return.id
- Static Constraint (Specification Registry): gt(return.id, 0)
- Dynamic Constraint (Observed Traces): return.id >= 1

2026-05-24 16:48:52,605 - api_testing.prompts.constraint_combination - DEBUG - ConstraintCombination Response: {
  "status": "COMBINED_EQUIVALENT",
  "final_constraint": "gt(return.id, 0)",
  "reason": "Integer lower bounds are equivalent.",
  "counter_example": null
}
2026-05-24 16:48:52,605 - api_testing.prompts.constraint_combination - DEBUG - Combined constraints saved to C:\Users\Admin\AppData\Local\Temp\pytest-of-admin\pytest-30\test_combiner_uses_model_for_n0\combine_constraint_miners.json
2026-05-24 16:48:52,609 - api_testing.prompts.constraint_combination - DEBUG - ConstraintCombination Prompt: 
Target Evaluation Context:
- Endpoint: get-/things
- Property: return.count
- Static Constraint (Specification Registry): gte(return.count, 0)
- Dynamic Constraint (Observed Traces): eq(return.count, 5)

2026-05-24 16:48:52,612 - api_testing.prompts.constraint_combination - DEBUG - ConstraintCombination Response: {
  "status": "NOT_COMBINED",
  "final_constraint": null,
  "reason": "The dynamic equality is narrower than the specification lower bound.",
  "counter_example": {
    "target_side": "STATIC_TRUE_DYNAMIC_FALSE",
    "concrete_property_value": 3,
    "staged_payload": {
      "http_method": "GET",
      "endpoint_path": "/things",
      "parameters": {
        "limit": 3
      }
    },
    "server_actual_response": null
  }
}
2026-05-24 16:48:52,613 - api_testing.prompts.constraint_combination - DEBUG - Combined constraints saved to C:\Users\Admin\AppData\Local\Temp\pytest-of-admin\pytest-30\test_combiner_stages_model_det0\combine_constraint_miners.json
2026-05-24 16:49:08,989 - api_testing.constraint.evaluation.engine.evaluator - WARNING - DSL validation failed: (None,) exists(None)
2026-05-24 16:49:08,989 - api_testing.constraint.evaluation.engine.evaluator - WARNING - DSL validation failed: (42, None) eq(42, None)
2026-05-24 17:12:08,310 - api_testing.constraint.evaluation.engine.evaluator - WARNING - DSL validation failed: (3, 5.0) eq(3, 5.0)
2026-05-24 17:12:08,352 - api_testing.constraint.evaluation.engine.evaluator - WARNING - DSL validation failed: (3, 5.0) eq(3, 5.0)
2026-05-24 17:12:08,428 - api_testing.constraint.evaluation.engine.evaluator - WARNING - DSL validation failed: (3, 5.0) eq(3, 5.0)
2026-05-24 17:12:08,504 - api_testing.constraint.evaluation.engine.evaluator - WARNING - DSL validation failed: (3, 5.0) eq(3, 5.0)
2026-05-24 17:12:08,527 - api_testing.constraint.evaluation.engine.evaluator - WARNING - DSL validation failed: (3, 5.0) eq(3, 5.0)
2026-05-24 17:12:08,631 - api_testing.constraint.evaluation.engine.evaluator - WARNING - DSL validation failed: (None,) exists(None)
2026-05-24 17:12:08,631 - api_testing.constraint.evaluation.engine.evaluator - WARNING - DSL validation failed: (42, None) eq(42, None)
2026-05-24 17:12:08,696 - api_testing.constraint.evaluation.engine.evaluator - WARNING - DSL validation failed: (3, 5.0) eq(3, 5.0)
2026-05-24 17:12:08,705 - api_testing.constraint.constraint_combiner - DEBUG - Combined constraints saved to C:\Users\Admin\AppData\Local\Temp\pytest-of-admin\pytest-31\test_combiner_matches_array_pr0\combine_constraint_miners.json
2026-05-24 17:12:08,710 - api_testing.constraint.constraint_combiner - DEBUG - Combined constraints saved to C:\Users\Admin\AppData\Local\Temp\pytest-of-admin\pytest-31\test_combiner_keeps_non_equiva0\combine_constraint_miners.json
2026-05-24 17:12:08,713 - api_testing.prompts.constraint_combination - DEBUG - ConstraintCombination Prompt: 
Target Evaluation Context:
- Endpoint: get-/things
- Property: return.id
- Static Constraint (Specification Registry): gt(return.id, 0)
- Dynamic Constraint (Observed Traces): return.id >= 1

2026-05-24 17:12:08,713 - api_testing.prompts.constraint_combination - DEBUG - ConstraintCombination Response: {
  "status": "COMBINED_EQUIVALENT",
  "final_constraint": "gt(return.id, 0)",
  "reason": "Integer lower bounds are equivalent.",
  "counter_example": null
}
2026-05-24 17:12:08,714 - api_testing.prompts.constraint_combination - DEBUG - Combined constraints saved to C:\Users\Admin\AppData\Local\Temp\pytest-of-admin\pytest-31\test_combiner_uses_model_for_n0\combine_constraint_miners.json
2026-05-24 17:12:08,718 - api_testing.prompts.constraint_combination - DEBUG - ConstraintCombination Prompt: 
Target Evaluation Context:
- Endpoint: get-/things
- Property: return.count
- Static Constraint (Specification Registry): gte(return.count, 0)
- Dynamic Constraint (Observed Traces): eq(return.count, 5)

2026-05-24 17:12:08,718 - api_testing.prompts.constraint_combination - DEBUG - ConstraintCombination Response: {
  "status": "NOT_COMBINED",
  "final_constraint": null,
  "reason": "The dynamic equality is narrower than the specification lower bound.",
  "counter_example": {
    "target_side": "STATIC_TRUE_DYNAMIC_FALSE",
    "concrete_property_value": 3,
    "staged_payload": {
      "http_method": "GET",
      "endpoint_path": "/things",
      "parameters": {
        "limit": 3
      }
    },
    "server_actual_response": null
  }
}
2026-05-24 17:12:08,728 - api_testing.prompts.constraint_combination - DEBUG - Combined constraints saved to C:\Users\Admin\AppData\Local\Temp\pytest-of-admin\pytest-31\test_combiner_stages_model_det0\combine_constraint_miners.json
2026-05-24 18:02:09,858 - api_testing.constraint.evaluation.engine.evaluator - WARNING - DSL validation failed: (3, 5.0) eq(3, 5.0)
2026-05-24 18:02:09,858 - api_testing.constraint.evaluation.engine.evaluator - WARNING - DSL validation failed: (3, 5.0) eq(3, 5.0)
2026-05-24 18:02:09,910 - api_testing.constraint.evaluation.engine.evaluator - WARNING - DSL validation failed: (3, 5.0) eq(3, 5.0)
2026-05-24 18:02:09,911 - api_testing.constraint.evaluation.engine.evaluator - WARNING - DSL validation failed: (3, 5.0) eq(3, 5.0)
2026-05-24 18:02:09,968 - api_testing.constraint.evaluation.engine.evaluator - WARNING - DSL validation failed: (3, 5.0) eq(3, 5.0)
2026-05-24 18:02:10,051 - api_testing.constraint.evaluation.engine.evaluator - WARNING - DSL validation failed: (3, 5.0) eq(3, 5.0)
2026-05-24 18:02:10,051 - api_testing.constraint.evaluation.engine.evaluator - WARNING - DSL validation failed: (3, 5.0) eq(3, 5.0)
2026-05-24 18:02:10,074 - api_testing.constraint.evaluation.engine.evaluator - WARNING - DSL validation failed: (3, 5.0) eq(3, 5.0)
2026-05-24 18:02:10,231 - api_testing.constraint.evaluation.engine.evaluator - WARNING - DSL validation failed: (None,) exists(None)
2026-05-24 18:02:10,231 - api_testing.constraint.evaluation.engine.evaluator - WARNING - DSL validation failed: (42, None) eq(42, None)
2026-05-24 18:02:10,302 - api_testing.constraint.evaluation.engine.evaluator - WARNING - DSL validation failed: (3, 5.0) eq(3, 5.0)
2026-05-24 18:02:10,303 - api_testing.constraint.evaluation.engine.evaluator - WARNING - DSL validation failed: (3, 5.0) eq(3, 5.0)
2026-05-24 18:02:10,303 - api_testing.constraint.evaluation.engine.evaluator - WARNING - DSL validation failed: (3, 5.0) eq(3, 5.0)
2026-05-24 18:02:10,384 - api_testing.constraint.constraint_combiner - DEBUG - Combined constraints saved to C:\Users\Admin\AppData\Local\Temp\pytest-of-admin\pytest-32\test_combiner_matches_array_pr0\combine_constraint_miners.json
2026-05-24 18:02:10,388 - api_testing.constraint.constraint_combiner - DEBUG - Combined constraints saved to C:\Users\Admin\AppData\Local\Temp\pytest-of-admin\pytest-32\test_combiner_keeps_non_equiva0\combine_constraint_miners.json
2026-05-24 18:02:10,392 - api_testing.prompts.constraint_combination - DEBUG - ConstraintCombination Prompt: 
Target Evaluation Context:
- Endpoint: get-/things
- Property: return.id
- Static Constraint (Specification Registry): gt(return.id, 0)
- Dynamic Constraint (Observed Traces): return.id >= 1

2026-05-24 18:02:10,392 - api_testing.prompts.constraint_combination - DEBUG - ConstraintCombination Response: {
  "status": "COMBINED_EQUIVALENT",
  "final_constraint": "gt(return.id, 0)",
  "reason": "Integer lower bounds are equivalent.",
  "counter_example": null
}
2026-05-24 18:02:10,393 - api_testing.prompts.constraint_combination - DEBUG - Combined constraints saved to C:\Users\Admin\AppData\Local\Temp\pytest-of-admin\pytest-32\test_combiner_uses_model_for_n0\combine_constraint_miners.json
2026-05-24 18:02:10,396 - api_testing.prompts.constraint_combination - DEBUG - ConstraintCombination Prompt: 
Target Evaluation Context:
- Endpoint: get-/things
- Property: return.count
- Static Constraint (Specification Registry): gte(return.count, 0)
- Dynamic Constraint (Observed Traces): eq(return.count, 5)

2026-05-24 18:02:10,396 - api_testing.prompts.constraint_combination - DEBUG - ConstraintCombination Response: {
  "status": "NOT_COMBINED",
  "final_constraint": null,
  "reason": "The dynamic equality is narrower than the specification lower bound.",
  "counter_example": {
    "target_side": "STATIC_TRUE_DYNAMIC_FALSE",
    "concrete_property_value": 3,
    "staged_payload": {
      "http_method": "GET",
      "endpoint_path": "/things",
      "parameters": {
        "limit": 3
      }
    },
    "server_actual_response": null
  }
}
2026-05-24 18:02:10,397 - api_testing.prompts.constraint_combination - DEBUG - Combined constraints saved to C:\Users\Admin\AppData\Local\Temp\pytest-of-admin\pytest-32\test_combiner_stages_model_det0\combine_constraint_miners.json
2026-05-24 18:02:48,023 - api_testing.constraint.evaluation.engine.evaluator - WARNING - DSL validation failed: (3, 5.0) eq(3, 5.0)
2026-05-24 18:02:48,025 - api_testing.constraint.evaluation.engine.evaluator - WARNING - DSL validation failed: (3, 5.0) eq(3, 5.0)
2026-05-24 18:02:48,092 - api_testing.constraint.evaluation.engine.evaluator - WARNING - DSL validation failed: (3, 5.0) eq(3, 5.0)
2026-05-24 18:02:48,093 - api_testing.constraint.evaluation.engine.evaluator - WARNING - DSL validation failed: (3, 5.0) eq(3, 5.0)
2026-05-24 18:02:48,158 - api_testing.constraint.evaluation.engine.evaluator - WARNING - DSL validation failed: (3, 5.0) eq(3, 5.0)
2026-05-24 18:02:48,222 - api_testing.constraint.evaluation.engine.evaluator - WARNING - DSL validation failed: (3, 5.0) eq(3, 5.0)
2026-05-24 18:02:48,224 - api_testing.constraint.evaluation.engine.evaluator - WARNING - DSL validation failed: (3, 5.0) eq(3, 5.0)
2026-05-24 18:02:48,240 - api_testing.constraint.evaluation.engine.evaluator - WARNING - DSL validation failed: (3, 5.0) eq(3, 5.0)
2026-05-24 18:02:48,372 - api_testing.constraint.evaluation.engine.evaluator - WARNING - DSL validation failed: (None,) exists(None)
2026-05-24 18:02:48,373 - api_testing.constraint.evaluation.engine.evaluator - WARNING - DSL validation failed: (42, None) eq(42, None)
2026-05-24 18:02:48,428 - api_testing.constraint.evaluation.engine.evaluator - WARNING - DSL validation failed: (3, 5.0) eq(3, 5.0)
2026-05-24 18:02:48,429 - api_testing.constraint.evaluation.engine.evaluator - WARNING - DSL validation failed: (3, 5.0) eq(3, 5.0)
2026-05-24 18:02:48,430 - api_testing.constraint.evaluation.engine.evaluator - WARNING - DSL validation failed: (3, 5.0) eq(3, 5.0)
2026-05-24 18:02:48,497 - api_testing.constraint.constraint_combiner - DEBUG - Combined constraints saved to C:\Users\Admin\AppData\Local\Temp\pytest-of-admin\pytest-33\test_combiner_matches_array_pr0\combine_constraint_miners.json
2026-05-24 18:02:48,501 - api_testing.constraint.constraint_combiner - DEBUG - Combined constraints saved to C:\Users\Admin\AppData\Local\Temp\pytest-of-admin\pytest-33\test_combiner_keeps_non_equiva0\combine_constraint_miners.json
2026-05-24 18:02:48,503 - api_testing.prompts.constraint_combination - DEBUG - ConstraintCombination Prompt: 
Target Evaluation Context:
- Endpoint: get-/things
- Property: return.id
- Static Constraint (Specification Registry): gt(return.id, 0)
- Dynamic Constraint (Observed Traces): return.id >= 1

2026-05-24 18:02:48,503 - api_testing.prompts.constraint_combination - DEBUG - ConstraintCombination Response: {
  "status": "COMBINED_EQUIVALENT",
  "final_constraint": "gt(return.id, 0)",
  "reason": "Integer lower bounds are equivalent.",
  "counter_example": null
}
2026-05-24 18:02:48,503 - api_testing.prompts.constraint_combination - DEBUG - Combined constraints saved to C:\Users\Admin\AppData\Local\Temp\pytest-of-admin\pytest-33\test_combiner_uses_model_for_n0\combine_constraint_miners.json
2026-05-24 18:02:48,505 - api_testing.prompts.constraint_combination - DEBUG - ConstraintCombination Prompt: 
Target Evaluation Context:
- Endpoint: get-/things
- Property: return.count
- Static Constraint (Specification Registry): gte(return.count, 0)
- Dynamic Constraint (Observed Traces): eq(return.count, 5)

2026-05-24 18:02:48,505 - api_testing.prompts.constraint_combination - DEBUG - ConstraintCombination Response: {
  "status": "NOT_COMBINED",
  "final_constraint": null,
  "reason": "The dynamic equality is narrower than the specification lower bound.",
  "counter_example": {
    "target_side": "STATIC_TRUE_DYNAMIC_FALSE",
    "concrete_property_value": 3,
    "staged_payload": {
      "http_method": "GET",
      "endpoint_path": "/things",
      "parameters": {
        "limit": 3
      }
    },
    "server_actual_response": null
  }
}
2026-05-24 18:02:48,505 - api_testing.prompts.constraint_combination - DEBUG - Combined constraints saved to C:\Users\Admin\AppData\Local\Temp\pytest-of-admin\pytest-33\test_combiner_stages_model_det0\combine_constraint_miners.json
2026-05-24 18:03:06,164 - api_testing.constraint.evaluation.engine.evaluator - WARNING - DSL validation failed: (None,) exists(None)
2026-05-24 18:03:06,165 - api_testing.constraint.evaluation.engine.evaluator - WARNING - DSL validation failed: ('Public', None) eq(Public, None)
2026-05-24 18:03:06,165 - api_testing.constraint.evaluation.engine.evaluator - WARNING - DSL validation failed: (None,) exists(None)
2026-05-24 18:03:06,165 - api_testing.constraint.evaluation.engine.evaluator - WARNING - DSL validation failed: ('Public', None) eq(Public, None)
2026-05-24 18:03:06,165 - api_testing.constraint.evaluation.engine.evaluator - WARNING - DSL validation failed: (None,) exists(None)
2026-05-24 18:03:06,165 - api_testing.constraint.evaluation.engine.evaluator - WARNING - DSL validation failed: ('Private', None) eq(Private, None)
2026-05-24 18:03:06,165 - api_testing.constraint.evaluation.engine.evaluator - WARNING - DSL validation failed: (None,) exists(None)
2026-05-24 18:03:06,165 - api_testing.constraint.evaluation.engine.evaluator - WARNING - DSL validation failed: ('Hybrid', None) eq(Hybrid, None)
2026-05-24 18:03:06,165 - api_testing.constraint.evaluation.engine.evaluator - WARNING - DSL validation failed: (None,) exists(None)
2026-05-24 18:03:06,165 - api_testing.constraint.evaluation.engine.evaluator - WARNING - DSL validation failed: ('Public', None) eq(Public, None)
2026-05-24 18:03:06,165 - api_testing.constraint.evaluation.engine.evaluator - WARNING - DSL validation failed: (None,) exists(None)
2026-05-24 18:03:06,165 - api_testing.constraint.evaluation.engine.evaluator - WARNING - DSL validation failed: ('Public', None) eq(Public, None)
2026-05-24 18:03:06,165 - api_testing.constraint.evaluation.engine.evaluator - WARNING - DSL validation failed: (None,) exists(None)
2026-05-24 18:03:06,166 - api_testing.constraint.evaluation.engine.evaluator - WARNING - DSL validation failed: ('Public', None) eq(Public, None)
2026-05-24 18:03:06,166 - api_testing.constraint.evaluation.engine.evaluator - WARNING - DSL validation failed: (None,) exists(None)
2026-05-24 18:03:06,166 - api_testing.constraint.evaluation.engine.evaluator - WARNING - DSL validation failed: ('Public', None) eq(Public, None)
2026-05-24 18:03:06,166 - api_testing.constraint.evaluation.engine.evaluator - WARNING - DSL validation failed: (None,) exists(None)
2026-05-24 18:03:06,166 - api_testing.constraint.evaluation.engine.evaluator - WARNING - DSL validation failed: ('Public', None) eq(Public, None)
2026-05-24 18:03:06,166 - api_testing.constraint.evaluation.engine.evaluator - WARNING - DSL validation failed: (None,) exists(None)
2026-05-24 18:03:06,166 - api_testing.constraint.evaluation.engine.evaluator - WARNING - DSL validation failed: ('Public', None) eq(Public, None)
2026-05-24 18:03:08,001 - api_testing.constraint.evaluation.engine.evaluator - WARNING - DSL validation failed: ('2025-09-15T00:00:00',) isNull(2025-09-15T00:00:00)
2026-05-24 18:03:08,001 - api_testing.constraint.evaluation.engine.evaluator - WARNING - DSL validation failed: ('2021-12-07T00:00:00',) isNull(2021-12-07T00:00:00)
2026-05-24 18:03:08,002 - api_testing.constraint.evaluation.engine.evaluator - WARNING - DSL validation failed: ('2023-06-08T00:00:00',) isNull(2023-06-08T00:00:00)
2026-05-24 18:03:08,002 - api_testing.constraint.evaluation.engine.evaluator - WARNING - DSL validation failed: ('2023-03-21T00:00:00',) isNull(2023-03-21T00:00:00)
2026-05-24 18:03:08,002 - api_testing.constraint.evaluation.engine.evaluator - WARNING - DSL validation failed: ('2023-06-27T00:00:00',) isNull(2023-06-27T00:00:00)
2026-05-24 18:03:08,002 - api_testing.constraint.evaluation.engine.evaluator - WARNING - DSL validation failed: ('2022-03-14T00:00:00',) isNull(2022-03-14T00:00:00)
2026-05-24 18:03:08,002 - api_testing.constraint.evaluation.engine.evaluator - WARNING - DSL validation failed: ('2025-06-20T00:00:00',) isNull(2025-06-20T00:00:00)
2026-05-24 18:03:08,002 - api_testing.constraint.evaluation.engine.evaluator - WARNING - DSL validation failed: ('2021-10-29T00:00:00',) isNull(2021-10-29T00:00:00)
2026-05-24 18:03:08,002 - api_testing.constraint.evaluation.engine.evaluator - WARNING - DSL validation failed: ('2024-01-19T00:00:00',) isNull(2024-01-19T00:00:00)
2026-05-24 18:03:08,003 - api_testing.constraint.evaluation.engine.evaluator - WARNING - DSL validation failed: ('2025-03-24T00:00:00',) isNull(2025-03-24T00:00:00)
2026-05-24 18:03:08,003 - api_testing.constraint.evaluation.engine.evaluator - WARNING - DSL validation failed: ('2012-06-18T00:00:00',) isNull(2012-06-18T00:00:00)
2026-05-24 18:03:08,003 - api_testing.constraint.evaluation.engine.evaluator - WARNING - DSL validation failed: ('2023-03-21T00:00:00',) isNull(2023-03-21T00:00:00)
2026-05-24 18:03:08,003 - api_testing.constraint.evaluation.engine.evaluator - WARNING - DSL validation failed: ('2021-03-04T00:00:00',) isNull(2021-03-04T00:00:00)
2026-05-24 18:03:08,003 - api_testing.constraint.evaluation.engine.evaluator - WARNING - DSL validation failed: ('2022-11-02T00:00:00',) isNull(2022-11-02T00:00:00)
2026-05-24 18:03:08,003 - api_testing.constraint.evaluation.engine.evaluator - WARNING - DSL validation failed: ('2023-03-08T00:00:00',) isNull(2023-03-08T00:00:00)
2026-05-24 18:03:08,004 - api_testing.constraint.evaluation.engine.evaluator - WARNING - DSL validation failed: ('2021-03-12T00:00:00',) isNull(2021-03-12T00:00:00)
2026-05-24 18:03:08,004 - api_testing.constraint.evaluation.engine.evaluator - WARNING - DSL validation failed: ('2021-03-23T00:00:00',) isNull(2021-03-23T00:00:00)
2026-05-24 18:03:08,004 - api_testing.constraint.evaluation.engine.evaluator - WARNING - DSL validation failed: ('2022-02-07T00:00:00',) isNull(2022-02-07T00:00:00)
2026-05-24 18:03:08,004 - api_testing.constraint.evaluation.engine.evaluator - WARNING - DSL validation failed: ('2025-04-22T00:00:00',) isNull(2025-04-22T00:00:00)
2026-05-24 18:03:08,004 - api_testing.constraint.evaluation.engine.evaluator - WARNING - DSL validation failed: ('2021-11-19T00:00:00',) isNull(2021-11-19T00:00:00)
2026-05-24 18:03:11,006 - api_testing.constraint.evaluation.engine.evaluator - WARNING - DSL validation failed: (None,) exists(None)
2026-05-24 18:03:11,011 - api_testing.constraint.evaluation.engine.evaluator - WARNING - DSL validation failed: ('2025-09-15T00:00:00',) isNull(2025-09-15T00:00:00)
2026-05-24 18:03:11,011 - api_testing.constraint.evaluation.engine.evaluator - WARNING - DSL validation failed: (True, None) eq(True, None)
2026-05-24 18:03:15,572 - api_testing.constraint.evaluation.engine.evaluator - WARNING - DSL validation failed: (None,) exists(None)
2026-05-24 18:03:15,572 - api_testing.constraint.evaluation.engine.evaluator - WARNING - DSL validation failed: (42, None) eq(42, None)
2026-05-24 18:03:18,506 - api_testing.constraint.evaluation.engine.evaluator - WARNING - DSL validation failed: (None,) exists(None)
2026-05-24 18:03:18,506 - api_testing.constraint.evaluation.engine.evaluator - WARNING - DSL validation failed: (100, None) eq(100, None)
2026-05-24 18:03:18,507 - api_testing.constraint.evaluation.engine.evaluator - WARNING - DSL validation failed: ('100', 100) eq(100, 100)
2026-05-24 18:03:18,847 - api_testing.constraint.evaluation.engine.evaluator - WARNING - DSL validation failed: (None,) exists(None)
2026-05-24 18:03:18,854 - api_testing.constraint.evaluation.engine.evaluator - WARNING - DSL validation failed: (42, None) eq(42, None)
2026-05-24 18:03:18,854 - api_testing.constraint.evaluation.engine.evaluator - WARNING - DSL validation failed: ('42', 42) eq(42, 42)
2026-05-24 18:03:24,938 - api_testing.constraint.evaluation.engine.evaluator - WARNING - DSL validation failed: (48, 49.0) eq(48, 49.0)
2026-05-24 18:03:24,938 - api_testing.constraint.evaluation.engine.evaluator - WARNING - DSL validation failed: (False, True) and(False, True)
2026-05-24 18:03:26,046 - api_testing.constraint.evaluation.engine.evaluator - WARNING - DSL validation failed: (48, 49.0) eq(48, 49.0)
2026-05-24 18:03:26,046 - api_testing.constraint.evaluation.engine.evaluator - WARNING - DSL validation failed: (False, True) and(False, True)
2026-05-24 18:03:29,334 - api_testing.constraint.evaluation.engine.evaluator - WARNING - DSL validation failed: (1, 4) gte(1, 4)
2026-05-24 18:03:32,446 - api_testing.constraint.evaluation.engine.evaluator - WARNING - DSL validation failed: (1, 4) gte(1, 4)
2026-05-24 18:03:33,779 - api_testing.constraint.evaluation.engine.evaluator - WARNING - DSL validation failed: (1, 4) gte(1, 4)
2026-05-24 18:05:46,789 - api_testing.constraint.evaluation.engine.evaluator - WARNING - DSL validation failed: (3, 5.0) eq(3, 5.0)
2026-05-24 18:05:46,791 - api_testing.constraint.evaluation.engine.evaluator - WARNING - DSL validation failed: (3, 5.0) eq(3, 5.0)
2026-05-24 18:05:46,853 - api_testing.constraint.evaluation.engine.evaluator - WARNING - DSL validation failed: (3, 5.0) eq(3, 5.0)
2026-05-24 18:05:46,853 - api_testing.constraint.evaluation.engine.evaluator - WARNING - DSL validation failed: (3, 5.0) eq(3, 5.0)
2026-05-24 18:05:46,932 - api_testing.constraint.evaluation.engine.evaluator - WARNING - DSL validation failed: (3, 5.0) eq(3, 5.0)
2026-05-24 18:05:47,006 - api_testing.constraint.evaluation.engine.evaluator - WARNING - DSL validation failed: (3, 5.0) eq(3, 5.0)
2026-05-24 18:05:47,006 - api_testing.constraint.evaluation.engine.evaluator - WARNING - DSL validation failed: (3, 5.0) eq(3, 5.0)
2026-05-24 18:05:47,027 - api_testing.constraint.evaluation.engine.evaluator - WARNING - DSL validation failed: (3, 5.0) eq(3, 5.0)
2026-05-24 18:05:47,160 - api_testing.constraint.evaluation.engine.evaluator - WARNING - DSL validation failed: (None,) exists(None)
2026-05-24 18:05:47,160 - api_testing.constraint.evaluation.engine.evaluator - WARNING - DSL validation failed: (42, None) eq(42, None)
2026-05-24 18:05:47,248 - api_testing.constraint.evaluation.engine.evaluator - WARNING - DSL validation failed: (3, 5.0) eq(3, 5.0)
2026-05-24 18:05:47,249 - api_testing.constraint.evaluation.engine.evaluator - WARNING - DSL validation failed: (3, 5.0) eq(3, 5.0)
2026-05-24 18:05:47,249 - api_testing.constraint.evaluation.engine.evaluator - WARNING - DSL validation failed: (3, 5.0) eq(3, 5.0)
2026-05-24 18:05:47,346 - api_testing.constraint.constraint_combiner - DEBUG - Combined constraints saved to C:\Users\Admin\AppData\Local\Temp\pytest-of-admin\pytest-34\test_combiner_matches_array_pr0\combine_constraint_miners.json
2026-05-24 18:05:47,353 - api_testing.constraint.constraint_combiner - DEBUG - Combined constraints saved to C:\Users\Admin\AppData\Local\Temp\pytest-of-admin\pytest-34\test_combiner_keeps_non_equiva0\combine_constraint_miners.json
2026-05-24 18:05:47,353 - api_testing.prompts.constraint_combination - DEBUG - ConstraintCombination Prompt: 
Target Evaluation Context:
- Endpoint: get-/things
- Property: return.id
- Static Constraint (Specification Registry): gt(return.id, 0)
- Dynamic Constraint (Observed Traces): return.id >= 1
- Maximum Counter-Example Test Cases: 5

2026-05-24 18:05:47,353 - api_testing.prompts.constraint_combination - DEBUG - ConstraintCombination Response: {
  "status": "COMBINED_EQUIVALENT",
  "final_constraint": "gt(return.id, 0)",
  "reason": "Integer lower bounds are equivalent.",
  "counter_example": null
}
2026-05-24 18:05:47,360 - api_testing.prompts.constraint_combination - DEBUG - Combined constraints saved to C:\Users\Admin\AppData\Local\Temp\pytest-of-admin\pytest-34\test_combiner_uses_model_for_n0\combine_constraint_miners.json
2026-05-24 18:05:47,360 - api_testing.prompts.constraint_combination - DEBUG - ConstraintCombination Prompt: 
Target Evaluation Context:
- Endpoint: get-/things
- Property: return.count
- Static Constraint (Specification Registry): gte(return.count, 0)
- Dynamic Constraint (Observed Traces): eq(return.count, 5)
- Maximum Counter-Example Test Cases: 5

2026-05-24 18:05:47,360 - api_testing.prompts.constraint_combination - DEBUG - ConstraintCombination Response: {
  "status": "NOT_COMBINED",
  "final_constraint": null,
  "reason": "The dynamic equality is narrower than the specification lower bound.",
  "counter_example": {
    "target_side": "STATIC_TRUE_DYNAMIC_FALSE",
    "concrete_property_value": 3,
    "staged_payload": {
      "http_method": "GET",
      "endpoint_path": "/things",
      "parameters": {
        "limit": 3
      }
    },
    "staged_payloads": [
      {
        "http_method": "GET",
        "endpoint_path": "/things",
        "parameters": {
          "limit": 3
        }
      },
      {
        "http_method": "GET",
        "endpoint_path": "/things",
        "parameters": {
          "limit": 4
        }
      }
    ],
    "server_actual_response": null
  }
}
2026-05-24 18:05:47,360 - api_testing.prompts.constraint_combination - DEBUG - Combined constraints saved to C:\Users\Admin\AppData\Local\Temp\pytest-of-admin\pytest-34\test_combiner_stages_model_det0\combine_constraint_miners.json
2026-05-25 00:15:50,335 - api_testing.constraint.constraint_combiner - DEBUG - Combined constraints saved to C:\Users\Admin\AppData\Local\Temp\pytest-of-Admin\pytest-35\test_combiner_matches_array_pr0\combine_constraint_miners.json
2026-05-25 00:15:50,344 - api_testing.constraint.constraint_combiner - DEBUG - Combined constraints saved to C:\Users\Admin\AppData\Local\Temp\pytest-of-Admin\pytest-35\test_combiner_keeps_non_equiva0\combine_constraint_miners.json
2026-05-25 00:15:50,346 - api_testing.prompts.constraint_combination - DEBUG - ConstraintCombination Prompt: 
Target Evaluation Context:
- Endpoint: get-/things
- Property: return.id
- Static Constraint (Specification Registry): gt(return.id, 0)
- Dynamic Constraint (Observed Traces): return.id >= 1
- Maximum Counter-Example Test Cases: 5

2026-05-25 00:15:50,346 - api_testing.prompts.constraint_combination - DEBUG - ConstraintCombination Response: {
  "status": "COMBINED_EQUIVALENT",
  "final_constraint": "gt(return.id, 0)",
  "reason": "Integer lower bounds are equivalent.",
  "counter_example": null
}
2026-05-25 00:15:50,347 - api_testing.prompts.constraint_combination - DEBUG - Combined constraints saved to C:\Users\Admin\AppData\Local\Temp\pytest-of-Admin\pytest-35\test_combiner_uses_model_for_n0\combine_constraint_miners.json
2026-05-25 00:15:50,348 - api_testing.prompts.constraint_combination - DEBUG - ConstraintCombination Prompt: 
Target Evaluation Context:
- Endpoint: get-/things
- Property: return.count
- Static Constraint (Specification Registry): gte(return.count, 0)
- Dynamic Constraint (Observed Traces): eq(return.count, 5)
- Maximum Counter-Example Test Cases: 5

2026-05-25 00:15:50,348 - api_testing.prompts.constraint_combination - DEBUG - ConstraintCombination Response: {
  "status": "NOT_COMBINED",
  "final_constraint": null,
  "reason": "The dynamic equality is narrower than the specification lower bound.",
  "counter_example": {
    "target_side": "STATIC_TRUE_DYNAMIC_FALSE",
    "concrete_property_value": 3,
    "staged_payload": {
      "http_method": "GET",
      "endpoint_path": "/things",
      "parameters": {
        "limit": 3
      }
    },
    "staged_payloads": [
      {
        "http_method": "GET",
        "endpoint_path": "/things",
        "parameters": {
          "limit": 3
        }
      },
      {
        "http_method": "GET",
        "endpoint_path": "/things",
        "parameters": {
          "limit": 4
        }
      }
    ],
    "server_actual_response": null
  }
}
2026-05-25 00:15:50,349 - api_testing.prompts.constraint_combination - DEBUG - Combined constraints saved to C:\Users\Admin\AppData\Local\Temp\pytest-of-Admin\pytest-35\test_combiner_stages_model_det0\combine_constraint_miners.json
2026-05-25 00:15:50,372 - api_testing.constraint.evaluation.engine.evaluator - WARNING - DSL validation failed: (3, 5.0) eq(3, 5.0)
2026-05-25 00:15:50,373 - api_testing.constraint.evaluation.engine.evaluator - WARNING - DSL validation failed: (3, 5.0) eq(3, 5.0)
2026-05-25 00:15:50,413 - api_testing.constraint.evaluation.engine.evaluator - WARNING - DSL validation failed: (3, 5.0) eq(3, 5.0)
2026-05-25 00:15:50,414 - api_testing.constraint.evaluation.engine.evaluator - WARNING - DSL validation failed: (3, 5.0) eq(3, 5.0)
2026-05-25 00:15:50,462 - api_testing.constraint.evaluation.engine.evaluator - WARNING - DSL validation failed: (3, 5.0) eq(3, 5.0)
2026-05-25 00:15:50,509 - api_testing.constraint.evaluation.engine.evaluator - WARNING - DSL validation failed: (3, 5.0) eq(3, 5.0)
2026-05-25 00:15:50,510 - api_testing.constraint.evaluation.engine.evaluator - WARNING - DSL validation failed: (3, 5.0) eq(3, 5.0)
2026-05-25 00:15:50,522 - api_testing.constraint.evaluation.engine.evaluator - WARNING - DSL validation failed: (3, 5.0) eq(3, 5.0)
2026-05-25 00:15:50,614 - api_testing.constraint.evaluation.engine.evaluator - WARNING - DSL validation failed: (None,) exists(None)
2026-05-25 00:15:50,614 - api_testing.constraint.evaluation.engine.evaluator - WARNING - DSL validation failed: (42, None) eq(42, None)
2026-05-25 00:15:50,661 - api_testing.constraint.evaluation.engine.evaluator - WARNING - DSL validation failed: (3, 5.0) eq(3, 5.0)
2026-05-25 00:15:50,662 - api_testing.constraint.evaluation.engine.evaluator - WARNING - DSL validation failed: (3, 5.0) eq(3, 5.0)
2026-05-25 00:15:50,663 - api_testing.constraint.evaluation.engine.evaluator - WARNING - DSL validation failed: (3, 5.0) eq(3, 5.0)
2026-05-25 00:21:23,365 - api_testing.prompts.constraint_combination - DEBUG - ConstraintCombination Prompt: 
Target Evaluation Context:
- Endpoint: get-/api/v1/holidays
- Property: return.holidays[].date
- Static Constraint (Specification Registry): and(isDate(return.holidays[].date),eq(return.holidays[0].date.substr(0,4), default(input.year, 2026)))
- Dynamic Constraint (Observed Traces): return.holidays.date is a Date. Format: YYYY/MM/DD
- Maximum Counter-Example Test Cases: 5

2026-05-25 00:21:28,207 - api_testing.prompts.constraint_combination - DEBUG - ConstraintCombination Response: {
  "status": "NOT_COMBINED",
  "final_constraint": null,
  "reason": "The static constraint requires the date format to be ISO-like with a 4-digit year matching the input year or default 2026, while the dynamic constraint shows dates formatted as YYYY/MM/DD with slashes. These formats differ and are not semantically equivalent, causing a conflict.",
  "counter_example": {
    "target_side": "STATIC_TRUE_DYNAMIC_FALSE",
    "concrete_property_value": "2026-01-01",
    "staged_payload": {
      "http_method": "GET",
      "endpoint_path": "/api/v1/holidays",
      "parameters": {
        "year": "2026"
      },
      "headers": {},
      "body": null,
      "mime_type": null
    },
    "staged_payloads": [
      {
        "http_method": "GET",
        "endpoint_path": "/api/v1/holidays",
        "parameters": {
          "year": "2026"
        },
        "headers": {},
        "body": null,
        "mime_type": null
      },
      {
        "http_method": "GET",
        "endpoint_path": "/api/v1/holidays",
        "parameters": {
          "year": "2025"
        },
        "headers": {},
        "body": null,
        "mime_type": null
      },
      {
        "http_method": "GET",
        "endpoint_path": "/api/v1/holidays",
        "parameters": {},
        "headers": {},
        "body": null,
        "mime_type": null
      },
      {
        "http_method": "GET",
        "endpoint_path": "/api/v1/holidays",
        "parameters": {
          "year": "2027"
        },
        "headers": {},
        "body": null,
        "mime_type": null
      },
      {
        "http_method": "GET",
        "endpoint_path": "/api/v1/holidays",
        "parameters": {
          "year": "2026"
        },
        "headers": {
          "Accept": "application/json"
        },
        "body": null,
        "mime_type": null
      }
    ],
    "server_actual_response": null
  }
}
2026-05-25 00:21:28,208 - api_testing.prompts.constraint_combination - DEBUG - ConstraintCombination Prompt: 
Target Evaluation Context:
- Endpoint: get-/api/v1/holidays
- Property: return.holidays[].federal
- Static Constraint (Specification Registry): and(in(return.holidays[].federal, [0, 1]),implies(exists(input.federal), eq(return.holidays[].federal, or(eq(input.federal, '1'), eq(input.federal, 'true')))))
- Dynamic Constraint (Observed Traces): return.holidays.federal one of { 0, 1 }
- Maximum Counter-Example Test Cases: 5

2026-05-25 00:21:30,282 - api_testing.prompts.constraint_combination - DEBUG - ConstraintCombination Response: {
  "status": "COMBINED_EQUIVALENT",
  "final_constraint": "and(in(return.holidays[].federal, [0, 1]),implies(exists(input.federal), eq(return.holidays[].federal, or(eq(input.federal, '1'), eq(input.federal, 'true')))))",
  "reason": "The static constraint restricts return.holidays[].federal to values 0 or 1 and further specifies that if the input parameter 'federal' exists, the returned value must match the input 'federal' value interpreted as '1' or 'true'. The dynamic constraint confirms that return.holidays.federal is always one of {0, 1}. There is no observed conflict, and the dynamic constraint is a subset of the static constraint's domain. Hence, they are semantically equivalent.",
  "counter_example": null
}
2026-05-25 00:21:30,282 - api_testing.prompts.constraint_combination - DEBUG - ConstraintCombination Prompt: 
Target Evaluation Context:
- Endpoint: get-/api/v1/holidays
- Property: return.holidays[].observedDate
- Static Constraint (Specification Registry): isDate(return.holidays[].observedDate)
- Dynamic Constraint (Observed Traces): return.holidays.observedDate is a Date. Format: YYYY/MM/DD
- Maximum Counter-Example Test Cases: 5

2026-05-25 00:21:34,144 - api_testing.prompts.constraint_combination - DEBUG - ConstraintCombination Response: {
  "status": "NOT_COMBINED",
  "final_constraint": null,
  "reason": "The static constraint requires the observedDate to be a date, but the dynamic constraint specifies a strict date format 'YYYY/MM/DD'. The static constraint does not enforce this format, so they are not semantically equivalent.",
  "counter_example": {
    "target_side": "DYNAMIC_TRUE_STATIC_FALSE",
    "concrete_property_value": "2024-06-15",
    "staged_payload": {
      "http_method": "GET",
      "endpoint_path": "/api/v1/holidays",
      "parameters": {},
      "headers": {},
      "body": null,
      "mime_type": null
    },
    "staged_payloads": [
      {
        "http_method": "GET",
        "endpoint_path": "/api/v1/holidays",
        "parameters": {},
        "headers": {},
        "body": null,
        "mime_type": null
      },
      {
        "http_method": "GET",
        "endpoint_path": "/api/v1/holidays",
        "parameters": {
          "year": "2024"
        },
        "headers": {},
        "body": null,
        "mime_type": null
      },
      {
        "http_method": "GET",
        "endpoint_path": "/api/v1/holidays",
        "parameters": {
          "format": "iso"
        },
        "headers": {},
        "body": null,
        "mime_type": null
      },
      {
        "http_method": "GET",
        "endpoint_path": "/api/v1/holidays",
        "parameters": {
          "format": "yyyy-mm-dd"
        },
        "headers": {},
        "body": null,
        "mime_type": null
      },
      {
        "http_method": "GET",
        "endpoint_path": "/api/v1/holidays",
        "parameters": {
          "format": "yyyy/mm/dd"
        },
        "headers": {},
        "body": null,
        "mime_type": null
      }
    ],
    "server_actual_response": null
  }
}
2026-05-25 00:21:34,144 - api_testing.prompts.constraint_combination - DEBUG - ConstraintCombination Prompt: 
Target Evaluation Context:
- Endpoint: get-/api/v1/holidays
- Property: return.holidays[].provinces[].id
- Static Constraint (Specification Registry): in(return.holidays[].provinces[].id, ['AB', 'BC', 'MB', 'NB', 'NL', 'NS', 'NT', 'NU', 'ON', 'PE', 'QC', 'SK', 'YT'])
- Dynamic Constraint (Observed Traces): LENGTH(return.holidays.provinces.id)==2
- Maximum Counter-Example Test Cases: 5

2026-05-25 00:21:36,673 - api_testing.prompts.constraint_combination - DEBUG - ConstraintCombination Response: {
  "status": "COMBINED_EQUIVALENT",
  "final_constraint": "in(return.holidays[].provinces[].id, ['AB', 'BC', 'MB', 'NB', 'NL', 'NS', 'NT', 'NU', 'ON', 'PE', 'QC', 'SK', 'YT'])",
  "reason": "The static constraint restricts provinces[].id to a set of valid two-letter Canadian province/territory codes, all of which have length 2. The dynamic constraint enforces that the length of provinces.id is exactly 2 characters. These constraints are semantically equivalent because the static set only contains two-character strings, matching the dynamic length requirement.",
  "counter_example": null
}
2026-05-25 00:21:36,673 - api_testing.prompts.constraint_combination - DEBUG - ConstraintCombination Prompt: 
Target Evaluation Context:
- Endpoint: get-/api/v1/holidays
- Property: return.holidays[].provinces[].sourceLink
- Static Constraint (Specification Registry): and(isURL(return.holidays[].provinces[].sourceLink), isRegex(return.holidays[].provinces[].sourceLink, '^https://.*$'))
- Dynamic Constraint (Observed Traces): return.holidays.provinces.sourceLink is Url
- Maximum Counter-Example Test Cases: 5

2026-05-25 00:21:38,776 - api_testing.prompts.constraint_combination - DEBUG - ConstraintCombination Response: {
  "status": "COMBINED_EQUIVALENT",
  "final_constraint": "and(isURL(return.holidays[].provinces[].sourceLink), isRegex(return.holidays[].provinces[].sourceLink, '^https://.*$'))",
  "reason": "The static constraint requires the sourceLink to be a URL starting with 'https://', while the dynamic constraint only requires it to be a URL without specifying the scheme. Since all URLs starting with 'https://' are valid URLs, the static constraint is stricter and implies the dynamic constraint. There is no conflict as the dynamic constraint is a subset of the static constraint's requirements.",
  "counter_example": null
}
2026-05-25 00:21:38,776 - api_testing.prompts.constraint_combination - DEBUG - ConstraintCombination Prompt: 
Target Evaluation Context:
- Endpoint: get-/api/v1/holidays/{holidayId}
- Property: return.holiday.date
- Static Constraint (Specification Registry): and(isDate(return.holiday.date),implies(exists(input.year), eq(year(return.holiday.date), input.year)))
- Dynamic Constraint (Observed Traces): return.holiday.date is a Date. Format: YYYY/MM/DD
- Maximum Counter-Example Test Cases: 5

2026-05-25 00:21:42,834 - api_testing.prompts.constraint_combination - DEBUG - ConstraintCombination Response: {
  "status": "NOT_COMBINED",
  "final_constraint": null,
  "reason": "The static constraint requires that if the input.year parameter exists, the year part of return.holiday.date must equal input.year. The dynamic constraint only asserts that return.holiday.date is a date in YYYY/MM/DD format, with no restriction relating to input.year. This is a conflict because the dynamic constraint does not enforce the conditional equality on the year, so they are not equivalent.",
  "counter_example": {
    "target_side": "STATIC_TRUE_DYNAMIC_FALSE",
    "concrete_property_value": "2023/12/25",
    "staged_payload": {
      "http_method": "GET",
      "endpoint_path": "/api/v1/holidays/123",
      "parameters": {
        "year": "2024"
      },
      "headers": {},
      "body": null,
      "mime_type": null
    },
    "staged_payloads": [
      {
        "http_method": "GET",
        "endpoint_path": "/api/v1/holidays/123",
        "parameters": {
          "year": "2024"
        },
        "headers": {},
        "body": null,
        "mime_type": null
      },
      {
        "http_method": "GET",
        "endpoint_path": "/api/v1/holidays/456",
        "parameters": {
          "year": "2022"
        },
        "headers": {},
        "body": null,
        "mime_type": null
      },
      {
        "http_method": "GET",
        "endpoint_path": "/api/v1/holidays/789",
        "parameters": {
          "year": "2020"
        },
        "headers": {},
        "body": null,
        "mime_type": null
      },
      {
        "http_method": "GET",
        "endpoint_path": "/api/v1/holidays/101",
        "parameters": {
          "year": "2019"
        },
        "headers": {},
        "body": null,
        "mime_type": null
      },
      {
        "http_method": "GET",
        "endpoint_path": "/api/v1/holidays/202",
        "parameters": {
          "year": "2018"
        },
        "headers": {},
        "body": null,
        "mime_type": null
      }
    ],
    "server_actual_response": null
  }
}
2026-05-25 00:21:42,834 - api_testing.prompts.constraint_combination - DEBUG - ConstraintCombination Prompt: 
Target Evaluation Context:
- Endpoint: get-/api/v1/holidays/{holidayId}
- Property: return.holiday.federal
- Static Constraint (Specification Registry): in(return.holiday.federal, [0, 1])
- Dynamic Constraint (Observed Traces): return.holiday.federal one of { 0, 1 }
- Maximum Counter-Example Test Cases: 5

2026-05-25 00:21:45,231 - api_testing.prompts.constraint_combination - DEBUG - ConstraintCombination Response: {
  "status": "COMBINED_EQUIVALENT",
  "final_constraint": "in(return.holiday.federal, [0, 1])",
  "reason": "The static constraint specifies that return.holiday.federal must be either 0 or 1, and the dynamic constraint confirms observed values are only 0 or 1. Both constraints are semantically equivalent in restricting the property to these two values.",
  "counter_example": null
}
2026-05-25 00:21:45,231 - api_testing.prompts.constraint_combination - DEBUG - ConstraintCombination Prompt: 
Target Evaluation Context:
- Endpoint: get-/api/v1/holidays/{holidayId}
- Property: return.holiday.id
- Static Constraint (Specification Registry): and(and(gte(return.holiday.id, 1), lte(return.holiday.id, 34)),eq(return.holiday.id, input.holidayId))
- Dynamic Constraint (Observed Traces): input.holidayId == return.holiday.id
- Maximum Counter-Example Test Cases: 5

2026-05-25 00:21:46,820 - api_testing.prompts.constraint_combination - DEBUG - ConstraintCombination Response: {
  "status": "COMBINED_EQUIVALENT",
  "final_constraint": "and(and(gte(return.holiday.id, 1), lte(return.holiday.id, 34)),eq(return.holiday.id, input.holidayId))",
  "reason": "The static constraint requires the returned holiday.id to be between 1 and 34 inclusive and equal to the input holidayId. The dynamic constraint states the returned holiday.id equals the input holidayId. Since the input holidayId must be within the valid range 1 to 34 for the endpoint to succeed, both constraints are semantically equivalent.",
  "counter_example": null
}
2026-05-25 00:21:46,821 - api_testing.prompts.constraint_combination - DEBUG - ConstraintCombination Prompt: 
Target Evaluation Context:
- Endpoint: get-/api/v1/holidays/{holidayId}
- Property: return.holiday.observedDate
- Static Constraint (Specification Registry): isDate(return.holiday.observedDate)
- Dynamic Constraint (Observed Traces): return.holiday.observedDate is a Date. Format: YYYY/MM/DD
- Maximum Counter-Example Test Cases: 5

2026-05-25 00:21:50,722 - api_testing.prompts.constraint_combination - DEBUG - ConstraintCombination Response: {
  "status": "NOT_COMBINED",
  "final_constraint": null,
  "reason": "The static constraint requires return.holiday.observedDate to be a date, but the dynamic constraint specifies the date format as YYYY/MM/DD, which is more restrictive than the static constraint that does not specify format. This difference can cause conflicts if the API returns dates in other valid formats (e.g., ISO 8601 YYYY-MM-DD).",
  "counter_example": {
    "target_side": "DYNAMIC_TRUE_STATIC_FALSE",
    "concrete_property_value": "2024-06-15",
    "staged_payload": {
      "http_method": "GET",
      "endpoint_path": "/api/v1/holidays/123",
      "parameters": {},
      "headers": {
        "Accept": "application/json"
      },
      "body": null,
      "mime_type": null
    },
    "staged_payloads": [
      {
        "http_method": "GET",
        "endpoint_path": "/api/v1/holidays/456",
        "parameters": {},
        "headers": {
          "Accept": "application/json"
        },
        "body": null,
        "mime_type": null
      },
      {
        "http_method": "GET",
        "endpoint_path": "/api/v1/holidays/789",
        "parameters": {},
        "headers": {
          "Accept": "application/json"
        },
        "body": null,
        "mime_type": null
      },
      {
        "http_method": "GET",
        "endpoint_path": "/api/v1/holidays/101",
        "parameters": {},
        "headers": {
          "Accept": "application/json"
        },
        "body": null,
        "mime_type": null
      },
      {
        "http_method": "GET",
        "endpoint_path": "/api/v1/holidays/202",
        "parameters": {},
        "headers": {
          "Accept": "application/json"
        },
        "body": null,
        "mime_type": null
      }
    ],
    "server_actual_response": null
  }
}
2026-05-25 00:21:50,722 - api_testing.prompts.constraint_combination - DEBUG - ConstraintCombination Prompt: 
Target Evaluation Context:
- Endpoint: get-/api/v1/holidays/{holidayId}
- Property: return.holiday.provinces[].id
- Static Constraint (Specification Registry): in(return.holiday.provinces[].id, ['AB', 'BC', 'MB', 'NB', 'NL', 'NS', 'NT', 'NU', 'ON', 'PE', 'QC', 'SK', 'YT'])
- Dynamic Constraint (Observed Traces): LENGTH(return.holiday.provinces.id)==2
- Maximum Counter-Example Test Cases: 5

2026-05-25 00:21:53,195 - api_testing.prompts.constraint_combination - DEBUG - ConstraintCombination Response: {
  "status": "COMBINED_EQUIVALENT",
  "final_constraint": "in(return.holiday.provinces[].id, ['AB', 'BC', 'MB', 'NB', 'NL', 'NS', 'NT', 'NU', 'ON', 'PE', 'QC', 'SK', 'YT'])",
  "reason": "The static constraint restricts the province IDs to a specific set of two-letter Canadian province and territory codes. The dynamic constraint requires that each province ID has a length of exactly 2 characters. Since all specified province IDs are exactly two characters long, the constraints are semantically equivalent in the context of valid province IDs.",
  "counter_example": null
}
2026-05-25 00:21:53,196 - api_testing.prompts.constraint_combination - DEBUG - ConstraintCombination Prompt: 
Target Evaluation Context:
- Endpoint: get-/api/v1/holidays/{holidayId}
- Property: return.holiday.provinces[].sourceLink
- Static Constraint (Specification Registry): and(isURL(return.holiday.provinces[].sourceLink), isRegex(return.holiday.provinces[].sourceLink, '^https://.*$'))
- Dynamic Constraint (Observed Traces): return.holiday.provinces.sourceLink is Url
- Maximum Counter-Example Test Cases: 5

2026-05-25 00:21:56,746 - api_testing.prompts.constraint_combination - DEBUG - ConstraintCombination Response: {
  "status": "NOT_COMBINED",
  "final_constraint": null,
  "reason": "The static constraint requires the sourceLink to be a URL starting specifically with 'https://', while the dynamic constraint only requires it to be a URL without enforcing the 'https://' prefix. This difference means the dynamic constraint allows URLs starting with 'http://' or other schemes, which conflicts with the static constraint.",
  "counter_example": {
    "target_side": "STATIC_TRUE_DYNAMIC_FALSE",
    "concrete_property_value": "http://example.com/resource",
    "staged_payload": {
      "http_method": "GET",
      "endpoint_path": "/api/v1/holidays/123",
      "parameters": {},
      "headers": {},
      "body": null,
      "mime_type": null
    },
    "staged_payloads": [
      {
        "http_method": "GET",
        "endpoint_path": "/api/v1/holidays/123",
        "parameters": {},
        "headers": {},
        "body": null,
        "mime_type": null
      },
      {
        "http_method": "GET",
        "endpoint_path": "/api/v1/holidays/456",
        "parameters": {},
        "headers": {},
        "body": null,
        "mime_type": null
      },
      {
        "http_method": "GET",
        "endpoint_path": "/api/v1/holidays/789",
        "parameters": {},
        "headers": {},
        "body": null,
        "mime_type": null
      },
      {
        "http_method": "GET",
        "endpoint_path": "/api/v1/holidays/321",
        "parameters": {},
        "headers": {},
        "body": null,
        "mime_type": null
      },
      {
        "http_method": "GET",
        "endpoint_path": "/api/v1/holidays/654",
        "parameters": {},
        "headers": {},
        "body": null,
        "mime_type": null
      }
    ],
    "server_actual_response": null
  }
}
2026-05-25 00:21:56,746 - api_testing.prompts.constraint_combination - DEBUG - ConstraintCombination Prompt: 
Target Evaluation Context:
- Endpoint: get-/api/v1/provinces
- Property: return.provinces[].holidays[].date
- Static Constraint (Specification Registry): and(isDate(return.provinces[].holidays[].date),implies(exists(input.year), eq(return.provinces[].holidays[].date.substring(0,4), input.year)))
- Dynamic Constraint (Observed Traces): return.provinces.holidays.date is a Date. Format: YYYY/MM/DD
- Maximum Counter-Example Test Cases: 5

2026-05-25 00:22:01,548 - api_testing.prompts.constraint_combination - DEBUG - ConstraintCombination Response: {
  "status": "NOT_COMBINED",
  "final_constraint": null,
  "reason": "Static constraint requires the holiday date to be a date string with year prefix matching input.year if provided, but dynamic constraint shows the date format as YYYY/MM/DD which conflicts with the implied standard ISO date format (YYYY-MM-DD) expected by the static constraint's isDate check and substring year extraction.",
  "counter_example": {
    "target_side": "DYNAMIC_TRUE_STATIC_FALSE",
    "concrete_property_value": "2024/12/25",
    "staged_payload": {
      "http_method": "GET",
      "endpoint_path": "/api/v1/provinces",
      "parameters": {
        "year": "2024"
      },
      "headers": {},
      "body": null,
      "mime_type": null
    },
    "staged_payloads": [
      {
        "http_method": "GET",
        "endpoint_path": "/api/v1/provinces",
        "parameters": {
          "year": "2024"
        },
        "headers": {},
        "body": null,
        "mime_type": null
      },
      {
        "http_method": "GET",
        "endpoint_path": "/api/v1/provinces",
        "parameters": {
          "year": "2023"
        },
        "headers": {},
        "body": null,
        "mime_type": null
      },
      {
        "http_method": "GET",
        "endpoint_path": "/api/v1/provinces",
        "parameters": {},
        "headers": {},
        "body": null,
        "mime_type": null
      },
      {
        "http_method": "GET",
        "endpoint_path": "/api/v1/provinces",
        "parameters": {
          "year": "2025"
        },
        "headers": {},
        "body": null,
        "mime_type": null
      },
      {
        "http_method": "GET",
        "endpoint_path": "/api/v1/provinces",
        "parameters": {
          "year": "2024"
        },
        "headers": {
          "Accept": "application/json"
        },
        "body": null,
        "mime_type": null
      }
    ],
    "server_actual_response": null
  }
}
2026-05-25 00:22:01,548 - api_testing.prompts.constraint_combination - DEBUG - ConstraintCombination Prompt: 
Target Evaluation Context:
- Endpoint: get-/api/v1/provinces
- Property: return.provinces[].holidays[].federal
- Static Constraint (Specification Registry): in(return.provinces[].holidays[].federal, [0, 1])
- Dynamic Constraint (Observed Traces): return.provinces.holidays.federal one of { 0, 1 }
- Maximum Counter-Example Test Cases: 5

2026-05-25 00:22:03,118 - api_testing.prompts.constraint_combination - DEBUG - ConstraintCombination Response: {
  "status": "COMBINED_EQUIVALENT",
  "final_constraint": "in(return.provinces[].holidays[].federal, [0, 1])",
  "reason": "The static constraint specifies that the 'federal' property must be either 0 or 1, and the dynamic constraint confirms that observed values are only 0 or 1. Both constraints are semantically equivalent enumerations restricting the property to the same set of values.",
  "counter_example": null
}
2026-05-25 00:22:03,119 - api_testing.prompts.constraint_combination - DEBUG - ConstraintCombination Prompt: 
Target Evaluation Context:
- Endpoint: get-/api/v1/provinces
- Property: return.provinces[].holidays[].observedDate
- Static Constraint (Specification Registry): isDate(return.provinces[].holidays[].observedDate)
- Dynamic Constraint (Observed Traces): return.provinces.holidays.observedDate is a Date. Format: YYYY/MM/DD
- Maximum Counter-Example Test Cases: 5

2026-05-25 00:22:06,846 - api_testing.prompts.constraint_combination - DEBUG - ConstraintCombination Response: {
  "status": "NOT_COMBINED",
  "final_constraint": null,
  "reason": "The static constraint requires the observedDate to be a date without specifying format, while the dynamic constraint enforces a specific date format YYYY/MM/DD. These constraints are not equivalent because the static allows any valid date format, but the dynamic restricts to one format.",
  "counter_example": {
    "target_side": "DYNAMIC_TRUE_STATIC_FALSE",
    "concrete_property_value": "2024/06/15",
    "staged_payload": {
      "http_method": "GET",
      "endpoint_path": "/api/v1/provinces",
      "parameters": {},
      "headers": {},
      "body": null,
      "mime_type": null
    },
    "staged_payloads": [
      {
        "http_method": "GET",
        "endpoint_path": "/api/v1/provinces",
        "parameters": {},
        "headers": {
          "Accept": "application/json"
        },
        "body": null,
        "mime_type": null
      },
      {
        "http_method": "GET",
        "endpoint_path": "/api/v1/provinces",
        "parameters": {
          "includeHolidays": "true"
        },
        "headers": {},
        "body": null,
        "mime_type": null
      },
      {
        "http_method": "GET",
        "endpoint_path": "/api/v1/provinces",
        "parameters": {
          "dateFormat": "YYYY/MM/DD"
        },
        "headers": {},
        "body": null,
        "mime_type": null
      },
      {
        "http_method": "GET",
        "endpoint_path": "/api/v1/provinces",
        "parameters": {
          "dateFormat": "YYYY-MM-DD"
        },
        "headers": {},
        "body": null,
        "mime_type": null
      },
      {
        "http_method": "GET",
        "endpoint_path": "/api/v1/provinces",
        "parameters": {
          "dateFormat": "MM/DD/YYYY"
        },
        "headers": {},
        "body": null,
        "mime_type": null
      }
    ],
    "server_actual_response": null
  }
}
2026-05-25 00:22:06,846 - api_testing.prompts.constraint_combination - DEBUG - ConstraintCombination Prompt: 
Target Evaluation Context:
- Endpoint: get-/api/v1/provinces
- Property: return.provinces[].id
- Static Constraint (Specification Registry): in(return.provinces[].id, ['AB', 'BC', 'MB', 'NB', 'NL', 'NS', 'NT', 'NU', 'ON', 'PE', 'QC', 'SK', 'YT'])
- Dynamic Constraint (Observed Traces): LENGTH(return.provinces.id)==2
- Maximum Counter-Example Test Cases: 5

2026-05-25 00:22:08,518 - api_testing.prompts.constraint_combination - DEBUG - ConstraintCombination Response: {
  "status": "COMBINED_EQUIVALENT",
  "final_constraint": "in(return.provinces[].id, ['AB', 'BC', 'MB', 'NB', 'NL', 'NS', 'NT', 'NU', 'ON', 'PE', 'QC', 'SK', 'YT'])",
  "reason": "The static constraint restricts province IDs to a known set of two-letter Canadian province codes, and the dynamic constraint confirms that all observed IDs have length 2. Since all valid province codes in the static set are exactly two characters long, the constraints are semantically equivalent.",
  "counter_example": null
}
2026-05-25 00:22:08,518 - api_testing.prompts.constraint_combination - DEBUG - ConstraintCombination Prompt: 
Target Evaluation Context:
- Endpoint: get-/api/v1/provinces
- Property: return.provinces[].nextHoliday.date
- Static Constraint (Specification Registry): isDate(return.provinces[].nextHoliday.date)
- Dynamic Constraint (Observed Traces): return.provinces.nextHoliday.date is a Date. Format: YYYY/MM/DD
- Maximum Counter-Example Test Cases: 5

2026-05-25 00:22:12,113 - api_testing.prompts.constraint_combination - DEBUG - ConstraintCombination Response: {
  "status": "NOT_COMBINED",
  "final_constraint": null,
  "reason": "The static constraint requires the property to be a date, but does not specify a format. The dynamic constraint specifies the date format must be YYYY/MM/DD, which is a narrower constraint. This difference means the constraints are not equivalent.",
  "counter_example": {
    "target_side": "DYNAMIC_TRUE_STATIC_FALSE",
    "concrete_property_value": "2024-06-15",
    "staged_payload": {
      "http_method": "GET",
      "endpoint_path": "/api/v1/provinces",
      "parameters": {},
      "headers": {},
      "body": null,
      "mime_type": null
    },
    "staged_payloads": [
      {
        "http_method": "GET",
        "endpoint_path": "/api/v1/provinces",
        "parameters": {},
        "headers": {},
        "body": null,
        "mime_type": null
      },
      {
        "http_method": "GET",
        "endpoint_path": "/api/v1/provinces",
        "parameters": {
          "dateFormat": "YYYY-MM-DD"
        },
        "headers": {},
        "body": null,
        "mime_type": null
      },
      {
        "http_method": "GET",
        "endpoint_path": "/api/v1/provinces",
        "parameters": {
          "dateFormat": "MM/DD/YYYY"
        },
        "headers": {},
        "body": null,
        "mime_type": null
      },
      {
        "http_method": "GET",
        "endpoint_path": "/api/v1/provinces",
        "parameters": {
          "dateFormat": "DD-MM-YYYY"
        },
        "headers": {},
        "body": null,
        "mime_type": null
      },
      {
        "http_method": "GET",
        "endpoint_path": "/api/v1/provinces",
        "parameters": {
          "dateFormat": "YYYY/MM/DD"
        },
        "headers": {},
        "body": null,
        "mime_type": null
      }
    ],
    "server_actual_response": null
  }
}
2026-05-25 00:22:12,113 - api_testing.prompts.constraint_combination - DEBUG - ConstraintCombination Prompt: 
Target Evaluation Context:
- Endpoint: get-/api/v1/provinces
- Property: return.provinces[].nextHoliday.federal
- Static Constraint (Specification Registry): in(return.provinces[].nextHoliday.federal, [0, 1])
- Dynamic Constraint (Observed Traces): return.provinces.nextHoliday.federal one of { 0, 1 }
- Maximum Counter-Example Test Cases: 5

2026-05-25 00:22:13,419 - api_testing.prompts.constraint_combination - DEBUG - ConstraintCombination Response: {
  "status": "COMBINED_EQUIVALENT",
  "final_constraint": "in(return.provinces[].nextHoliday.federal, [0, 1])",
  "reason": "The static constraint specifies that the property return.provinces[].nextHoliday.federal must be either 0 or 1, and the dynamic constraint confirms that observed values are only 0 or 1. Both constraints are semantically equivalent in restricting the property to these two values.",
  "counter_example": null
}
2026-05-25 00:22:13,419 - api_testing.prompts.constraint_combination - DEBUG - ConstraintCombination Prompt: 
Target Evaluation Context:
- Endpoint: get-/api/v1/provinces
- Property: return.provinces[].nextHoliday.observedDate
- Static Constraint (Specification Registry): isDate(return.provinces[].nextHoliday.observedDate)
- Dynamic Constraint (Observed Traces): return.provinces.nextHoliday.observedDate is a Date. Format: YYYY/MM/DD
- Maximum Counter-Example Test Cases: 5

2026-05-25 00:22:18,574 - api_testing.prompts.constraint_combination - DEBUG - ConstraintCombination Response: {
  "status": "NOT_COMBINED",
  "final_constraint": null,
  "reason": "The static constraint requires the observedDate to be a date without specifying format, while the dynamic constraint requires the date format to be specifically YYYY/MM/DD. This is a conflict because the static constraint allows any valid date format, but the dynamic constraint restricts it to one specific format.",
  "counter_example": {
    "target_side": "DYNAMIC_TRUE_STATIC_FALSE",
    "concrete_property_value": "2024/06/15",
    "staged_payload": {
      "http_method": "GET",
      "endpoint_path": "/api/v1/provinces",
      "parameters": {},
      "headers": {},
      "body": null,
      "mime_type": null
    },
    "staged_payloads": [
      {
        "http_method": "GET",
        "endpoint_path": "/api/v1/provinces",
        "parameters": {},
        "headers": {},
        "body": null,
        "mime_type": null
      },
      {
        "http_method": "GET",
        "endpoint_path": "/api/v1/provinces",
        "parameters": {
          "dateFormat": "YYYY-MM-DD"
        },
        "headers": {},
        "body": null,
        "mime_type": null
      },
      {
        "http_method": "GET",
        "endpoint_path": "/api/v1/provinces",
        "parameters": {
          "dateFormat": "MM/DD/YYYY"
        },
        "headers": {},
        "body": null,
        "mime_type": null
      },
      {
        "http_method": "GET",
        "endpoint_path": "/api/v1/provinces",
        "parameters": {
          "dateFormat": "DD-MM-YYYY"
        },
        "headers": {},
        "body": null,
        "mime_type": null
      },
      {
        "http_method": "GET",
        "endpoint_path": "/api/v1/provinces",
        "parameters": {
          "dateFormat": "YYYY/MM/DD"
        },
        "headers": {},
        "body": null,
        "mime_type": null
      }
    ],
    "server_actual_response": null
  }
}
2026-05-25 00:22:18,574 - api_testing.prompts.constraint_combination - DEBUG - ConstraintCombination Prompt: 
Target Evaluation Context:
- Endpoint: get-/api/v1/provinces
- Property: return.provinces[].sourceLink
- Static Constraint (Specification Registry): and(isURL(return.provinces[].sourceLink), isRegex(return.provinces[].sourceLink, '^https://.*$'))
- Dynamic Constraint (Observed Traces): return.provinces.sourceLink is Url
- Maximum Counter-Example Test Cases: 5

2026-05-25 00:22:22,159 - api_testing.prompts.constraint_combination - DEBUG - ConstraintCombination Response: {
  "status": "NOT_COMBINED",
  "final_constraint": null,
  "reason": "The static constraint requires the sourceLink to be a URL starting specifically with 'https://', while the dynamic constraint only requires it to be a URL without enforcing the 'https://' prefix. This is a conflict because the dynamic constraint allows URLs starting with 'http://' or other schemes, which violates the static constraint.",
  "counter_example": {
    "target_side": "STATIC_TRUE_DYNAMIC_FALSE",
    "concrete_property_value": "http://example.com/resource",
    "staged_payload": {
      "http_method": "GET",
      "endpoint_path": "/api/v1/provinces",
      "parameters": {},
      "headers": {},
      "body": null,
      "mime_type": null
    },
    "staged_payloads": [
      {
        "http_method": "GET",
        "endpoint_path": "/api/v1/provinces",
        "parameters": {},
        "headers": {},
        "body": null,
        "mime_type": null
      },
      {
        "http_method": "GET",
        "endpoint_path": "/api/v1/provinces",
        "parameters": {
          "filter": "sourceLink=http://example.com"
        },
        "headers": {},
        "body": null,
        "mime_type": null
      },
      {
        "http_method": "GET",
        "endpoint_path": "/api/v1/provinces",
        "parameters": {
          "sourceLink": "http://test.com"
        },
        "headers": {},
        "body": null,
        "mime_type": null
      },
      {
        "http_method": "GET",
        "endpoint_path": "/api/v1/provinces",
        "parameters": {
          "url": "http://invalid.com"
        },
        "headers": {},
        "body": null,
        "mime_type": null
      },
      {
        "http_method": "GET",
        "endpoint_path": "/api/v1/provinces",
        "parameters": {
          "sourceLink": "http://anotherexample.com"
        },
        "headers": {},
        "body": null,
        "mime_type": null
      }
    ],
    "server_actual_response": null
  }
}
2026-05-25 00:22:22,160 - api_testing.prompts.constraint_combination - DEBUG - ConstraintCombination Prompt: 
Target Evaluation Context:
- Endpoint: get-/api/v1/provinces/{provinceId}
- Property: return.province.holidays[].date
- Static Constraint (Specification Registry): isDate(return.province.holidays[].date)
- Dynamic Constraint (Observed Traces): return.province.holidays.date is a Date. Format: YYYY/MM/DD
- Maximum Counter-Example Test Cases: 5

2026-05-25 00:22:25,589 - api_testing.prompts.constraint_combination - DEBUG - ConstraintCombination Response: {
  "status": "NOT_COMBINED",
  "final_constraint": null,
  "reason": "The static constraint requires the property to be a date, but does not specify a format. The dynamic constraint requires the date to be in the specific format YYYY/MM/DD. These constraints are not equivalent because the static constraint allows any valid date format, while the dynamic constraint restricts to one specific format.",
  "counter_example": {
    "target_side": "DYNAMIC_TRUE_STATIC_FALSE",
    "concrete_property_value": "2024/06/15",
    "staged_payload": {
      "http_method": "GET",
      "endpoint_path": "/api/v1/provinces/123",
      "parameters": {},
      "headers": {},
      "body": null,
      "mime_type": null
    },
    "staged_payloads": [
      {
        "http_method": "GET",
        "endpoint_path": "/api/v1/provinces/123",
        "parameters": {},
        "headers": {},
        "body": null,
        "mime_type": null
      },
      {
        "http_method": "GET",
        "endpoint_path": "/api/v1/provinces/456",
        "parameters": {},
        "headers": {},
        "body": null,
        "mime_type": null
      },
      {
        "http_method": "GET",
        "endpoint_path": "/api/v1/provinces/789",
        "parameters": {},
        "headers": {},
        "body": null,
        "mime_type": null
      },
      {
        "http_method": "GET",
        "endpoint_path": "/api/v1/provinces/321",
        "parameters": {},
        "headers": {},
        "body": null,
        "mime_type": null
      },
      {
        "http_method": "GET",
        "endpoint_path": "/api/v1/provinces/654",
        "parameters": {},
        "headers": {},
        "body": null,
        "mime_type": null
      }
    ],
    "server_actual_response": null
  }
}
2026-05-25 00:22:25,589 - api_testing.prompts.constraint_combination - DEBUG - ConstraintCombination Prompt: 
Target Evaluation Context:
- Endpoint: get-/api/v1/provinces/{provinceId}
- Property: return.province.holidays[].federal
- Static Constraint (Specification Registry): in(return.province.holidays[].federal, [0, 1])
- Dynamic Constraint (Observed Traces): return.province.holidays.federal one of { 0, 1 }
- Maximum Counter-Example Test Cases: 5

2026-05-25 00:22:26,908 - api_testing.prompts.constraint_combination - DEBUG - ConstraintCombination Response: {
  "status": "COMBINED_EQUIVALENT",
  "final_constraint": "in(return.province.holidays[].federal, [0, 1])",
  "reason": "Both static and dynamic constraints specify that the 'federal' property in each holiday is either 0 or 1, which are semantically equivalent constraints for this boolean-like field.",
  "counter_example": null
}
2026-05-25 00:22:26,908 - api_testing.prompts.constraint_combination - DEBUG - ConstraintCombination Prompt: 
Target Evaluation Context:
- Endpoint: get-/api/v1/provinces/{provinceId}
- Property: return.province.holidays[].observedDate
- Static Constraint (Specification Registry): isDate(return.province.holidays[].observedDate)
- Dynamic Constraint (Observed Traces): return.province.holidays.observedDate is a Date. Format: YYYY/MM/DD
- Maximum Counter-Example Test Cases: 5

2026-05-25 00:22:30,936 - api_testing.prompts.constraint_combination - DEBUG - ConstraintCombination Response: {
  "status": "NOT_COMBINED",
  "final_constraint": null,
  "reason": "The static constraint requires the observedDate to be a date, but the dynamic constraint specifies a stricter format (YYYY/MM/DD). The static constraint allows any valid date format, while the dynamic constraint restricts to a specific string format, causing a conflict.",
  "counter_example": {
    "target_side": "DYNAMIC_TRUE_STATIC_FALSE",
    "concrete_property_value": "2024/06/15",
    "staged_payload": {
      "http_method": "GET",
      "endpoint_path": "/api/v1/provinces/123",
      "parameters": {},
      "headers": {
        "Accept": "application/json"
      },
      "body": null,
      "mime_type": null
    },
    "staged_payloads": [
      {
        "http_method": "GET",
        "endpoint_path": "/api/v1/provinces/123",
        "parameters": {},
        "headers": {
          "Accept": "application/json"
        },
        "body": null,
        "mime_type": null
      },
      {
        "http_method": "GET",
        "endpoint_path": "/api/v1/provinces/456",
        "parameters": {},
        "headers": {
          "Accept": "application/json"
        },
        "body": null,
        "mime_type": null
      },
      {
        "http_method": "GET",
        "endpoint_path": "/api/v1/provinces/789",
        "parameters": {},
        "headers": {
          "Accept": "application/json"
        },
        "body": null,
        "mime_type": null
      },
      {
        "http_method": "GET",
        "endpoint_path": "/api/v1/provinces/321",
        "parameters": {},
        "headers": {
          "Accept": "application/json"
        },
        "body": null,
        "mime_type": null
      },
      {
        "http_method": "GET",
        "endpoint_path": "/api/v1/provinces/654",
        "parameters": {},
        "headers": {
          "Accept": "application/json"
        },
        "body": null,
        "mime_type": null
      }
    ],
    "server_actual_response": null
  }
}
2026-05-25 00:22:30,936 - api_testing.prompts.constraint_combination - DEBUG - ConstraintCombination Prompt: 
Target Evaluation Context:
- Endpoint: get-/api/v1/provinces/{provinceId}
- Property: return.province.id
- Static Constraint (Specification Registry): and(in(return.province.id, ['AB', 'BC', 'MB', 'NB', 'NL', 'NS', 'NT', 'NU', 'ON', 'PE', 'QC', 'SK', 'YT']),eq(return.province.id, input.provinceId))
- Dynamic Constraint (Observed Traces): LENGTH(return.province.id)==2
- Maximum Counter-Example Test Cases: 5

2026-05-25 00:22:32,977 - api_testing.prompts.constraint_combination - DEBUG - ConstraintCombination Response: {
  "status": "COMBINED_EQUIVALENT",
  "final_constraint": "and(in(return.province.id, ['AB', 'BC', 'MB', 'NB', 'NL', 'NS', 'NT', 'NU', 'ON', 'PE', 'QC', 'SK', 'YT']),eq(return.province.id, input.provinceId))",
  "reason": "The static constraint restricts return.province.id to a set of valid two-letter Canadian province codes and requires it to equal the input provinceId. The dynamic constraint only requires the length of return.province.id to be 2, which is a necessary but not sufficient condition. Since the static constraint is stricter and includes the dynamic constraint's condition, they are semantically equivalent in the context of valid inputs where input.provinceId is one of the specified codes.",
  "counter_example": null
}
2026-05-25 00:22:32,977 - api_testing.prompts.constraint_combination - DEBUG - ConstraintCombination Prompt: 
Target Evaluation Context:
- Endpoint: get-/api/v1/provinces/{provinceId}
- Property: return.province.nextHoliday.date
- Static Constraint (Specification Registry): isDate(return.province.nextHoliday.date)
- Dynamic Constraint (Observed Traces): return.province.nextHoliday.date is a Date. Format: YYYY/MM/DD
- Maximum Counter-Example Test Cases: 5

2026-05-25 00:22:36,589 - api_testing.prompts.constraint_combination - DEBUG - ConstraintCombination Response: {
  "status": "NOT_COMBINED",
  "final_constraint": null,
  "reason": "The static constraint requires the property to be a date, but the dynamic constraint specifies a stricter format (YYYY/MM/DD). The static constraint does not enforce this format, so they are not semantically equivalent.",
  "counter_example": {
    "target_side": "DYNAMIC_TRUE_STATIC_FALSE",
    "concrete_property_value": "2024-06-15",
    "staged_payload": {
      "http_method": "GET",
      "endpoint_path": "/api/v1/provinces/123",
      "parameters": {},
      "headers": {},
      "body": null,
      "mime_type": null
    },
    "staged_payloads": [
      {
        "http_method": "GET",
        "endpoint_path": "/api/v1/provinces/123",
        "parameters": {},
        "headers": {},
        "body": null,
        "mime_type": null
      },
      {
        "http_method": "GET",
        "endpoint_path": "/api/v1/provinces/456",
        "parameters": {},
        "headers": {},
        "body": null,
        "mime_type": null
      },
      {
        "http_method": "GET",
        "endpoint_path": "/api/v1/provinces/789",
        "parameters": {},
        "headers": {},
        "body": null,
        "mime_type": null
      },
      {
        "http_method": "GET",
        "endpoint_path": "/api/v1/provinces/321",
        "parameters": {},
        "headers": {},
        "body": null,
        "mime_type": null
      },
      {
        "http_method": "GET",
        "endpoint_path": "/api/v1/provinces/654",
        "parameters": {},
        "headers": {},
        "body": null,
        "mime_type": null
      }
    ],
    "server_actual_response": null
  }
}
2026-05-25 00:22:36,589 - api_testing.prompts.constraint_combination - DEBUG - ConstraintCombination Prompt: 
Target Evaluation Context:
- Endpoint: get-/api/v1/provinces/{provinceId}
- Property: return.province.sourceLink
- Static Constraint (Specification Registry): and(isURL(return.province.sourceLink), isRegex(return.province.sourceLink, '^https://.*$'))
- Dynamic Constraint (Observed Traces): return.province.sourceLink is Url
- Maximum Counter-Example Test Cases: 5

2026-05-25 00:22:38,302 - api_testing.prompts.constraint_combination - DEBUG - ConstraintCombination Response: {
  "status": "COMBINED_EQUIVALENT",
  "final_constraint": "and(isURL(return.province.sourceLink), isRegex(return.province.sourceLink, '^https://.*$'))",
  "reason": "The static constraint requires the sourceLink to be a URL starting with 'https://', while the dynamic constraint only requires it to be a URL. Since the static constraint is stricter and implies the dynamic constraint, they are semantically equivalent with respect to the dynamic constraint being a subset of the static one.",
  "counter_example": null
}
2026-05-25 00:22:38,304 - api_testing.prompts.constraint_combination - DEBUG - Combined constraints saved to C:\Users\Admin\Desktop\API-Testing\.cache\CanadaHolidays\combine_constraint_miners.json
2026-05-25 00:22:45,967 - api_testing.constraint.evaluation.engine.evaluator - WARNING - DSL validation failed: (None,) exists(None)
2026-05-25 00:23:06,554 - api_testing.prompts.constraint_combination - DEBUG - ConstraintCombination Prompt: 
Target Evaluation Context:
- Endpoint: post-/contributions/count
- Property: return.attribution.url
- Static Constraint (Specification Registry): and(isURL(return.attribution.url), gt(size_of(return.attribution.url), 0))
- Dynamic Constraint (Observed Traces): return.attribution.url is Url
- Maximum Counter-Example Test Cases: 5

2026-05-25 00:23:12,233 - api_testing.prompts.constraint_combination - DEBUG - ConstraintCombination Response: {
  "status": "NOT_COMBINED",
  "final_constraint": null,
  "reason": "The static constraint requires the URL to be non-empty (size > 0) and a valid URL, while the dynamic constraint only requires it to be a valid URL without enforcing non-emptiness. This is a conflict because a valid URL could be empty or missing, which would violate the static constraint but satisfy the dynamic one.",
  "counter_example": {
    "target_side": "STATIC_TRUE_DYNAMIC_FALSE",
    "concrete_property_value": "",
    "staged_payload": {
      "http_method": "POST",
      "endpoint_path": "/contributions/count",
      "parameters": {},
      "headers": {
        "Content-Type": "application/json"
      },
      "body": {
        "test_case": "empty_url_in_attribution"
      },
      "mime_type": "application/json"
    },
    "staged_payloads": [
      {
        "http_method": "POST",
        "endpoint_path": "/contributions/count",
        "parameters": {},
        "headers": {
          "Content-Type": "application/json"
        },
        "body": {
          "attribution": {
            "url": ""
          }
        },
        "mime_type": "application/json"
      },
      {
        "http_method": "POST",
        "endpoint_path": "/contributions/count",
        "parameters": {},
        "headers": {
          "Content-Type": "application/json"
        },
        "body": {
          "attribution": {
            "url": " "
          }
        },
        "mime_type": "application/json"
      },
      {
        "http_method": "POST",
        "endpoint_path": "/contributions/count",
        "parameters": {},
        "headers": {
          "Content-Type": "application/json"
        },
        "body": {
          "attribution": {
            "url": "http://"
          }
        },
        "mime_type": "application/json"
      },
      {
        "http_method": "POST",
        "endpoint_path": "/contributions/count",
        "parameters": {},
        "headers": {
          "Content-Type": "application/json"
        },
        "body": {
          "attribution": {
            "url": null
          }
        },
        "mime_type": "application/json"
      },
      {
        "http_method": "POST",
        "endpoint_path": "/contributions/count",
        "parameters": {},
        "headers": {
          "Content-Type": "application/json"
        },
        "body": {
          "attribution": {}
        },
        "mime_type": "application/json"
      }
    ],
    "server_actual_response": null
  }
}
2026-05-25 00:23:12,233 - api_testing.prompts.constraint_combination - DEBUG - ConstraintCombination Prompt: 
Target Evaluation Context:
- Endpoint: post-/contributions/count
- Property: return.result[].value
- Static Constraint (Specification Registry): true
- Dynamic Constraint (Observed Traces): return.result.value >= 0.0
- Maximum Counter-Example Test Cases: 5

2026-05-25 00:23:16,048 - api_testing.prompts.constraint_combination - DEBUG - ConstraintCombination Response: {
  "status": "NOT_COMBINED",
  "final_constraint": null,
  "reason": "The static constraint imposes no restriction (true), while the dynamic constraint requires return.result.value to be >= 0.0. This is a conflict because the static constraint allows negative values, but the dynamic constraint does not.",
  "counter_example": {
    "target_side": "STATIC_TRUE_DYNAMIC_FALSE",
    "concrete_property_value": -1.0,
    "staged_payload": {
      "http_method": "POST",
      "endpoint_path": "/contributions/count",
      "parameters": {},
      "headers": {
        "Content-Type": "application/json"
      },
      "body": {},
      "mime_type": "application/json"
    },
    "staged_payloads": [
      {
        "http_method": "POST",
        "endpoint_path": "/contributions/count",
        "parameters": {},
        "headers": {
          "Content-Type": "application/json"
        },
        "body": {
          "filter": "all"
        },
        "mime_type": "application/json"
      },
      {
        "http_method": "POST",
        "endpoint_path": "/contributions/count",
        "parameters": {},
        "headers": {
          "Content-Type": "application/json"
        },
        "body": {
          "dateRange": {
            "start": "2023-01-01",
            "end": "2023-12-31"
          }
        },
        "mime_type": "application/json"
      },
      {
        "http_method": "POST",
        "endpoint_path": "/contributions/count",
        "parameters": {
          "includeInactive": "true"
        },
        "headers": {
          "Content-Type": "application/json"
        },
        "body": {},
        "mime_type": "application/json"
      },
      {
        "http_method": "POST",
        "endpoint_path": "/contributions/count",
        "parameters": {},
        "headers": {
          "Content-Type": "application/json"
        },
        "body": {
          "minValue": -10
        },
        "mime_type": "application/json"
      }
    ],
    "server_actual_response": null
  }
}
2026-05-25 00:23:16,048 - api_testing.prompts.constraint_combination - DEBUG - ConstraintCombination Prompt: 
Target Evaluation Context:
- Endpoint: post-/contributions/count/density
- Property: return.attribution.text
- Static Constraint (Specification Registry): gt(size_of(return.attribution.text), 0)
- Dynamic Constraint (Observed Traces): return.attribution.text == "\251 OpenStreetMap contributors"
- Maximum Counter-Example Test Cases: 5

2026-05-25 00:23:18,971 - api_testing.prompts.constraint_combination - DEBUG - ConstraintCombination Response: {
  "status": "NOT_COMBINED",
  "final_constraint": null,
  "reason": "The static constraint requires the return.attribution.text to have length greater than 0, allowing any non-empty string, while the dynamic constraint fixes the value exactly to \"\u0000a9 OpenStreetMap contributors\". These constraints are not equivalent because the dynamic constraint is narrower and incompatible with the static one.",
  "counter_example": {
    "target_side": "DYNAMIC_TRUE_STATIC_FALSE",
    "concrete_property_value": "\"Example Attribution\"",
    "staged_payload": {
      "http_method": "POST",
      "endpoint_path": "/contributions/count/density",
      "parameters": {},
      "headers": {
        "Content-Type": "application/json"
      },
      "body": {
        "someParameter": "someValue"
      },
      "mime_type": "application/json"
    },
    "staged_payloads": [
      {
        "http_method": "POST",
        "endpoint_path": "/contributions/count/density",
        "parameters": {},
        "headers": {
          "Content-Type": "application/json"
        },
        "body": {
          "filter": "regionA"
        },
        "mime_type": "application/json"
      },
      {
        "http_method": "POST",
        "endpoint_path": "/contributions/count/density",
        "parameters": {},
        "headers": {
          "Content-Type": "application/json"
        },
        "body": {
          "filter": "regionB"
        },
        "mime_type": "application/json"
      },
      {
        "http_method": "POST",
        "endpoint_path": "/contributions/count/density",
        "parameters": {},
        "headers": {
          "Content-Type": "application/json"
        },
        "body": {
          "filter": "regionC"
        },
        "mime_type": "application/json"
      },
      {
        "http_method": "POST",
        "endpoint_path": "/contributions/count/density",
        "parameters": {},
        "headers": {
          "Content-Type": "application/json"
        },
        "body": {
          "filter": "regionD"
        },
        "mime_type": "application/json"
      }
    ],
    "server_actual_response": null
  }
}
2026-05-25 00:23:18,972 - api_testing.prompts.constraint_combination - DEBUG - ConstraintCombination Prompt: 
Target Evaluation Context:
- Endpoint: post-/contributions/count/density
- Property: return.attribution.url
- Static Constraint (Specification Registry): and(isURL(return.attribution.url), gt(size_of(return.attribution.url), 0))
- Dynamic Constraint (Observed Traces): and(return.attribution.url == "https://ohsome.org/copyrights",return.attribution.url is Url)
- Maximum Counter-Example Test Cases: 5

2026-05-25 00:23:20,486 - api_testing.prompts.constraint_combination - DEBUG - ConstraintCombination Response: {
  "status": "COMBINED_EQUIVALENT",
  "final_constraint": "and(isURL(return.attribution.url), gt(size_of(return.attribution.url), 0))",
  "reason": "The static constraint requires the return.attribution.url to be a non-empty valid URL, and the dynamic constraint confirms the value is a specific valid URL 'https://ohsome.org/copyrights'. Both constraints ensure the property is a valid URL with length greater than zero, making them semantically equivalent.",
  "counter_example": null
}
2026-05-25 00:23:20,486 - api_testing.prompts.constraint_combination - DEBUG - ConstraintCombination Prompt: 
Target Evaluation Context:
- Endpoint: post-/contributions/count/density
- Property: return.metadata.description
- Static Constraint (Specification Registry): gt(size_of(return.metadata.description), 0)
- Dynamic Constraint (Observed Traces): return.metadata.description == "Density of performed contributions per time interval (number of edits per square-kilometer)."
- Maximum Counter-Example Test Cases: 5

2026-05-25 00:23:23,296 - api_testing.prompts.constraint_combination - DEBUG - ConstraintCombination Response: {
  "status": "NOT_COMBINED",
  "final_constraint": null,
  "reason": "The static constraint requires the description to be a non-empty string (length > 0), while the dynamic constraint requires the description to be exactly a specific string. These constraints are not equivalent because the static allows any non-empty string, but the dynamic restricts to one exact value.",
  "counter_example": {
    "target_side": "STATIC_TRUE_DYNAMIC_FALSE",
    "concrete_property_value": "A different non-empty description",
    "staged_payload": {
      "http_method": "POST",
      "endpoint_path": "/contributions/count/density",
      "parameters": {},
      "headers": {},
      "body": {},
      "mime_type": "application/json"
    },
    "staged_payloads": [
      {
        "http_method": "POST",
        "endpoint_path": "/contributions/count/density",
        "parameters": {},
        "headers": {},
        "body": {},
        "mime_type": "application/json"
      },
      {
        "http_method": "POST",
        "endpoint_path": "/contributions/count/density",
        "parameters": {},
        "headers": {},
        "body": {
          "some": "data"
        },
        "mime_type": "application/json"
      },
      {
        "http_method": "POST",
        "endpoint_path": "/contributions/count/density",
        "parameters": {
          "filter": "recent"
        },
        "headers": {},
        "body": {},
        "mime_type": "application/json"
      },
      {
        "http_method": "POST",
        "endpoint_path": "/contributions/count/density",
        "parameters": {},
        "headers": {
          "Accept-Language": "en-US"
        },
        "body": {},
        "mime_type": "application/json"
      },
      {
        "http_method": "POST",
        "endpoint_path": "/contributions/count/density",
        "parameters": {},
        "headers": {},
        "body": {
          "extra": "info"
        },
        "mime_type": "application/json"
      }
    ],
    "server_actual_response": null
  }
}
2026-05-25 00:23:23,296 - api_testing.prompts.constraint_combination - DEBUG - ConstraintCombination Prompt: 
Target Evaluation Context:
- Endpoint: post-/contributions/count/density
- Property: return.result[].value
- Static Constraint (Specification Registry): true
- Dynamic Constraint (Observed Traces): return.result.value >= 0.0
- Maximum Counter-Example Test Cases: 5

2026-05-25 00:23:26,348 - api_testing.prompts.constraint_combination - DEBUG - ConstraintCombination Response: {
  "status": "NOT_COMBINED",
  "final_constraint": null,
  "reason": "The static constraint allows any value (true), while the dynamic constraint requires return.result.value to be >= 0.0. This is a conflict because the static constraint does not restrict negative values, but the dynamic constraint does.",
  "counter_example": {
    "target_side": "DYNAMIC_TRUE_STATIC_FALSE",
    "concrete_property_value": -1.0,
    "staged_payload": {
      "http_method": "POST",
      "endpoint_path": "/contributions/count/density",
      "parameters": {},
      "headers": {
        "Content-Type": "application/json"
      },
      "body": {
        "testValue": -1
      },
      "mime_type": "application/json"
    },
    "staged_payloads": [
      {
        "http_method": "POST",
        "endpoint_path": "/contributions/count/density",
        "parameters": {},
        "headers": {
          "Content-Type": "application/json"
        },
        "body": {
          "testValue": -1
        },
        "mime_type": "application/json"
      },
      {
        "http_method": "POST",
        "endpoint_path": "/contributions/count/density",
        "parameters": {},
        "headers": {
          "Content-Type": "application/json"
        },
        "body": {
          "testValue": -0.1
        },
        "mime_type": "application/json"
      },
      {
        "http_method": "POST",
        "endpoint_path": "/contributions/count/density",
        "parameters": {},
        "headers": {
          "Content-Type": "application/json"
        },
        "body": {
          "testValue": -100
        },
        "mime_type": "application/json"
      },
      {
        "http_method": "POST",
        "endpoint_path": "/contributions/count/density",
        "parameters": {},
        "headers": {
          "Content-Type": "application/json"
        },
        "body": {
          "testValue": -0.0001
        },
        "mime_type": "application/json"
      },
      {
        "http_method": "POST",
        "endpoint_path": "/contributions/count/density",
        "parameters": {},
        "headers": {
          "Content-Type": "application/json"
        },
        "body": {
          "testValue": -9999
        },
        "mime_type": "application/json"
      }
    ],
    "server_actual_response": null
  }
}
2026-05-25 00:23:26,348 - api_testing.prompts.constraint_combination - DEBUG - ConstraintCombination Prompt: 
Target Evaluation Context:
- Endpoint: post-/contributions/count/density/groupBy/boundary
- Property: return.apiVersion
- Static Constraint (Specification Registry): gt(size_of(return.apiVersion), 0)
- Dynamic Constraint (Observed Traces): and(return.apiVersion == "1.10.4",LENGTH(return.apiVersion)==6)
- Maximum Counter-Example Test Cases: 5

2026-05-25 00:23:30,810 - api_testing.prompts.constraint_combination - DEBUG - ConstraintCombination Response: {
  "status": "NOT_COMBINED",
  "final_constraint": null,
  "reason": "The static constraint requires the apiVersion string length to be greater than 0, allowing any non-empty string, while the dynamic constraint fixes apiVersion to exactly '1.10.4' with length 6. These constraints are not equivalent because the static allows any non-empty string, but the dynamic restricts to a single exact value.",
  "counter_example": {
    "target_side": "STATIC_TRUE_DYNAMIC_FALSE",
    "concrete_property_value": "2.0.0",
    "staged_payload": {
      "http_method": "POST",
      "endpoint_path": "/contributions/count/density/groupBy/boundary",
      "parameters": {},
      "headers": {
        "Content-Type": "application/json"
      },
      "body": {
        "someInput": "test"
      },
      "mime_type": "application/json"
    },
    "staged_payloads": [
      {
        "http_method": "POST",
        "endpoint_path": "/contributions/count/density/groupBy/boundary",
        "parameters": {},
        "headers": {
          "Content-Type": "application/json"
        },
        "body": {
          "someInput": "test"
        },
        "mime_type": "application/json"
      },
      {
        "http_method": "POST",
        "endpoint_path": "/contributions/count/density/groupBy/boundary",
        "parameters": {},
        "headers": {
          "Content-Type": "application/json"
        },
        "body": {
          "someInput": "example"
        },
        "mime_type": "application/json"
      },
      {
        "http_method": "POST",
        "endpoint_path": "/contributions/count/density/groupBy/boundary",
        "parameters": {},
        "headers": {
          "Content-Type": "application/json"
        },
        "body": {
          "someInput": "data"
        },
        "mime_type": "application/json"
      },
      {
        "http_method": "POST",
        "endpoint_path": "/contributions/count/density/groupBy/boundary",
        "parameters": {},
        "headers": {
          "Content-Type": "application/json"
        },
        "body": {
          "someInput": "value"
        },
        "mime_type": "application/json"
      },
      {
        "http_method": "POST",
        "endpoint_path": "/contributions/count/density/groupBy/boundary",
        "parameters": {},
        "headers": {
          "Content-Type": "application/json"
        },
        "body": {
          "someInput": "check"
        },
        "mime_type": "application/json"
      }
    ],
    "server_actual_response": null
  }
}
2026-05-25 00:23:30,810 - api_testing.prompts.constraint_combination - DEBUG - ConstraintCombination Prompt: 
Target Evaluation Context:
- Endpoint: post-/contributions/count/density/groupBy/boundary
- Property: return.attribution.text
- Static Constraint (Specification Registry): gt(size_of(return.attribution.text), 0)
- Dynamic Constraint (Observed Traces): and(return.attribution.text == "\251 OpenStreetMap contributors",LENGTH(return.attribution.text)==28)
- Maximum Counter-Example Test Cases: 5

2026-05-25 00:23:33,800 - api_testing.prompts.constraint_combination - DEBUG - ConstraintCombination Response: {
  "status": "NOT_COMBINED",
  "final_constraint": null,
  "reason": "The static constraint requires the return.attribution.text to have length greater than 0, allowing any non-empty string, while the dynamic constraint fixes return.attribution.text to exactly \"\u0000a9 OpenStreetMap contributors\" with length 28. These constraints are not equivalent because the static allows any non-empty string, but the dynamic requires a specific fixed string, leading to a conflict.",
  "counter_example": {
    "target_side": "STATIC_TRUE_DYNAMIC_FALSE",
    "concrete_property_value": "Example Attribution",
    "staged_payload": {
      "http_method": "POST",
      "endpoint_path": "/contributions/count/density/groupBy/boundary",
      "parameters": {},
      "headers": {
        "Content-Type": "application/json"
      },
      "body": {
        "someParameter": "someValue"
      },
      "mime_type": "application/json"
    },
    "staged_payloads": [
      {
        "http_method": "POST",
        "endpoint_path": "/contributions/count/density/groupBy/boundary",
        "parameters": {},
        "headers": {
          "Content-Type": "application/json"
        },
        "body": {
          "someParameter": "test1"
        },
        "mime_type": "application/json"
      },
      {
        "http_method": "POST",
        "endpoint_path": "/contributions/count/density/groupBy/boundary",
        "parameters": {},
        "headers": {
          "Content-Type": "application/json"
        },
        "body": {
          "someParameter": "test2"
        },
        "mime_type": "application/json"
      },
      {
        "http_method": "POST",
        "endpoint_path": "/contributions/count/density/groupBy/boundary",
        "parameters": {},
        "headers": {
          "Content-Type": "application/json"
        },
        "body": {
          "someParameter": "test3"
        },
        "mime_type": "application/json"
      },
      {
        "http_method": "POST",
        "endpoint_path": "/contributions/count/density/groupBy/boundary",
        "parameters": {},
        "headers": {
          "Content-Type": "application/json"
        },
        "body": {
          "someParameter": "test4"
        },
        "mime_type": "application/json"
      },
      {
        "http_method": "POST",
        "endpoint_path": "/contributions/count/density/groupBy/boundary",
        "parameters": {},
        "headers": {
          "Content-Type": "application/json"
        },
        "body": {
          "someParameter": "test5"
        },
        "mime_type": "application/json"
      }
    ],
    "server_actual_response": null
  }
}
2026-05-25 00:23:33,800 - api_testing.prompts.constraint_combination - DEBUG - ConstraintCombination Prompt: 
Target Evaluation Context:
- Endpoint: post-/contributions/count/density/groupBy/boundary
- Property: return.attribution.url
- Static Constraint (Specification Registry): and(isURL(return.attribution.url), gt(size_of(return.attribution.url), 0))
- Dynamic Constraint (Observed Traces): and(return.attribution.url == "https://ohsome.org/copyrights",LENGTH(return.attribution.url)==29,return.attribution.url is Url)
- Maximum Counter-Example Test Cases: 5

2026-05-25 00:23:35,340 - api_testing.prompts.constraint_combination - DEBUG - ConstraintCombination Response: {
  "status": "COMBINED_EQUIVALENT",
  "final_constraint": "and(isURL(return.attribution.url), gt(size_of(return.attribution.url), 0))",
  "reason": "The static constraint requires the return.attribution.url to be a valid URL with length greater than 0. The dynamic constraint specifies a concrete URL \"https://ohsome.org/copyrights\" which is a valid URL and has length 29, satisfying the static constraint. Both constraints are semantically equivalent as the dynamic constraint is a specific instance that meets the static requirements.",
  "counter_example": null
}
2026-05-25 00:23:35,340 - api_testing.prompts.constraint_combination - DEBUG - ConstraintCombination Prompt: 
Target Evaluation Context:
- Endpoint: post-/contributions/count/density/groupBy/boundary
- Property: return.metadata.description
- Static Constraint (Specification Registry): gt(size_of(return.metadata.description), 0)
- Dynamic Constraint (Observed Traces): and(return.metadata.description == "Density of performed contributions per time interval (number of edits per square-kilometer), aggregated on the boundary.",LENGTH(return.metadata.description)==120)
- Maximum Counter-Example Test Cases: 5

2026-05-25 00:23:37,987 - api_testing.prompts.constraint_combination - DEBUG - ConstraintCombination Response: {
  "status": "NOT_COMBINED",
  "final_constraint": null,
  "reason": "The static constraint requires the description string to have length greater than 0, while the dynamic constraint requires the description to be exactly a specific string of length 120. These constraints are not equivalent because the static allows any non-empty string, but the dynamic requires a precise fixed string. This is a conflict.",
  "counter_example": {
    "target_side": "DYNAMIC_TRUE_STATIC_FALSE",
    "concrete_property_value": "Density of performed contributions per time interval (number of edits per square-kilometer), aggregated on the boundary.",
    "staged_payload": {
      "http_method": "POST",
      "endpoint_path": "/contributions/count/density/groupBy/boundary",
      "parameters": {},
      "headers": {
        "Content-Type": "application/json"
      },
      "body": {
        "boundary": "someBoundary",
        "timeInterval": "2023-01"
      },
      "mime_type": "application/json"
    },
    "staged_payloads": [
      {
        "http_method": "POST",
        "endpoint_path": "/contributions/count/density/groupBy/boundary",
        "parameters": {},
        "headers": {
          "Content-Type": "application/json"
        },
        "body": {
          "boundary": "someBoundary",
          "timeInterval": "2023-01"
        },
        "mime_type": "application/json"
      },
      {
        "http_method": "POST",
        "endpoint_path": "/contributions/count/density/groupBy/boundary",
        "parameters": {},
        "headers": {
          "Content-Type": "application/json"
        },
        "body": {
          "boundary": "otherBoundary",
          "timeInterval": "2023-02"
        },
        "mime_type": "application/json"
      },
      {
        "http_method": "POST",
        "endpoint_path": "/contributions/count/density/groupBy/boundary",
        "parameters": {},
        "headers": {
          "Content-Type": "application/json"
        },
        "body": {
          "boundary": "differentBoundary",
          "timeInterval": "2023-03"
        },
        "mime_type": "application/json"
      }
    ],
    "server_actual_response": null
  }
}
2026-05-25 00:23:37,987 - api_testing.prompts.constraint_combination - DEBUG - ConstraintCombination Prompt: 
Target Evaluation Context:
- Endpoint: post-/contributions/count/density/groupBy/boundary
- Property: return.type
- Static Constraint (Specification Registry): and(gt(size_of(return.type), 0),eq(return.type, input.format))
- Dynamic Constraint (Observed Traces): and(return.type == "FeatureCollection",LENGTH(return.type)==17)
- Maximum Counter-Example Test Cases: 5

2026-05-25 00:23:42,468 - api_testing.prompts.constraint_combination - DEBUG - ConstraintCombination Response: {
  "status": "NOT_COMBINED",
  "final_constraint": null,
  "reason": "The static constraint requires the return.type to equal the input.format and have a size greater than 0, while the dynamic constraint fixes return.type to the string 'FeatureCollection' with length 17. These constraints conflict because the static constraint allows return.type to vary with input.format, but the dynamic constraint fixes it to a specific constant value.",
  "counter_example": {
    "target_side": "DYNAMIC_TRUE_STATIC_FALSE",
    "concrete_property_value": "FeatureCollection",
    "staged_payload": {
      "http_method": "POST",
      "endpoint_path": "/contributions/count/density/groupBy/boundary",
      "parameters": {},
      "headers": {
        "Content-Type": "application/json"
      },
      "body": {
        "format": "GeoJSON"
      },
      "mime_type": "application/json"
    },
    "staged_payloads": [
      {
        "http_method": "POST",
        "endpoint_path": "/contributions/count/density/groupBy/boundary",
        "parameters": {},
        "headers": {
          "Content-Type": "application/json"
        },
        "body": {
          "format": "GeoJSON"
        },
        "mime_type": "application/json"
      },
      {
        "http_method": "POST",
        "endpoint_path": "/contributions/count/density/groupBy/boundary",
        "parameters": {},
        "headers": {
          "Content-Type": "application/json"
        },
        "body": {
          "format": "FeatureCollection"
        },
        "mime_type": "application/json"
      },
      {
        "http_method": "POST",
        "endpoint_path": "/contributions/count/density/groupBy/boundary",
        "parameters": {},
        "headers": {
          "Content-Type": "application/json"
        },
        "body": {
          "format": "JSON"
        },
        "mime_type": "application/json"
      },
      {
        "http_method": "POST",
        "endpoint_path": "/contributions/count/density/groupBy/boundary",
        "parameters": {},
        "headers": {
          "Content-Type": "application/json"
        },
        "body": {
          "format": "XML"
        },
        "mime_type": "application/json"
      },
      {
        "http_method": "POST",
        "endpoint_path": "/contributions/count/density/groupBy/boundary",
        "parameters": {},
        "headers": {
          "Content-Type": "application/json"
        },
        "body": {
          "format": "WKT"
        },
        "mime_type": "application/json"
      }
    ],
    "server_actual_response": null
  }
}
2026-05-25 00:23:42,468 - api_testing.prompts.constraint_combination - DEBUG - ConstraintCombination Prompt: 
Target Evaluation Context:
- Endpoint: post-/contributions/count/groupBy/boundary
- Property: return.attribution.text
- Static Constraint (Specification Registry): gt(size_of(return.attribution.text), 0)
- Dynamic Constraint (Observed Traces): and(return.attribution.text == "\251 OpenStreetMap contributors",LENGTH(return.attribution.text)==28)
- Maximum Counter-Example Test Cases: 5

2026-05-25 00:23:45,948 - api_testing.prompts.constraint_combination - DEBUG - ConstraintCombination Response: {
  "status": "NOT_COMBINED",
  "final_constraint": null,
  "reason": "The static constraint requires the return.attribution.text to have length greater than 0, allowing any non-empty string, while the dynamic constraint fixes the value exactly to \"\u0000a9 OpenStreetMap contributors\" with length 28. These constraints are not equivalent because the dynamic constraint is much narrower and incompatible with other possible non-empty strings.",
  "counter_example": {
    "target_side": "STATIC_TRUE_DYNAMIC_FALSE",
    "concrete_property_value": "Example Attribution",
    "staged_payload": {
      "http_method": "POST",
      "endpoint_path": "/contributions/count/groupBy/boundary",
      "parameters": {},
      "headers": {
        "Content-Type": "application/json"
      },
      "body": {
        "someRelevantInput": "value1"
      },
      "mime_type": "application/json"
    },
    "staged_payloads": [
      {
        "http_method": "POST",
        "endpoint_path": "/contributions/count/groupBy/boundary",
        "parameters": {},
        "headers": {
          "Content-Type": "application/json"
        },
        "body": {
          "someRelevantInput": "value1"
        },
        "mime_type": "application/json"
      },
      {
        "http_method": "POST",
        "endpoint_path": "/contributions/count/groupBy/boundary",
        "parameters": {},
        "headers": {
          "Content-Type": "application/json"
        },
        "body": {
          "someRelevantInput": "value2"
        },
        "mime_type": "application/json"
      },
      {
        "http_method": "POST",
        "endpoint_path": "/contributions/count/groupBy/boundary",
        "parameters": {},
        "headers": {
          "Content-Type": "application/json"
        },
        "body": {
          "someRelevantInput": "value3"
        },
        "mime_type": "application/json"
      },
      {
        "http_method": "POST",
        "endpoint_path": "/contributions/count/groupBy/boundary",
        "parameters": {},
        "headers": {
          "Content-Type": "application/json"
        },
        "body": {
          "someRelevantInput": "value4"
        },
        "mime_type": "application/json"
      },
      {
        "http_method": "POST",
        "endpoint_path": "/contributions/count/groupBy/boundary",
        "parameters": {},
        "headers": {
          "Content-Type": "application/json"
        },
        "body": {
          "someRelevantInput": "value5"
        },
        "mime_type": "application/json"
      }
    ],
    "server_actual_response": null
  }
}
2026-05-25 00:23:45,948 - api_testing.prompts.constraint_combination - DEBUG - ConstraintCombination Prompt: 
Target Evaluation Context:
- Endpoint: post-/contributions/count/groupBy/boundary
- Property: return.attribution.url
- Static Constraint (Specification Registry): and(isURL(return.attribution.url), gt(size_of(return.attribution.url), 0))
- Dynamic Constraint (Observed Traces): and(return.attribution.url == "https://ohsome.org/copyrights",LENGTH(return.attribution.url)==29,return.attribution.url is Url)
- Maximum Counter-Example Test Cases: 5

2026-05-25 00:23:47,539 - api_testing.prompts.constraint_combination - DEBUG - ConstraintCombination Response: {
  "status": "COMBINED_EQUIVALENT",
  "final_constraint": "and(isURL(return.attribution.url), gt(size_of(return.attribution.url), 0))",
  "reason": "The static constraint requires the return.attribution.url to be a valid URL with length greater than 0. The dynamic constraint observed a specific valid URL 'https://ohsome.org/copyrights' of length 29, which satisfies the static constraints. Both constraints require the property to be a valid URL and non-empty, making them semantically equivalent.",
  "counter_example": null
}
2026-05-25 00:23:47,539 - api_testing.prompts.constraint_combination - DEBUG - ConstraintCombination Prompt: 
Target Evaluation Context:
- Endpoint: post-/contributions/count/groupBy/boundary
- Property: return.metadata.description
- Static Constraint (Specification Registry): gt(size_of(return.metadata.description), 0)
- Dynamic Constraint (Observed Traces): and(return.metadata.description == "Number of performed contributions per time interval, aggregated on the boundary.",LENGTH(return.metadata.description)==80)
- Maximum Counter-Example Test Cases: 5

2026-05-25 00:23:50,876 - api_testing.prompts.constraint_combination - DEBUG - ConstraintCombination Response: {
  "status": "NOT_COMBINED",
  "final_constraint": null,
  "reason": "The static constraint requires the description length to be greater than 0, while the dynamic constraint requires the description to be exactly a specific string of length 80. These constraints are not equivalent because the static allows any non-empty string, but the dynamic requires a precise fixed string.",
  "counter_example": {
    "target_side": "DYNAMIC_TRUE_STATIC_FALSE",
    "concrete_property_value": "Number of performed contributions per time interval, aggregated on the boundary.",
    "staged_payload": {
      "http_method": "POST",
      "endpoint_path": "/contributions/count/groupBy/boundary",
      "parameters": {},
      "headers": {},
      "body": {
        "someParameter": "testValue1"
      },
      "mime_type": "application/json"
    },
    "staged_payloads": [
      {
        "http_method": "POST",
        "endpoint_path": "/contributions/count/groupBy/boundary",
        "parameters": {},
        "headers": {},
        "body": {
          "someParameter": "testValue1"
        },
        "mime_type": "application/json"
      },
      {
        "http_method": "POST",
        "endpoint_path": "/contributions/count/groupBy/boundary",
        "parameters": {},
        "headers": {},
        "body": {
          "someParameter": "testValue2"
        },
        "mime_type": "application/json"
      },
      {
        "http_method": "POST",
        "endpoint_path": "/contributions/count/groupBy/boundary",
        "parameters": {},
        "headers": {},
        "body": {
          "someParameter": "testValue3"
        },
        "mime_type": "application/json"
      },
      {
        "http_method": "POST",
        "endpoint_path": "/contributions/count/groupBy/boundary",
        "parameters": {},
        "headers": {},
        "body": {
          "someParameter": "testValue4"
        },
        "mime_type": "application/json"
      },
      {
        "http_method": "POST",
        "endpoint_path": "/contributions/count/groupBy/boundary",
        "parameters": {},
        "headers": {},
        "body": {
          "someParameter": "testValue5"
        },
        "mime_type": "application/json"
      }
    ],
    "server_actual_response": null
  }
}
2026-05-25 00:23:50,876 - api_testing.prompts.constraint_combination - DEBUG - ConstraintCombination Prompt: 
Target Evaluation Context:
- Endpoint: post-/contributions/latest/count
- Property: return.apiVersion
- Static Constraint (Specification Registry): gt(size_of(return.apiVersion), 0)
- Dynamic Constraint (Observed Traces): and(return.apiVersion == "1.10.4",LENGTH(return.apiVersion)==6)
- Maximum Counter-Example Test Cases: 5

2026-05-25 00:23:56,063 - api_testing.prompts.constraint_combination - DEBUG - ConstraintCombination Response: {
  "status": "NOT_COMBINED",
  "final_constraint": null,
  "reason": "The static constraint requires the length of return.apiVersion to be greater than 0, allowing any non-empty string, while the dynamic constraint restricts return.apiVersion to exactly '1.10.4' with length 6. These constraints are not equivalent because the static allows any non-empty string, but the dynamic fixes a specific value.",
  "counter_example": {
    "target_side": "STATIC_TRUE_DYNAMIC_FALSE",
    "concrete_property_value": "2.0",
    "staged_payload": {
      "http_method": "POST",
      "endpoint_path": "/contributions/latest/count",
      "parameters": {},
      "headers": {
        "Content-Type": "application/json"
      },
      "body": {},
      "mime_type": "application/json"
    },
    "staged_payloads": [
      {
        "http_method": "POST",
        "endpoint_path": "/contributions/latest/count",
        "parameters": {},
        "headers": {
          "Content-Type": "application/json"
        },
        "body": {},
        "mime_type": "application/json"
      },
      {
        "http_method": "POST",
        "endpoint_path": "/contributions/latest/count",
        "parameters": {},
        "headers": {
          "Content-Type": "application/json"
        },
        "body": {
          "filter": "recent"
        },
        "mime_type": "application/json"
      },
      {
        "http_method": "POST",
        "endpoint_path": "/contributions/latest/count",
        "parameters": {
          "includeDetails": "true"
        },
        "headers": {
          "Content-Type": "application/json"
        },
        "body": {},
        "mime_type": "application/json"
      },
      {
        "http_method": "POST",
        "endpoint_path": "/contributions/latest/count",
        "parameters": {
          "versionHint": "2"
        },
        "headers": {
          "Content-Type": "application/json"
        },
        "body": {},
        "mime_type": "application/json"
      },
      {
        "http_method": "POST",
        "endpoint_path": "/contributions/latest/count",
        "parameters": {},
        "headers": {
          "Content-Type": "application/json"
        },
        "body": {
          "extra": "data"
        },
        "mime_type": "application/json"
      }
    ],
    "server_actual_response": null
  }
}
2026-05-25 00:23:56,063 - api_testing.prompts.constraint_combination - DEBUG - ConstraintCombination Prompt: 
Target Evaluation Context:
- Endpoint: post-/contributions/latest/count
- Property: return.attribution.text
- Static Constraint (Specification Registry): gt(size_of(return.attribution.text), 0)
- Dynamic Constraint (Observed Traces): and(return.attribution.text == "\251 OpenStreetMap contributors",LENGTH(return.attribution.text)==28)
- Maximum Counter-Example Test Cases: 5

2026-05-25 00:24:00,550 - api_testing.prompts.constraint_combination - DEBUG - ConstraintCombination Response: {
  "status": "NOT_COMBINED",
  "final_constraint": null,
  "reason": "The static constraint requires the length of return.attribution.text to be greater than 0, allowing any non-empty string, while the dynamic constraint fixes return.attribution.text to exactly \"\u0000a9 OpenStreetMap contributors\" with length 28. These constraints are not equivalent because the static allows any non-empty string, but the dynamic restricts to a single exact string.",
  "counter_example": {
    "target_side": "STATIC_TRUE_DYNAMIC_FALSE",
    "concrete_property_value": "Example Attribution",
    "staged_payload": {
      "http_method": "POST",
      "endpoint_path": "/contributions/latest/count",
      "parameters": {},
      "headers": {
        "Content-Type": "application/json"
      },
      "body": {},
      "mime_type": "application/json"
    },
    "staged_payloads": [
      {
        "http_method": "POST",
        "endpoint_path": "/contributions/latest/count",
        "parameters": {},
        "headers": {
          "Content-Type": "application/json"
        },
        "body": {},
        "mime_type": "application/json"
      },
      {
        "http_method": "POST",
        "endpoint_path": "/contributions/latest/count",
        "parameters": {},
        "headers": {
          "Content-Type": "application/json"
        },
        "body": {
          "filter": "recent"
        },
        "mime_type": "application/json"
      },
      {
        "http_method": "POST",
        "endpoint_path": "/contributions/latest/count",
        "parameters": {
          "region": "europe"
        },
        "headers": {
          "Content-Type": "application/json"
        },
        "body": {},
        "mime_type": "application/json"
      },
      {
        "http_method": "POST",
        "endpoint_path": "/contributions/latest/count",
        "parameters": {
          "region": "asia"
        },
        "headers": {
          "Content-Type": "application/json"
        },
        "body": {
          "filter": "top"
        },
        "mime_type": "application/json"
      },
      {
        "http_method": "POST",
        "endpoint_path": "/contributions/latest/count",
        "parameters": {
          "region": "north-america"
        },
        "headers": {
          "Content-Type": "application/json"
        },
        "body": {
          "filter": "all"
        },
        "mime_type": "application/json"
      }
    ],
    "server_actual_response": null
  }
}
2026-05-25 00:24:00,550 - api_testing.prompts.constraint_combination - DEBUG - ConstraintCombination Prompt: 
Target Evaluation Context:
- Endpoint: post-/contributions/latest/count
- Property: return.attribution.url
- Static Constraint (Specification Registry): and(isURL(return.attribution.url), gt(size_of(return.attribution.url), 0))
- Dynamic Constraint (Observed Traces): and(return.attribution.url == "https://ohsome.org/copyrights",LENGTH(return.attribution.url)==29,return.attribution.url is Url)
- Maximum Counter-Example Test Cases: 5

2026-05-25 00:24:02,096 - api_testing.prompts.constraint_combination - DEBUG - ConstraintCombination Response: {
  "status": "COMBINED_EQUIVALENT",
  "final_constraint": "and(isURL(return.attribution.url), gt(size_of(return.attribution.url), 0))",
  "reason": "The static constraint requires the return.attribution.url to be a valid URL with length greater than 0. The dynamic constraint specifies a concrete URL \"https://ohsome.org/copyrights\" which is a valid URL and has length 29, satisfying the static constraint. Both constraints are semantically equivalent as the dynamic constraint is a specific instance that meets the static requirements.",
  "counter_example": null
}
2026-05-25 00:24:02,096 - api_testing.prompts.constraint_combination - DEBUG - ConstraintCombination Prompt: 
Target Evaluation Context:
- Endpoint: post-/contributions/latest/count/density
- Property: return.attribution.text
- Static Constraint (Specification Registry): gt(size_of(return.attribution.text), 0)
- Dynamic Constraint (Observed Traces): and(return.attribution.text == "\251 OpenStreetMap contributors",LENGTH(return.attribution.text)==28)
- Maximum Counter-Example Test Cases: 5

2026-05-25 00:24:06,742 - api_testing.prompts.constraint_combination - DEBUG - ConstraintCombination Response: {
  "status": "NOT_COMBINED",
  "final_constraint": null,
  "reason": "The static constraint requires the length of return.attribution.text to be greater than 0, allowing any non-empty string, while the dynamic constraint fixes return.attribution.text to exactly \"\u0000a9 OpenStreetMap contributors\" with length 28. These constraints are not equivalent because the static allows any non-empty string but the dynamic restricts to a single exact string.",
  "counter_example": {
    "target_side": "DYNAMIC_TRUE_STATIC_FALSE",
    "concrete_property_value": "Example text",
    "staged_payload": {
      "http_method": "POST",
      "endpoint_path": "/contributions/latest/count/density",
      "parameters": {},
      "headers": {
        "Content-Type": "application/json"
      },
      "body": {
        "test_input": "trigger different attribution text"
      },
      "mime_type": "application/json"
    },
    "staged_payloads": [
      {
        "http_method": "POST",
        "endpoint_path": "/contributions/latest/count/density",
        "parameters": {},
        "headers": {
          "Content-Type": "application/json"
        },
        "body": {
          "test_input": "trigger different attribution text"
        },
        "mime_type": "application/json"
      },
      {
        "http_method": "POST",
        "endpoint_path": "/contributions/latest/count/density",
        "parameters": {},
        "headers": {
          "Content-Type": "application/json"
        },
        "body": {
          "test_input": "trigger empty attribution text"
        },
        "mime_type": "application/json"
      },
      {
        "http_method": "POST",
        "endpoint_path": "/contributions/latest/count/density",
        "parameters": {},
        "headers": {
          "Content-Type": "application/json"
        },
        "body": {
          "test_input": "trigger attribution text with length 1"
        },
        "mime_type": "application/json"
      },
      {
        "http_method": "POST",
        "endpoint_path": "/contributions/latest/count/density",
        "parameters": {},
        "headers": {
          "Content-Type": "application/json"
        },
        "body": {
          "test_input": "trigger attribution text with length > 28"
        },
        "mime_type": "application/json"
      },
      {
        "http_method": "POST",
        "endpoint_path": "/contributions/latest/count/density",
        "parameters": {},
        "headers": {
          "Content-Type": "application/json"
        },
        "body": {
          "test_input": "trigger attribution text with special chars"
        },
        "mime_type": "application/json"
      }
    ],
    "server_actual_response": null
  }
}
2026-05-25 00:24:06,743 - api_testing.prompts.constraint_combination - DEBUG - ConstraintCombination Prompt: 
Target Evaluation Context:
- Endpoint: post-/contributions/latest/count/density
- Property: return.attribution.url
- Static Constraint (Specification Registry): and(isURL(return.attribution.url), gt(size_of(return.attribution.url), 0))
- Dynamic Constraint (Observed Traces): and(return.attribution.url == "https://ohsome.org/copyrights",LENGTH(return.attribution.url)==29,return.attribution.url is Url)
- Maximum Counter-Example Test Cases: 5

2026-05-25 00:24:08,324 - api_testing.prompts.constraint_combination - DEBUG - ConstraintCombination Response: {
  "status": "COMBINED_EQUIVALENT",
  "final_constraint": "and(isURL(return.attribution.url), gt(size_of(return.attribution.url), 0))",
  "reason": "The static constraint requires the return.attribution.url to be a non-empty valid URL, and the dynamic constraint observed a specific valid URL of length 29. The dynamic constraint is a specific instance that satisfies the static constraint, making them semantically equivalent in terms of URL validity and non-emptiness.",
  "counter_example": null
}
2026-05-25 00:24:08,324 - api_testing.prompts.constraint_combination - DEBUG - ConstraintCombination Prompt: 
Target Evaluation Context:
- Endpoint: post-/contributions/latest/count/density
- Property: return.metadata.description
- Static Constraint (Specification Registry): gt(size_of(return.metadata.description), 0)
- Dynamic Constraint (Observed Traces): and(return.metadata.description == "Density of performed contributions per time interval (number of edits per square-kilometer).",LENGTH(return.metadata.description)==92)
- Maximum Counter-Example Test Cases: 5

2026-05-25 00:24:12,717 - api_testing.prompts.constraint_combination - DEBUG - ConstraintCombination Response: {
  "status": "NOT_COMBINED",
  "final_constraint": null,
  "reason": "The static constraint requires the description length to be greater than 0, allowing any non-empty string, while the dynamic constraint requires the description to be exactly 'Density of performed contributions per time interval (number of edits per square-kilometer).' with length 92. These constraints are not equivalent because the static allows any non-empty string, but the dynamic fixes the exact string and length.",
  "counter_example": {
    "target_side": "DYNAMIC_TRUE_STATIC_FALSE",
    "concrete_property_value": "Density of performed contributions per time interval (number of edits per square-kilometer).",
    "staged_payload": {
      "http_method": "POST",
      "endpoint_path": "/contributions/latest/count/density",
      "parameters": {},
      "headers": {
        "Content-Type": "application/json"
      },
      "body": {},
      "mime_type": "application/json"
    },
    "staged_payloads": [
      {
        "http_method": "POST",
        "endpoint_path": "/contributions/latest/count/density",
        "parameters": {},
        "headers": {
          "Content-Type": "application/json"
        },
        "body": {
          "filter": "last_week"
        },
        "mime_type": "application/json"
      },
      {
        "http_method": "POST",
        "endpoint_path": "/contributions/latest/count/density",
        "parameters": {},
        "headers": {
          "Content-Type": "application/json"
        },
        "body": {
          "region": "north_america"
        },
        "mime_type": "application/json"
      },
      {
        "http_method": "POST",
        "endpoint_path": "/contributions/latest/count/density",
        "parameters": {},
        "headers": {
          "Content-Type": "application/json"
        },
        "body": {
          "time_interval": "monthly"
        },
        "mime_type": "application/json"
      },
      {
        "http_method": "POST",
        "endpoint_path": "/contributions/latest/count/density",
        "parameters": {},
        "headers": {
          "Content-Type": "application/json"
        },
        "body": {
          "include_inactive": true
        },
        "mime_type": "application/json"
      }
    ],
    "server_actual_response": null
  }
}
2026-05-25 00:24:12,717 - api_testing.prompts.constraint_combination - DEBUG - ConstraintCombination Prompt: 
Target Evaluation Context:
- Endpoint: post-/elements/area
- Property: return.attribution.url
- Static Constraint (Specification Registry): and(isURL(return.attribution.url), gt(size_of(return.attribution.url), 0))
- Dynamic Constraint (Observed Traces): return.attribution.url is Url
- Maximum Counter-Example Test Cases: 5

2026-05-25 00:24:17,206 - api_testing.prompts.constraint_combination - DEBUG - ConstraintCombination Response: {
  "status": "NOT_COMBINED",
  "final_constraint": null,
  "reason": "The static constraint requires the URL to be a non-empty string (size > 0), while the dynamic constraint only requires the value to be a URL without enforcing non-emptiness. This is a conflict because an empty string is not allowed by the static constraint but could be accepted by the dynamic constraint if it considers empty as a valid URL or does not check length.",
  "counter_example": {
    "target_side": "STATIC_TRUE_DYNAMIC_FALSE",
    "concrete_property_value": "",
    "staged_payload": {
      "http_method": "POST",
      "endpoint_path": "/elements/area",
      "parameters": {},
      "headers": {
        "Content-Type": "application/json"
      },
      "body": {
        "shape": "circle",
        "radius": 5
      },
      "mime_type": "application/json"
    },
    "staged_payloads": [
      {
        "http_method": "POST",
        "endpoint_path": "/elements/area",
        "parameters": {},
        "headers": {
          "Content-Type": "application/json"
        },
        "body": {
          "shape": "square",
          "side": 10
        },
        "mime_type": "application/json"
      },
      {
        "http_method": "POST",
        "endpoint_path": "/elements/area",
        "parameters": {},
        "headers": {
          "Content-Type": "application/json"
        },
        "body": {
          "shape": "triangle",
          "base": 8,
          "height": 6
        },
        "mime_type": "application/json"
      },
      {
        "http_method": "POST",
        "endpoint_path": "/elements/area",
        "parameters": {},
        "headers": {
          "Content-Type": "application/json"
        },
        "body": {
          "shape": "rectangle",
          "width": 4,
          "height": 7
        },
        "mime_type": "application/json"
      },
      {
        "http_method": "POST",
        "endpoint_path": "/elements/area",
        "parameters": {},
        "headers": {
          "Content-Type": "application/json"
        },
        "body": {
          "shape": "ellipse",
          "major_axis": 5,
          "minor_axis": 3
        },
        "mime_type": "application/json"
      }
    ],
    "server_actual_response": null
  }
}
2026-05-25 00:24:17,206 - api_testing.prompts.constraint_combination - DEBUG - ConstraintCombination Prompt: 
Target Evaluation Context:
- Endpoint: post-/elements/area/density
- Property: return.apiVersion
- Static Constraint (Specification Registry): gt(size_of(return.apiVersion), 0)
- Dynamic Constraint (Observed Traces): and(return.apiVersion == "1.10.4",LENGTH(return.apiVersion)==6)
- Maximum Counter-Example Test Cases: 5

2026-05-25 00:24:21,933 - api_testing.prompts.constraint_combination - DEBUG - ConstraintCombination Response: {
  "status": "NOT_COMBINED",
  "final_constraint": null,
  "reason": "The static constraint requires the apiVersion string length to be greater than 0, allowing any non-empty string, while the dynamic constraint fixes apiVersion to exactly '1.10.4' with length 6. These constraints conflict because the dynamic constraint is narrower and incompatible with the static constraint's allowance of any non-empty string.",
  "counter_example": {
    "target_side": "DYNAMIC_TRUE_STATIC_FALSE",
    "concrete_property_value": "1.10.4",
    "staged_payload": {
      "http_method": "POST",
      "endpoint_path": "/elements/area/density",
      "parameters": {},
      "headers": {
        "Content-Type": "application/json"
      },
      "body": {
        "testInput": "value1"
      },
      "mime_type": "application/json"
    },
    "staged_payloads": [
      {
        "http_method": "POST",
        "endpoint_path": "/elements/area/density",
        "parameters": {},
        "headers": {
          "Content-Type": "application/json"
        },
        "body": {
          "testInput": "value1"
        },
        "mime_type": "application/json"
      },
      {
        "http_method": "POST",
        "endpoint_path": "/elements/area/density",
        "parameters": {},
        "headers": {
          "Content-Type": "application/json"
        },
        "body": {
          "testInput": "value2"
        },
        "mime_type": "application/json"
      },
      {
        "http_method": "POST",
        "endpoint_path": "/elements/area/density",
        "parameters": {},
        "headers": {
          "Content-Type": "application/json"
        },
        "body": {
          "testInput": "value3"
        },
        "mime_type": "application/json"
      },
      {
        "http_method": "POST",
        "endpoint_path": "/elements/area/density",
        "parameters": {},
        "headers": {
          "Content-Type": "application/json"
        },
        "body": {
          "testInput": "value4"
        },
        "mime_type": "application/json"
      },
      {
        "http_method": "POST",
        "endpoint_path": "/elements/area/density",
        "parameters": {},
        "headers": {
          "Content-Type": "application/json"
        },
        "body": {
          "testInput": "value5"
        },
        "mime_type": "application/json"
      }
    ],
    "server_actual_response": null
  }
}
2026-05-25 00:24:21,933 - api_testing.prompts.constraint_combination - DEBUG - ConstraintCombination Prompt: 
Target Evaluation Context:
- Endpoint: post-/elements/area/density
- Property: return.attribution.text
- Static Constraint (Specification Registry): gt(size_of(return.attribution.text), 0)
- Dynamic Constraint (Observed Traces): and(return.attribution.text == "\251 OpenStreetMap contributors",LENGTH(return.attribution.text)==28)
- Maximum Counter-Example Test Cases: 5

2026-05-25 00:24:25,167 - api_testing.prompts.constraint_combination - DEBUG - ConstraintCombination Response: {
  "status": "NOT_COMBINED",
  "final_constraint": null,
  "reason": "The static constraint requires the return.attribution.text to have length greater than 0, allowing any non-empty string, while the dynamic constraint fixes the value exactly to \"\u0000a9 OpenStreetMap contributors\" with length 28. These constraints are not equivalent because the dynamic constraint is much narrower and incompatible with other possible non-empty strings.",
  "counter_example": {
    "target_side": "STATIC_TRUE_DYNAMIC_FALSE",
    "concrete_property_value": "Example Attribution",
    "staged_payload": {
      "http_method": "POST",
      "endpoint_path": "/elements/area/density",
      "parameters": {},
      "headers": {
        "Content-Type": "application/json"
      },
      "body": {
        "area": 100,
        "density": 50
      },
      "mime_type": "application/json"
    },
    "staged_payloads": [
      {
        "http_method": "POST",
        "endpoint_path": "/elements/area/density",
        "parameters": {},
        "headers": {
          "Content-Type": "application/json"
        },
        "body": {
          "area": 200,
          "density": 75
        },
        "mime_type": "application/json"
      },
      {
        "http_method": "POST",
        "endpoint_path": "/elements/area/density",
        "parameters": {},
        "headers": {
          "Content-Type": "application/json"
        },
        "body": {
          "area": 50,
          "density": 20
        },
        "mime_type": "application/json"
      },
      {
        "http_method": "POST",
        "endpoint_path": "/elements/area/density",
        "parameters": {},
        "headers": {
          "Content-Type": "application/json"
        },
        "body": {
          "area": 150,
          "density": 60
        },
        "mime_type": "application/json"
      },
      {
        "http_method": "POST",
        "endpoint_path": "/elements/area/density",
        "parameters": {},
        "headers": {
          "Content-Type": "application/json"
        },
        "body": {
          "area": 300,
          "density": 90
        },
        "mime_type": "application/json"
      }
    ],
    "server_actual_response": null
  }
}
2026-05-25 00:24:25,167 - api_testing.prompts.constraint_combination - DEBUG - ConstraintCombination Prompt: 
Target Evaluation Context:
- Endpoint: post-/elements/area/density
- Property: return.attribution.url
- Static Constraint (Specification Registry): and(isURL(return.attribution.url), gt(size_of(return.attribution.url), 0))
- Dynamic Constraint (Observed Traces): and(return.attribution.url == "https://ohsome.org/copyrights",LENGTH(return.attribution.url)==29,return.attribution.url is Url)
- Maximum Counter-Example Test Cases: 5

2026-05-25 00:24:26,924 - api_testing.prompts.constraint_combination - DEBUG - ConstraintCombination Response: {
  "status": "COMBINED_EQUIVALENT",
  "final_constraint": "and(isURL(return.attribution.url), gt(size_of(return.attribution.url), 0))",
  "reason": "The static constraint requires the return.attribution.url to be a non-empty valid URL, and the dynamic constraint specifies a particular valid URL of length 29. Since the dynamic constraint's specific URL satisfies the static constraint's general requirements, they are semantically equivalent.",
  "counter_example": null
}
2026-05-25 00:24:26,924 - api_testing.prompts.constraint_combination - DEBUG - ConstraintCombination Prompt: 
Target Evaluation Context:
- Endpoint: post-/elements/area/density/groupBy/boundary
- Property: return.attribution.text
- Static Constraint (Specification Registry): gt(size_of(return.attribution.text), 0)
- Dynamic Constraint (Observed Traces): and(return.attribution.text == "\251 OpenStreetMap contributors",LENGTH(return.attribution.text)==28)
- Maximum Counter-Example Test Cases: 5

2026-05-25 00:24:31,930 - api_testing.prompts.constraint_combination - DEBUG - ConstraintCombination Response: {
  "status": "NOT_COMBINED",
  "final_constraint": null,
  "reason": "The static constraint requires the return.attribution.text to have length greater than 0, allowing any non-empty string, while the dynamic constraint fixes return.attribution.text to exactly \"\u0000a9 OpenStreetMap contributors\" with length 28. These constraints are not equivalent because the static allows any non-empty string but the dynamic restricts to a single exact string.",
  "counter_example": {
    "target_side": "STATIC_TRUE_DYNAMIC_FALSE",
    "concrete_property_value": "Example Attribution",
    "staged_payload": {
      "http_method": "POST",
      "endpoint_path": "/elements/area/density/groupBy/boundary",
      "parameters": {},
      "headers": {
        "Content-Type": "application/json"
      },
      "body": {
        "query": "test"
      },
      "mime_type": "application/json"
    },
    "staged_payloads": [
      {
        "http_method": "POST",
        "endpoint_path": "/elements/area/density/groupBy/boundary",
        "parameters": {},
        "headers": {
          "Content-Type": "application/json"
        },
        "body": {
          "query": "test"
        },
        "mime_type": "application/json"
      },
      {
        "http_method": "POST",
        "endpoint_path": "/elements/area/density/groupBy/boundary",
        "parameters": {},
        "headers": {
          "Content-Type": "application/json"
        },
        "body": {
          "query": "another_test"
        },
        "mime_type": "application/json"
      },
      {
        "http_method": "POST",
        "endpoint_path": "/elements/area/density/groupBy/boundary",
        "parameters": {},
        "headers": {
          "Content-Type": "application/json"
        },
        "body": {
          "query": "sample"
        },
        "mime_type": "application/json"
      },
      {
        "http_method": "POST",
        "endpoint_path": "/elements/area/density/groupBy/boundary",
        "parameters": {},
        "headers": {
          "Content-Type": "application/json"
        },
        "body": {
          "query": "example"
        },
        "mime_type": "application/json"
      },
      {
        "http_method": "POST",
        "endpoint_path": "/elements/area/density/groupBy/boundary",
        "parameters": {},
        "headers": {
          "Content-Type": "application/json"
        },
        "body": {
          "query": "test_case"
        },
        "mime_type": "application/json"
      }
    ],
    "server_actual_response": null
  }
}
2026-05-25 00:24:31,930 - api_testing.prompts.constraint_combination - DEBUG - ConstraintCombination Prompt: 
Target Evaluation Context:
- Endpoint: post-/elements/area/density/groupBy/boundary
- Property: return.attribution.url
- Static Constraint (Specification Registry): and(isURL(return.attribution.url), gt(size_of(return.attribution.url), 0))
- Dynamic Constraint (Observed Traces): and(return.attribution.url == "https://ohsome.org/copyrights",LENGTH(return.attribution.url)==29,return.attribution.url is Url)
- Maximum Counter-Example Test Cases: 5

2026-05-25 00:24:33,503 - api_testing.prompts.constraint_combination - DEBUG - ConstraintCombination Response: {
  "status": "COMBINED_EQUIVALENT",
  "final_constraint": "and(isURL(return.attribution.url), gt(size_of(return.attribution.url), 0))",
  "reason": "The static constraint requires the return.attribution.url to be a non-empty valid URL, and the dynamic constraint specifies a particular valid URL of length 29. Since the dynamic constraint is a specific instance that satisfies the static constraint, they are semantically equivalent in terms of validity and non-emptiness.",
  "counter_example": null
}
2026-05-25 00:24:33,503 - api_testing.prompts.constraint_combination - DEBUG - ConstraintCombination Prompt: 
Target Evaluation Context:
- Endpoint: post-/elements/area/density/groupBy/boundary
- Property: return.metadata.description
- Static Constraint (Specification Registry): gt(size_of(return.metadata.description), 0)
- Dynamic Constraint (Observed Traces): and(return.metadata.description == "Density of selected items (area of items in square meters divided by the area in square kilometers).",LENGTH(return.metadata.description)==100)
- Maximum Counter-Example Test Cases: 5

2026-05-25 00:24:36,897 - api_testing.prompts.constraint_combination - DEBUG - ConstraintCombination Response: {
  "status": "NOT_COMBINED",
  "final_constraint": null,
  "reason": "The static constraint requires the description length to be greater than 0, while the dynamic constraint requires the description to be exactly a specific string of length 100. These constraints are not equivalent because the static allows any non-empty string, but the dynamic requires a precise fixed string, which is narrower and incompatible.",
  "counter_example": {
    "target_side": "DYNAMIC_TRUE_STATIC_FALSE",
    "concrete_property_value": "Density of selected items (area of items in square meters divided by the area in square kilometers).",
    "staged_payload": {
      "http_method": "POST",
      "endpoint_path": "/elements/area/density/groupBy/boundary",
      "parameters": {},
      "headers": {
        "Content-Type": "application/json"
      },
      "body": {
        "someParameter": "someValue"
      },
      "mime_type": "application/json"
    },
    "staged_payloads": [
      {
        "http_method": "POST",
        "endpoint_path": "/elements/area/density/groupBy/boundary",
        "parameters": {},
        "headers": {
          "Content-Type": "application/json"
        },
        "body": {
          "someParameter": "someValue"
        },
        "mime_type": "application/json"
      },
      {
        "http_method": "POST",
        "endpoint_path": "/elements/area/density/groupBy/boundary",
        "parameters": {},
        "headers": {
          "Content-Type": "application/json"
        },
        "body": {
          "someParameter": "differentValue"
        },
        "mime_type": "application/json"
      },
      {
        "http_method": "POST",
        "endpoint_path": "/elements/area/density/groupBy/boundary",
        "parameters": {},
        "headers": {
          "Content-Type": "application/json"
        },
        "body": {
          "someParameter": "anotherValue"
        },
        "mime_type": "application/json"
      },
      {
        "http_method": "POST",
        "endpoint_path": "/elements/area/density/groupBy/boundary",
        "parameters": {},
        "headers": {
          "Content-Type": "application/json"
        },
        "body": {
          "someParameter": "valueX"
        },
        "mime_type": "application/json"
      },
      {
        "http_method": "POST",
        "endpoint_path": "/elements/area/density/groupBy/boundary",
        "parameters": {},
        "headers": {
          "Content-Type": "application/json"
        },
        "body": {
          "someParameter": "valueY"
        },
        "mime_type": "application/json"
      }
    ],
    "server_actual_response": null
  }
}
2026-05-25 00:24:36,897 - api_testing.prompts.constraint_combination - DEBUG - ConstraintCombination Prompt: 
Target Evaluation Context:
- Endpoint: post-/elements/area/density/groupBy/boundary
- Property: return.type
- Static Constraint (Specification Registry): and(gt(size_of(return.type), 0),eq(return.type, input.format))
- Dynamic Constraint (Observed Traces): and(return.type == "FeatureCollection",LENGTH(return.type)==17)
- Maximum Counter-Example Test Cases: 5

2026-05-25 00:24:42,618 - api_testing.prompts.constraint_combination - DEBUG - ConstraintCombination Response: {
  "status": "NOT_COMBINED",
  "final_constraint": null,
  "reason": "The static constraint requires the return.type to be equal to the input.format and have a size greater than 0, while the dynamic constraint fixes return.type to the string 'FeatureCollection' with a length of 17. These constraints conflict because the static constraint allows any non-empty string equal to input.format, but the dynamic constraint restricts return.type to a specific fixed string, which may not match input.format.",
  "counter_example": {
    "target_side": "STATIC_TRUE_DYNAMIC_FALSE",
    "concrete_property_value": "GeoJSON",
    "staged_payload": {
      "http_method": "POST",
      "endpoint_path": "/elements/area/density/groupBy/boundary",
      "parameters": {},
      "headers": {
        "Content-Type": "application/json"
      },
      "body": {
        "format": "GeoJSON",
        "otherData": "example"
      },
      "mime_type": "application/json"
    },
    "staged_payloads": [
      {
        "http_method": "POST",
        "endpoint_path": "/elements/area/density/groupBy/boundary",
        "parameters": {},
        "headers": {
          "Content-Type": "application/json"
        },
        "body": {
          "format": "GeoJSON",
          "otherData": "test1"
        },
        "mime_type": "application/json"
      },
      {
        "http_method": "POST",
        "endpoint_path": "/elements/area/density/groupBy/boundary",
        "parameters": {},
        "headers": {
          "Content-Type": "application/json"
        },
        "body": {
          "format": "KML",
          "otherData": "test2"
        },
        "mime_type": "application/json"
      },
      {
        "http_method": "POST",
        "endpoint_path": "/elements/area/density/groupBy/boundary",
        "parameters": {},
        "headers": {
          "Content-Type": "application/json"
        },
        "body": {
          "format": "GeoJSON",
          "otherData": "test3"
        },
        "mime_type": "application/json"
      },
      {
        "http_method": "POST",
        "endpoint_path": "/elements/area/density/groupBy/boundary",
        "parameters": {},
        "headers": {
          "Content-Type": "application/json"
        },
        "body": {
          "format": "XML",
          "otherData": "test4"
        },
        "mime_type": "application/json"
      },
      {
        "http_method": "POST",
        "endpoint_path": "/elements/area/density/groupBy/boundary",
        "parameters": {},
        "headers": {
          "Content-Type": "application/json"
        },
        "body": {
          "format": "GeoJSON",
          "otherData": "test5"
        },
        "mime_type": "application/json"
      }
    ],
    "server_actual_response": null
  }
}
2026-05-25 00:24:42,618 - api_testing.prompts.constraint_combination - DEBUG - ConstraintCombination Prompt: 
Target Evaluation Context:
- Endpoint: post-/elements/area/density/groupBy/boundary/groupBy/tag
- Property: return.attribution.text
- Static Constraint (Specification Registry): gt(size_of(return.attribution.text), 0)
- Dynamic Constraint (Observed Traces): and(return.attribution.text == "\251 OpenStreetMap contributors",LENGTH(return.attribution.text)==28)
- Maximum Counter-Example Test Cases: 5

2026-05-25 00:24:47,147 - api_testing.prompts.constraint_combination - DEBUG - ConstraintCombination Response: {
  "status": "NOT_COMBINED",
  "final_constraint": null,
  "reason": "The static constraint requires the return.attribution.text to have length greater than 0, while the dynamic constraint fixes return.attribution.text to exactly \"\u0000a9 OpenStreetMap contributors\" with length 28. The static constraint allows any non-empty string, but the dynamic constraint restricts it to a single exact value, causing a conflict.",
  "counter_example": {
    "target_side": "STATIC_TRUE_DYNAMIC_FALSE",
    "concrete_property_value": "\"Example Attribution\"",
    "staged_payload": {
      "http_method": "POST",
      "endpoint_path": "/elements/area/density/groupBy/boundary/groupBy/tag",
      "parameters": {},
      "headers": {
        "Content-Type": "application/json"
      },
      "body": {
        "someInputParameter": "testValue1"
      },
      "mime_type": "application/json"
    },
    "staged_payloads": [
      {
        "http_method": "POST",
        "endpoint_path": "/elements/area/density/groupBy/boundary/groupBy/tag",
        "parameters": {},
        "headers": {
          "Content-Type": "application/json"
        },
        "body": {
          "someInputParameter": "testValue1"
        },
        "mime_type": "application/json"
      },
      {
        "http_method": "POST",
        "endpoint_path": "/elements/area/density/groupBy/boundary/groupBy/tag",
        "parameters": {},
        "headers": {
          "Content-Type": "application/json"
        },
        "body": {
          "someInputParameter": "testValue2"
        },
        "mime_type": "application/json"
      },
      {
        "http_method": "POST",
        "endpoint_path": "/elements/area/density/groupBy/boundary/groupBy/tag",
        "parameters": {},
        "headers": {
          "Content-Type": "application/json"
        },
        "body": {
          "someInputParameter": "testValue3"
        },
        "mime_type": "application/json"
      },
      {
        "http_method": "POST",
        "endpoint_path": "/elements/area/density/groupBy/boundary/groupBy/tag",
        "parameters": {},
        "headers": {
          "Content-Type": "application/json"
        },
        "body": {
          "someInputParameter": "testValue4"
        },
        "mime_type": "application/json"
      },
      {
        "http_method": "POST",
        "endpoint_path": "/elements/area/density/groupBy/boundary/groupBy/tag",
        "parameters": {},
        "headers": {
          "Content-Type": "application/json"
        },
        "body": {
          "someInputParameter": "testValue5"
        },
        "mime_type": "application/json"
      }
    ],
    "server_actual_response": null
  }
}
2026-05-25 00:24:47,147 - api_testing.prompts.constraint_combination - DEBUG - ConstraintCombination Prompt: 
Target Evaluation Context:
- Endpoint: post-/elements/area/density/groupBy/boundary/groupBy/tag
- Property: return.attribution.url
- Static Constraint (Specification Registry): and(isURL(return.attribution.url), gt(size_of(return.attribution.url), 0))
- Dynamic Constraint (Observed Traces): and(return.attribution.url == "https://ohsome.org/copyrights",LENGTH(return.attribution.url)==29,return.attribution.url is Url)
- Maximum Counter-Example Test Cases: 5

2026-05-25 00:24:48,632 - api_testing.prompts.constraint_combination - DEBUG - ConstraintCombination Response: {
  "status": "COMBINED_EQUIVALENT",
  "final_constraint": "and(isURL(return.attribution.url), gt(size_of(return.attribution.url), 0))",
  "reason": "The static constraint requires the property to be a non-empty URL, and the dynamic constraint specifies a concrete URL value that is a valid URL and non-empty. Both constraints are semantically equivalent as the dynamic constraint is a specific instance satisfying the static constraint.",
  "counter_example": null
}
2026-05-25 00:24:48,632 - api_testing.prompts.constraint_combination - DEBUG - ConstraintCombination Prompt: 
Target Evaluation Context:
- Endpoint: post-/elements/area/density/groupBy/boundary/groupBy/tag
- Property: return.metadata.description
- Static Constraint (Specification Registry): gt(size_of(return.metadata.description), 0)
- Dynamic Constraint (Observed Traces): return.metadata.description == "Density of selected items (area of items in square meters divided by the area in square kilometers), aggregated on the boundary and on the tag."
- Maximum Counter-Example Test Cases: 5

2026-05-25 00:24:53,581 - api_testing.prompts.constraint_combination - DEBUG - ConstraintCombination Response: {
  "status": "NOT_COMBINED",
  "final_constraint": null,
  "reason": "The static constraint requires the description to be any non-empty string, while the dynamic constraint fixes the description to a single exact string. These constraints are not equivalent because the dynamic constraint is narrower and incompatible with the static constraint's allowance of any non-empty string.",
  "counter_example": {
    "target_side": "DYNAMIC_TRUE_STATIC_FALSE",
    "concrete_property_value": "Density of selected items (area of items in square meters divided by the area in square kilometers), aggregated on the boundary and on the tag.",
    "staged_payload": {
      "http_method": "POST",
      "endpoint_path": "/elements/area/density/groupBy/boundary/groupBy/tag",
      "parameters": {},
      "headers": {
        "Content-Type": "application/json"
      },
      "body": {
        "filter": "all",
        "boundary": "regionA",
        "tag": "type1"
      },
      "mime_type": "application/json"
    },
    "staged_payloads": [
      {
        "http_method": "POST",
        "endpoint_path": "/elements/area/density/groupBy/boundary/groupBy/tag",
        "parameters": {},
        "headers": {
          "Content-Type": "application/json"
        },
        "body": {
          "filter": "all",
          "boundary": "regionB",
          "tag": "type2"
        },
        "mime_type": "application/json"
      },
      {
        "http_method": "POST",
        "endpoint_path": "/elements/area/density/groupBy/boundary/groupBy/tag",
        "parameters": {},
        "headers": {
          "Content-Type": "application/json"
        },
        "body": {
          "filter": "recent",
          "boundary": "regionA",
          "tag": "type1"
        },
        "mime_type": "application/json"
      },
      {
        "http_method": "POST",
        "endpoint_path": "/elements/area/density/groupBy/boundary/groupBy/tag",
        "parameters": {},
        "headers": {
          "Content-Type": "application/json"
        },
        "body": {
          "filter": "recent",
          "boundary": "regionC",
          "tag": "type3"
        },
        "mime_type": "application/json"
      },
      {
        "http_method": "POST",
        "endpoint_path": "/elements/area/density/groupBy/boundary/groupBy/tag",
        "parameters": {},
        "headers": {
          "Content-Type": "application/json"
        },
        "body": {
          "filter": "all",
          "boundary": "regionD",
          "tag": "type4"
        },
        "mime_type": "application/json"
      }
    ],
    "server_actual_response": null
  }
}
2026-05-25 00:24:53,581 - api_testing.prompts.constraint_combination - DEBUG - ConstraintCombination Prompt: 
Target Evaluation Context:
- Endpoint: post-/elements/area/density/groupBy/boundary/groupBy/tag
- Property: return.type
- Static Constraint (Specification Registry): gt(size_of(return.type), 0)
- Dynamic Constraint (Observed Traces): and(return.type == "FeatureCollection",LENGTH(return.type)==17)
- Maximum Counter-Example Test Cases: 5

2026-05-25 00:24:58,637 - api_testing.prompts.constraint_combination - DEBUG - ConstraintCombination Response: {
  "status": "NOT_COMBINED",
  "final_constraint": null,
  "reason": "The static constraint requires the return.type string length to be greater than 0, which allows any non-empty string. The dynamic constraint requires return.type to be exactly the string 'FeatureCollection' with length 17. These constraints are not equivalent because the static constraint permits many other non-empty strings, while the dynamic constraint restricts to a single exact string value.",
  "counter_example": {
    "target_side": "DYNAMIC_TRUE_STATIC_FALSE",
    "concrete_property_value": "FeatureCollection",
    "staged_payload": {
      "http_method": "POST",
      "endpoint_path": "/elements/area/density/groupBy/boundary/groupBy/tag",
      "parameters": {},
      "headers": {
        "Content-Type": "application/json"
      },
      "body": {
        "test_case": "dynamic constraint exact match"
      },
      "mime_type": "application/json"
    },
    "staged_payloads": [
      {
        "http_method": "POST",
        "endpoint_path": "/elements/area/density/groupBy/boundary/groupBy/tag",
        "parameters": {},
        "headers": {
          "Content-Type": "application/json"
        },
        "body": {
          "test_case": "static constraint allows other non-empty strings",
          "override_return_type": "NonEmptyString"
        },
        "mime_type": "application/json"
      },
      {
        "http_method": "POST",
        "endpoint_path": "/elements/area/density/groupBy/boundary/groupBy/tag",
        "parameters": {},
        "headers": {
          "Content-Type": "application/json"
        },
        "body": {
          "test_case": "static constraint allows minimal non-empty string",
          "override_return_type": "A"
        },
        "mime_type": "application/json"
      },
      {
        "http_method": "POST",
        "endpoint_path": "/elements/area/density/groupBy/boundary/groupBy/tag",
        "parameters": {},
        "headers": {
          "Content-Type": "application/json"
        },
        "body": {
          "test_case": "static constraint allows different string",
          "override_return_type": "FeatureCollectionX"
        },
        "mime_type": "application/json"
      },
      {
        "http_method": "POST",
        "endpoint_path": "/elements/area/density/groupBy/boundary/groupBy/tag",
        "parameters": {},
        "headers": {
          "Content-Type": "application/json"
        },
        "body": {
          "test_case": "static constraint allows other string",
          "override_return_type": "Feature"
        },
        "mime_type": "application/json"
      }
    ],
    "server_actual_response": null
  }
}
2026-05-25 00:24:58,637 - api_testing.prompts.constraint_combination - DEBUG - ConstraintCombination Prompt: 
Target Evaluation Context:
- Endpoint: post-/elements/area/density/groupBy/tag
- Property: return.attribution.text
- Static Constraint (Specification Registry): gt(size_of(return.attribution.text), 0)
- Dynamic Constraint (Observed Traces): and(return.attribution.text == "\251 OpenStreetMap contributors",LENGTH(return.attribution.text)==28)
- Maximum Counter-Example Test Cases: 5

2026-05-25 00:25:01,468 - api_testing.prompts.constraint_combination - DEBUG - ConstraintCombination Response: {
  "status": "NOT_COMBINED",
  "final_constraint": null,
  "reason": "The static constraint requires the return.attribution.text to have length greater than 0, allowing any non-empty string, while the dynamic constraint fixes return.attribution.text to exactly \"\u0000a9 OpenStreetMap contributors\" with length 28. These constraints are not equivalent because the static allows any non-empty string, but the dynamic requires a specific fixed string, causing a conflict.",
  "counter_example": {
    "target_side": "STATIC_TRUE_DYNAMIC_FALSE",
    "concrete_property_value": "Example Attribution",
    "staged_payload": {
      "http_method": "POST",
      "endpoint_path": "/elements/area/density/groupBy/tag",
      "parameters": {},
      "headers": {
        "Content-Type": "application/json"
      },
      "body": {
        "someInputParameter": "testValue1"
      },
      "mime_type": "application/json"
    },
    "staged_payloads": [
      {
        "http_method": "POST",
        "endpoint_path": "/elements/area/density/groupBy/tag",
        "parameters": {},
        "headers": {
          "Content-Type": "application/json"
        },
        "body": {
          "someInputParameter": "testValue1"
        },
        "mime_type": "application/json"
      },
      {
        "http_method": "POST",
        "endpoint_path": "/elements/area/density/groupBy/tag",
        "parameters": {},
        "headers": {
          "Content-Type": "application/json"
        },
        "body": {
          "someInputParameter": "differentValue"
        },
        "mime_type": "application/json"
      },
      {
        "http_method": "POST",
        "endpoint_path": "/elements/area/density/groupBy/tag",
        "parameters": {},
        "headers": {
          "Content-Type": "application/json"
        },
        "body": {
          "someInputParameter": "anotherTest"
        },
        "mime_type": "application/json"
      }
    ],
    "server_actual_response": null
  }
}
2026-05-25 00:25:01,468 - api_testing.prompts.constraint_combination - DEBUG - ConstraintCombination Prompt: 
Target Evaluation Context:
- Endpoint: post-/elements/area/density/groupBy/tag
- Property: return.attribution.url
- Static Constraint (Specification Registry): and(isURL(return.attribution.url), gt(size_of(return.attribution.url), 0))
- Dynamic Constraint (Observed Traces): and(return.attribution.url == "https://ohsome.org/copyrights",LENGTH(return.attribution.url)==29,return.attribution.url is Url)
- Maximum Counter-Example Test Cases: 5

2026-05-25 00:25:03,049 - api_testing.prompts.constraint_combination - DEBUG - ConstraintCombination Response: {
  "status": "COMBINED_EQUIVALENT",
  "final_constraint": "and(isURL(return.attribution.url), gt(size_of(return.attribution.url), 0))",
  "reason": "The static constraint requires the return.attribution.url to be a valid URL with length greater than 0. The dynamic constraint specifies a concrete URL 'https://ohsome.org/copyrights' which is a valid URL and has length 29, satisfying the static constraints. Both constraints are semantically equivalent in enforcing a valid non-empty URL.",
  "counter_example": null
}
2026-05-25 00:25:03,049 - api_testing.prompts.constraint_combination - DEBUG - ConstraintCombination Prompt: 
Target Evaluation Context:
- Endpoint: post-/elements/area/density/groupBy/tag
- Property: return.groupByResult[].result[].value
- Static Constraint (Specification Registry): true
- Dynamic Constraint (Observed Traces): return.groupByResult.result.value >= 0.0
- Maximum Counter-Example Test Cases: 5

2026-05-25 00:25:06,307 - api_testing.prompts.constraint_combination - DEBUG - ConstraintCombination Response: {
  "status": "NOT_COMBINED",
  "final_constraint": null,
  "reason": "The static constraint allows any value (true), while the dynamic constraint requires the value to be >= 0.0. These constraints are not equivalent because the static constraint does not restrict negative values, but the dynamic constraint does.",
  "counter_example": {
    "target_side": "DYNAMIC_TRUE_STATIC_FALSE",
    "concrete_property_value": -1.0,
    "staged_payload": {
      "http_method": "POST",
      "endpoint_path": "/elements/area/density/groupBy/tag",
      "parameters": {},
      "headers": {
        "Content-Type": "application/json"
      },
      "body": {
        "filter": "test",
        "groupBy": "tag"
      },
      "mime_type": "application/json"
    },
    "staged_payloads": [
      {
        "http_method": "POST",
        "endpoint_path": "/elements/area/density/groupBy/tag",
        "parameters": {},
        "headers": {
          "Content-Type": "application/json"
        },
        "body": {
          "filter": "negativeValueTest1",
          "groupBy": "tag"
        },
        "mime_type": "application/json"
      },
      {
        "http_method": "POST",
        "endpoint_path": "/elements/area/density/groupBy/tag",
        "parameters": {},
        "headers": {
          "Content-Type": "application/json"
        },
        "body": {
          "filter": "negativeValueTest2",
          "groupBy": "tag"
        },
        "mime_type": "application/json"
      },
      {
        "http_method": "POST",
        "endpoint_path": "/elements/area/density/groupBy/tag",
        "parameters": {},
        "headers": {
          "Content-Type": "application/json"
        },
        "body": {
          "filter": "negativeValueTest3",
          "groupBy": "tag"
        },
        "mime_type": "application/json"
      },
      {
        "http_method": "POST",
        "endpoint_path": "/elements/area/density/groupBy/tag",
        "parameters": {},
        "headers": {
          "Content-Type": "application/json"
        },
        "body": {
          "filter": "negativeValueTest4",
          "groupBy": "tag"
        },
        "mime_type": "application/json"
      }
    ],
    "server_actual_response": null
  }
}
2026-05-25 00:25:06,307 - api_testing.prompts.constraint_combination - DEBUG - ConstraintCombination Prompt: 
Target Evaluation Context:
- Endpoint: post-/elements/area/density/groupBy/type
- Property: return.attribution.url
- Static Constraint (Specification Registry): and(isURL(return.attribution.url), gt(size_of(return.attribution.url), 0))
- Dynamic Constraint (Observed Traces): return.attribution.url is Url
- Maximum Counter-Example Test Cases: 5

2026-05-25 00:25:07,862 - api_testing.prompts.constraint_combination - DEBUG - ConstraintCombination Response: {
  "status": "COMBINED_EQUIVALENT",
  "final_constraint": "and(isURL(return.attribution.url), gt(size_of(return.attribution.url), 0))",
  "reason": "The static constraint requires the return.attribution.url to be a URL and have a size greater than 0, which semantically implies it must be a non-empty URL string. The dynamic constraint states return.attribution.url is a URL, which inherently implies it is non-empty. Therefore, both constraints are semantically equivalent.",
  "counter_example": null
}
2026-05-25 00:25:07,862 - api_testing.prompts.constraint_combination - DEBUG - ConstraintCombination Prompt: 
Target Evaluation Context:
- Endpoint: post-/elements/area/density/groupBy/type
- Property: return.groupByResult[].result[].value
- Static Constraint (Specification Registry): true
- Dynamic Constraint (Observed Traces): return.groupByResult.result.value >= 0.0
- Maximum Counter-Example Test Cases: 5

2026-05-25 00:25:11,194 - api_testing.prompts.constraint_combination - DEBUG - ConstraintCombination Response: {
  "status": "NOT_COMBINED",
  "final_constraint": null,
  "reason": "The static constraint allows any value (true), while the dynamic constraint requires the value to be >= 0.0. These constraints are not equivalent because the static constraint does not restrict negative values, but the dynamic constraint does.",
  "counter_example": {
    "target_side": "DYNAMIC_TRUE_STATIC_FALSE",
    "concrete_property_value": -1.0,
    "staged_payload": {
      "http_method": "POST",
      "endpoint_path": "/elements/area/density/groupBy/type",
      "parameters": {},
      "headers": {
        "Content-Type": "application/json"
      },
      "body": {
        "filter": {
          "type": "testNegativeValue"
        }
      },
      "mime_type": "application/json"
    },
    "staged_payloads": [
      {
        "http_method": "POST",
        "endpoint_path": "/elements/area/density/groupBy/type",
        "parameters": {},
        "headers": {
          "Content-Type": "application/json"
        },
        "body": {
          "filter": {
            "type": "testNegativeValue"
          }
        },
        "mime_type": "application/json"
      },
      {
        "http_method": "POST",
        "endpoint_path": "/elements/area/density/groupBy/type",
        "parameters": {},
        "headers": {
          "Content-Type": "application/json"
        },
        "body": {
          "filter": {
            "type": "allowNegative"
          }
        },
        "mime_type": "application/json"
      },
      {
        "http_method": "POST",
        "endpoint_path": "/elements/area/density/groupBy/type",
        "parameters": {},
        "headers": {
          "Content-Type": "application/json"
        },
        "body": {
          "filter": {
            "value": "-0.5"
          }
        },
        "mime_type": "application/json"
      },
      {
        "http_method": "POST",
        "endpoint_path": "/elements/area/density/groupBy/type",
        "parameters": {},
        "headers": {
          "Content-Type": "application/json"
        },
        "body": {
          "filter": {
            "value": "-100"
          }
        },
        "mime_type": "application/json"
      },
      {
        "http_method": "POST",
        "endpoint_path": "/elements/area/density/groupBy/type",
        "parameters": {},
        "headers": {
          "Content-Type": "application/json"
        },
        "body": {
          "filter": {
            "value": "-0.0001"
          }
        },
        "mime_type": "application/json"
      }
    ],
    "server_actual_response": null
  }
}
2026-05-25 00:25:11,194 - api_testing.prompts.constraint_combination - DEBUG - ConstraintCombination Prompt: 
Target Evaluation Context:
- Endpoint: post-/elements/area/groupBy/boundary
- Property: return.attribution.text
- Static Constraint (Specification Registry): gt(size_of(return.attribution.text), 0)
- Dynamic Constraint (Observed Traces): and(return.attribution.text == "\251 OpenStreetMap contributors",LENGTH(return.attribution.text)==28)
- Maximum Counter-Example Test Cases: 5

2026-05-25 00:25:14,268 - api_testing.prompts.constraint_combination - DEBUG - ConstraintCombination Response: {
  "status": "NOT_COMBINED",
  "final_constraint": null,
  "reason": "The static constraint requires the return.attribution.text to have length greater than 0, allowing any non-empty string, while the dynamic constraint fixes return.attribution.text to exactly \"\u0000a9 OpenStreetMap contributors\" with length 28. These constraints are not equivalent because the dynamic constraint is narrower and incompatible with other possible non-empty strings allowed by the static constraint.",
  "counter_example": {
    "target_side": "DYNAMIC_TRUE_STATIC_FALSE",
    "concrete_property_value": "Example text",
    "staged_payload": {
      "http_method": "POST",
      "endpoint_path": "/elements/area/groupBy/boundary",
      "parameters": {},
      "headers": {
        "Content-Type": "application/json"
      },
      "body": {
        "example_input": "test"
      },
      "mime_type": "application/json"
    },
    "staged_payloads": [
      {
        "http_method": "POST",
        "endpoint_path": "/elements/area/groupBy/boundary",
        "parameters": {},
        "headers": {
          "Content-Type": "application/json"
        },
        "body": {
          "example_input": "test1"
        },
        "mime_type": "application/json"
      },
      {
        "http_method": "POST",
        "endpoint_path": "/elements/area/groupBy/boundary",
        "parameters": {},
        "headers": {
          "Content-Type": "application/json"
        },
        "body": {
          "example_input": "test2"
        },
        "mime_type": "application/json"
      },
      {
        "http_method": "POST",
        "endpoint_path": "/elements/area/groupBy/boundary",
        "parameters": {},
        "headers": {
          "Content-Type": "application/json"
        },
        "body": {
          "example_input": "test3"
        },
        "mime_type": "application/json"
      },
      {
        "http_method": "POST",
        "endpoint_path": "/elements/area/groupBy/boundary",
        "parameters": {},
        "headers": {
          "Content-Type": "application/json"
        },
        "body": {
          "example_input": "test4"
        },
        "mime_type": "application/json"
      }
    ],
    "server_actual_response": null
  }
}
2026-05-25 00:25:14,268 - api_testing.prompts.constraint_combination - DEBUG - ConstraintCombination Prompt: 
Target Evaluation Context:
- Endpoint: post-/elements/area/groupBy/boundary
- Property: return.attribution.url
- Static Constraint (Specification Registry): and(isURL(return.attribution.url), gt(size_of(return.attribution.url), 0))
- Dynamic Constraint (Observed Traces): and(return.attribution.url == "https://ohsome.org/copyrights",LENGTH(return.attribution.url)==29,return.attribution.url is Url)
- Maximum Counter-Example Test Cases: 5

2026-05-25 00:25:15,807 - api_testing.prompts.constraint_combination - DEBUG - ConstraintCombination Response: {
  "status": "COMBINED_EQUIVALENT",
  "final_constraint": "and(isURL(return.attribution.url), gt(size_of(return.attribution.url), 0))",
  "reason": "The static constraint requires the return.attribution.url to be a non-empty valid URL, and the dynamic constraint confirms the value is a specific valid URL of length 29. Both constraints are semantically equivalent in enforcing a valid, non-empty URL.",
  "counter_example": null
}
2026-05-25 00:25:15,807 - api_testing.prompts.constraint_combination - DEBUG - ConstraintCombination Prompt: 
Target Evaluation Context:
- Endpoint: post-/elements/area/groupBy/boundary
- Property: return.metadata.description
- Static Constraint (Specification Registry): gt(size_of(return.metadata.description), 0)
- Dynamic Constraint (Observed Traces): and(return.metadata.description == "Total area of items in square meters.",LENGTH(return.metadata.description)==37)
- Maximum Counter-Example Test Cases: 5

2026-05-25 00:25:20,514 - api_testing.prompts.constraint_combination - DEBUG - ConstraintCombination Response: {
  "status": "NOT_COMBINED",
  "final_constraint": null,
  "reason": "The static constraint requires the description length to be greater than 0, allowing any non-empty string, while the dynamic constraint fixes the description exactly to 'Total area of items in square meters.' with length 37. These constraints are not equivalent because the static allows any non-empty string, but the dynamic requires a specific string.",
  "counter_example": {
    "target_side": "DYNAMIC_TRUE_STATIC_FALSE",
    "concrete_property_value": "Example description",
    "staged_payload": {
      "http_method": "POST",
      "endpoint_path": "/elements/area/groupBy/boundary",
      "parameters": {},
      "headers": {
        "Content-Type": "application/json"
      },
      "body": {
        "groupBy": "boundary",
        "elements": [
          "element1",
          "element2"
        ]
      },
      "mime_type": "application/json"
    },
    "staged_payloads": [
      {
        "http_method": "POST",
        "endpoint_path": "/elements/area/groupBy/boundary",
        "parameters": {},
        "headers": {
          "Content-Type": "application/json"
        },
        "body": {
          "groupBy": "boundary",
          "elements": [
            "elementA",
            "elementB"
          ]
        },
        "mime_type": "application/json"
      },
      {
        "http_method": "POST",
        "endpoint_path": "/elements/area/groupBy/boundary",
        "parameters": {},
        "headers": {
          "Content-Type": "application/json"
        },
        "body": {
          "groupBy": "boundary",
          "elements": [
            "elementX"
          ]
        },
        "mime_type": "application/json"
      },
      {
        "http_method": "POST",
        "endpoint_path": "/elements/area/groupBy/boundary",
        "parameters": {},
        "headers": {
          "Content-Type": "application/json"
        },
        "body": {
          "groupBy": "boundary",
          "elements": []
        },
        "mime_type": "application/json"
      },
      {
        "http_method": "POST",
        "endpoint_path": "/elements/area/groupBy/boundary",
        "parameters": {},
        "headers": {
          "Content-Type": "application/json"
        },
        "body": {
          "groupBy": "boundary",
          "elements": [
            "elementY",
            "elementZ",
            "elementW"
          ]
        },
        "mime_type": "application/json"
      }
    ],
    "server_actual_response": null
  }
}
2026-05-25 00:25:20,521 - api_testing.prompts.constraint_combination - DEBUG - Combined constraints saved to C:\Users\Admin\Desktop\API-Testing\.cache\ohsome\combine_constraint_miners.json
2026-05-25 00:27:50,732 - api_testing.constraint.constraint_combiner - DEBUG - Combined constraints saved to C:\Users\Admin\AppData\Local\Temp\pytest-of-Admin\pytest-36\test_combiner_matches_array_pr0\combine_constraint_miners.json
2026-05-25 00:27:50,735 - api_testing.constraint.constraint_combiner - DEBUG - Combined constraints saved to C:\Users\Admin\AppData\Local\Temp\pytest-of-Admin\pytest-36\test_combiner_keeps_non_equiva0\combine_constraint_miners.json
2026-05-25 00:27:50,737 - api_testing.prompts.constraint_combination - DEBUG - ConstraintCombination Prompt: 
Target Evaluation Context:
- Endpoint: get-/things
- Property: return.id
- Static Constraint (Specification Registry): gt(return.id, 0)
- Dynamic Constraint (Observed Traces): return.id >= 1
- Maximum Counter-Example Test Cases: 5

2026-05-25 00:27:50,737 - api_testing.prompts.constraint_combination - DEBUG - ConstraintCombination Response: {
  "status": "COMBINED_EQUIVALENT",
  "final_constraint": "gt(return.id, 0)",
  "reason": "Integer lower bounds are equivalent.",
  "counter_example": null
}
2026-05-25 00:27:50,737 - api_testing.prompts.constraint_combination - DEBUG - Combined constraints saved to C:\Users\Admin\AppData\Local\Temp\pytest-of-Admin\pytest-36\test_combiner_uses_model_for_n0\combine_constraint_miners.json
2026-05-25 00:27:50,739 - api_testing.prompts.constraint_combination - DEBUG - ConstraintCombination Prompt: 
Target Evaluation Context:
- Endpoint: get-/things
- Property: return.count
- Static Constraint (Specification Registry): gte(return.count, 0)
- Dynamic Constraint (Observed Traces): eq(return.count, 5)
- Maximum Counter-Example Test Cases: 5

2026-05-25 00:27:50,739 - api_testing.prompts.constraint_combination - DEBUG - ConstraintCombination Response: {
  "status": "NOT_COMBINED",
  "final_constraint": null,
  "reason": "The dynamic equality is narrower than the specification lower bound.",
  "counter_example": {
    "target_side": "STATIC_TRUE_DYNAMIC_FALSE",
    "concrete_property_value": 3,
    "staged_payload": {
      "http_method": "GET",
      "endpoint_path": "/things",
      "parameters": {
        "limit": 3
      }
    },
    "staged_payloads": [
      {
        "http_method": "GET",
        "endpoint_path": "/things",
        "parameters": {
          "limit": 3
        }
      },
      {
        "http_method": "GET",
        "endpoint_path": "/things",
        "parameters": {
          "limit": 4
        }
      }
    ],
    "server_actual_response": null
  }
}
2026-05-25 00:27:50,740 - api_testing.prompts.constraint_combination - DEBUG - Combined constraints saved to C:\Users\Admin\AppData\Local\Temp\pytest-of-Admin\pytest-36\test_combiner_stages_model_det0\combine_constraint_miners.json
2026-05-25 00:27:50,757 - api_testing.constraint.evaluation.engine.evaluator - WARNING - DSL validation failed: (3, 5.0) eq(3, 5.0)
2026-05-25 00:27:50,758 - api_testing.constraint.evaluation.engine.evaluator - WARNING - DSL validation failed: (3, 5.0) eq(3, 5.0)
2026-05-25 00:27:50,793 - api_testing.constraint.evaluation.engine.evaluator - WARNING - DSL validation failed: (3, 5.0) eq(3, 5.0)
2026-05-25 00:27:50,794 - api_testing.constraint.evaluation.engine.evaluator - WARNING - DSL validation failed: (3, 5.0) eq(3, 5.0)
2026-05-25 00:27:50,851 - api_testing.constraint.evaluation.engine.evaluator - WARNING - DSL validation failed: (3, 5.0) eq(3, 5.0)
2026-05-25 00:27:50,899 - api_testing.constraint.evaluation.engine.evaluator - WARNING - DSL validation failed: (3, 5.0) eq(3, 5.0)
2026-05-25 00:27:50,900 - api_testing.constraint.evaluation.engine.evaluator - WARNING - DSL validation failed: (3, 5.0) eq(3, 5.0)
2026-05-25 00:27:50,913 - api_testing.constraint.evaluation.engine.evaluator - WARNING - DSL validation failed: (3, 5.0) eq(3, 5.0)
2026-05-25 00:27:50,999 - api_testing.constraint.evaluation.engine.evaluator - WARNING - DSL validation failed: (None,) exists(None)
2026-05-25 00:27:50,999 - api_testing.constraint.evaluation.engine.evaluator - WARNING - DSL validation failed: (42, None) eq(42, None)
2026-05-25 00:27:51,046 - api_testing.constraint.evaluation.engine.evaluator - WARNING - DSL validation failed: (3, 5.0) eq(3, 5.0)
2026-05-25 00:27:51,046 - api_testing.constraint.evaluation.engine.evaluator - WARNING - DSL validation failed: (3, 5.0) eq(3, 5.0)
2026-05-25 00:27:51,047 - api_testing.constraint.evaluation.engine.evaluator - WARNING - DSL validation failed: (3, 5.0) eq(3, 5.0)
