
  .   ____          _            __ _ _
 /\\ / ___'_ __ _ _(_)_ __  __ _ \ \ \ \
( ( )\___ | '_ | '_| | '_ \/ _` | \ \ \ \
 \\/  ___)| |_)| | | | | || (_| |  ) ) ) )
  '  |____| .__|_| |_|_| |_\__, | / / / /
 =========|_|==============|___/=/_/_/_/
 :: Spring Boot ::        (v2.3.2.RELEASE)

2026-03-25 14:00:59,947 INFO  [eu.fayder.restcountries.Application:55] Starting Application on DESKTOP-LR1QH8H with PID 80416 (E:\ThacSi\docker\autoresttest\services\restcountries\target\restcountries-sut.jar started by Tu Nguyen in E:\ThacSi\docker\autoresttest\services\restcountries)
2026-03-25 14:00:59,951 INFO  [eu.fayder.restcountries.Application:651] No active profile set, falling back to default profiles: default
2026-03-25 14:01:00,784 INFO  [org.jboss.resteasy.springboot.ResteasyEmbeddedServletInitializer:74] Finding JAX-RS Application classes
2026-03-25 14:01:00,790 INFO  [org.jboss.resteasy.springboot.ResteasyEmbeddedServletInitializer:111] Property resteasy.jaxrs.app.registration has been set to property
2026-03-25 14:01:00,792 INFO  [org.jboss.resteasy.springboot.ResteasyEmbeddedServletInitializer:154] Property resteasy.jaxrs.app.classes has been set to eu.fayder.restcountries.servlet.RestApplication
2026-03-25 14:01:00,793 INFO  [org.jboss.resteasy.springboot.ResteasyEmbeddedServletInitializer:99] JAX-RS Application class found: eu.fayder.restcountries.servlet.RestApplication
2026-03-25 14:01:01,322 INFO  [org.springframework.boot.web.embedded.tomcat.TomcatWebServer:108] Tomcat initialized with port(s): 9002 (http)
2026-03-25 14:01:01,418 INFO  [org.springframework.boot.web.servlet.context.ServletWebServerApplicationContext:285] Root WebApplicationContext: initialization completed in 1410 ms
2026-03-25 14:01:01,792 INFO  [org.springframework.scheduling.concurrent.ThreadPoolTaskExecutor:181] Initializing ExecutorService 'applicationTaskExecutor'
2026-03-25 14:01:01,936 INFO  [org.springframework.boot.autoconfigure.web.servlet.WelcomePageHandlerMapping:54] Adding welcome page: ServletContext resource [/index.html]
2026-03-25 14:01:02,734 INFO  [org.jboss.resteasy.resteasy_jaxrs.i18n:160] RESTEASY002225: Deploying javax.ws.rs.core.Application: class eu.fayder.restcountries.servlet.RestApplication
2026-03-25 14:01:02,734 INFO  [org.jboss.resteasy.resteasy_jaxrs.i18n:187] RESTEASY002220: Adding singleton resource eu.fayder.restcountries.v1.rest.CountryRestV1 from Application class eu.fayder.restcountries.servlet.RestApplication
2026-03-25 14:01:02,734 INFO  [org.jboss.resteasy.resteasy_jaxrs.i18n:187] RESTEASY002220: Adding singleton resource eu.fayder.restcountries.v2.rest.CountryRestV2 from Application class eu.fayder.restcountries.servlet.RestApplication
2026-03-25 14:01:02,735 INFO  [org.jboss.resteasy.resteasy_jaxrs.i18n:187] RESTEASY002220: Adding singleton resource eu.fayder.restcountries.v2.rest.StripeRest from Application class eu.fayder.restcountries.servlet.RestApplication
2026-03-25 14:01:02,793 INFO  [org.springframework.boot.web.embedded.tomcat.TomcatWebServer:220] Tomcat started on port(s): 9002 (http) with context path ''
2026-03-25 14:01:02,821 INFO  [eu.fayder.restcountries.Application:61] Started Application in 3.866 seconds (JVM running for 4.453)
2026-03-25 14:01:04,514 INFO  [eu.fayder.restcountries.v2.rest.CountryRestV2:35] Getting all
2026-03-25 14:01:54,438 INFO  [eu.fayder.restcountries.v1.rest.CountryRestV1:40] Getting all
2026-03-25 14:02:23,470 INFO  [eu.fayder.restcountries.v1.rest.CountryRestV1:61] Getting by list LS
2026-03-25 14:02:23,493 INFO  [eu.fayder.restcountries.v1.rest.CountryRestV1:61] Getting by list US
2026-03-25 14:02:23,524 INFO  [eu.fayder.restcountries.v1.rest.CountryRestV1:61] Getting by list MT
2026-03-25 14:02:23,555 INFO  [eu.fayder.restcountries.v1.rest.CountryRestV1:61] Getting by list LC
2026-03-25 14:02:23,586 INFO  [eu.fayder.restcountries.v1.rest.CountryRestV1:61] Getting by list CZ
2026-03-25 14:02:23,592 INFO  [eu.fayder.restcountries.v1.rest.CountryRestV1:61] Getting by list MA
2026-03-25 14:02:23,616 INFO  [eu.fayder.restcountries.v1.rest.CountryRestV1:61] Getting by list GW
2026-03-25 14:02:23,646 INFO  [eu.fayder.restcountries.v1.rest.CountryRestV1:61] Getting by list GT
2026-03-25 14:02:23,677 INFO  [eu.fayder.restcountries.v1.rest.CountryRestV1:61] Getting by list TZ
2026-03-25 14:02:23,709 INFO  [eu.fayder.restcountries.v1.rest.CountryRestV1:61] Getting by list VA
2026-03-25 14:02:23,716 INFO  [eu.fayder.restcountries.v1.rest.CountryRestV1:61] Getting by list QA
2026-03-25 14:02:23,740 INFO  [eu.fayder.restcountries.v1.rest.CountryRestV1:61] Getting by list NE
2026-03-25 14:02:23,771 INFO  [eu.fayder.restcountries.v1.rest.CountryRestV1:61] Getting by list SK
2026-03-25 14:02:23,801 INFO  [eu.fayder.restcountries.v1.rest.CountryRestV1:61] Getting by list ZW
2026-03-25 14:02:23,832 INFO  [eu.fayder.restcountries.v1.rest.CountryRestV1:61] Getting by list SZ
2026-03-25 14:02:23,863 INFO  [eu.fayder.restcountries.v1.rest.CountryRestV1:61] Getting by list LY
2026-03-25 14:02:23,894 INFO  [eu.fayder.restcountries.v1.rest.CountryRestV1:61] Getting by list TZ
2026-03-25 14:02:23,900 INFO  [eu.fayder.restcountries.v1.rest.CountryRestV1:61] Getting by list KG
2026-03-25 14:02:23,925 INFO  [eu.fayder.restcountries.v1.rest.CountryRestV1:61] Getting by list TL
2026-03-25 14:02:23,956 INFO  [eu.fayder.restcountries.v1.rest.CountryRestV1:61] Getting by list MC
2026-03-25 14:02:23,987 INFO  [eu.fayder.restcountries.v1.rest.CountryRestV1:61] Getting by list ID
2026-03-25 14:02:24,018 INFO  [eu.fayder.restcountries.v1.rest.CountryRestV1:61] Getting by list ST
2026-03-25 14:02:24,050 INFO  [eu.fayder.restcountries.v1.rest.CountryRestV1:61] Getting by list NG
2026-03-25 14:02:24,081 INFO  [eu.fayder.restcountries.v1.rest.CountryRestV1:61] Getting by list NE
2026-03-25 14:02:24,112 INFO  [eu.fayder.restcountries.v1.rest.CountryRestV1:61] Getting by list NR
2026-03-25 14:02:24,143 INFO  [eu.fayder.restcountries.v1.rest.CountryRestV1:61] Getting by list AO
2026-03-25 14:02:24,174 INFO  [eu.fayder.restcountries.v1.rest.CountryRestV1:61] Getting by list CI
2026-03-25 14:02:24,204 INFO  [eu.fayder.restcountries.v1.rest.CountryRestV1:61] Getting by list NZ
2026-03-25 14:02:24,236 INFO  [eu.fayder.restcountries.v1.rest.CountryRestV1:61] Getting by list MT
2026-03-25 14:02:24,244 INFO  [eu.fayder.restcountries.v1.rest.CountryRestV1:61] Getting by list MT
2026-03-25 14:02:24,252 INFO  [eu.fayder.restcountries.v1.rest.CountryRestV1:61] Getting by list LK
2026-03-25 14:02:24,260 INFO  [eu.fayder.restcountries.v1.rest.CountryRestV1:61] Getting by list SZ
2026-03-25 14:02:24,282 INFO  [eu.fayder.restcountries.v1.rest.CountryRestV1:61] Getting by list RS
2026-03-25 14:02:24,292 INFO  [eu.fayder.restcountries.v1.rest.CountryRestV1:61] Getting by list GQ
2026-03-25 14:02:24,313 INFO  [eu.fayder.restcountries.v1.rest.CountryRestV1:61] Getting by list SM
2026-03-25 14:02:24,322 INFO  [eu.fayder.restcountries.v1.rest.CountryRestV1:61] Getting by list GR
2026-03-25 14:02:24,345 INFO  [eu.fayder.restcountries.v1.rest.CountryRestV1:61] Getting by list AT
2026-03-25 14:02:24,377 INFO  [eu.fayder.restcountries.v1.rest.CountryRestV1:61] Getting by list SA
2026-03-25 14:02:24,408 INFO  [eu.fayder.restcountries.v1.rest.CountryRestV1:61] Getting by list CU
2026-03-25 14:02:24,417 INFO  [eu.fayder.restcountries.v1.rest.CountryRestV1:61] Getting by list GE
2026-03-25 14:02:24,440 INFO  [eu.fayder.restcountries.v1.rest.CountryRestV1:61] Getting by list GQ
2026-03-25 14:02:24,451 INFO  [eu.fayder.restcountries.v1.rest.CountryRestV1:61] Getting by list MK
2026-03-25 14:02:24,464 INFO  [eu.fayder.restcountries.v1.rest.CountryRestV1:61] Getting by list TO
2026-03-25 14:02:24,486 INFO  [eu.fayder.restcountries.v1.rest.CountryRestV1:61] Getting by list IN
2026-03-25 14:02:24,497 INFO  [eu.fayder.restcountries.v1.rest.CountryRestV1:61] Getting by list MY
2026-03-25 14:02:24,508 INFO  [eu.fayder.restcountries.v1.rest.CountryRestV1:61] Getting by list BI
2026-03-25 14:02:24,532 INFO  [eu.fayder.restcountries.v1.rest.CountryRestV1:61] Getting by list TO
2026-03-25 14:02:24,563 INFO  [eu.fayder.restcountries.v1.rest.CountryRestV1:61] Getting by list KG
2026-03-25 14:02:24,594 INFO  [eu.fayder.restcountries.v1.rest.CountryRestV1:61] Getting by list WS
2026-03-25 14:02:24,606 INFO  [eu.fayder.restcountries.v1.rest.CountryRestV1:61] Getting by list KW
2026-03-25 14:03:01,824 INFO  [eu.fayder.restcountries.v2.rest.CountryRestV2:35] Getting all
2026-03-25 14:03:01,871 INFO  [eu.fayder.restcountries.v2.rest.CountryRestV2:35] Getting all
2026-03-25 14:03:01,893 INFO  [eu.fayder.restcountries.v2.rest.CountryRestV2:35] Getting all
2026-03-25 14:03:01,933 INFO  [eu.fayder.restcountries.v2.rest.CountryRestV2:35] Getting all
2026-03-25 14:03:01,970 INFO  [eu.fayder.restcountries.v2.rest.CountryRestV2:35] Getting all
2026-03-25 14:03:01,989 INFO  [eu.fayder.restcountries.v2.rest.CountryRestV2:35] Getting all
2026-03-25 14:03:02,006 INFO  [eu.fayder.restcountries.v2.rest.CountryRestV2:35] Getting all
2026-03-25 14:03:02,041 INFO  [eu.fayder.restcountries.v2.rest.CountryRestV2:35] Getting all
2026-03-25 14:03:02,059 INFO  [eu.fayder.restcountries.v2.rest.CountryRestV2:35] Getting all
2026-03-25 14:03:02,087 INFO  [eu.fayder.restcountries.v2.rest.CountryRestV2:35] Getting all
2026-03-25 14:03:02,107 INFO  [eu.fayder.restcountries.v2.rest.CountryRestV2:35] Getting all
2026-03-25 14:03:02,151 INFO  [eu.fayder.restcountries.v2.rest.CountryRestV2:35] Getting all
2026-03-25 14:03:02,182 INFO  [eu.fayder.restcountries.v2.rest.CountryRestV2:35] Getting all
2026-03-25 14:03:02,212 INFO  [eu.fayder.restcountries.v2.rest.CountryRestV2:35] Getting all
2026-03-25 14:03:02,234 INFO  [eu.fayder.restcountries.v2.rest.CountryRestV2:35] Getting all
2026-03-25 14:03:02,273 INFO  [eu.fayder.restcountries.v2.rest.CountryRestV2:35] Getting all
2026-03-25 14:03:02,297 INFO  [eu.fayder.restcountries.v2.rest.CountryRestV2:35] Getting all
2026-03-25 14:03:02,336 INFO  [eu.fayder.restcountries.v2.rest.CountryRestV2:35] Getting all
2026-03-25 14:03:02,382 INFO  [eu.fayder.restcountries.v2.rest.CountryRestV2:35] Getting all
2026-03-25 14:03:02,428 INFO  [eu.fayder.restcountries.v2.rest.CountryRestV2:35] Getting all
2026-03-25 14:03:02,456 INFO  [eu.fayder.restcountries.v2.rest.CountryRestV2:35] Getting all
2026-03-25 14:03:02,481 INFO  [eu.fayder.restcountries.v2.rest.CountryRestV2:35] Getting all
2026-03-25 14:03:02,509 INFO  [eu.fayder.restcountries.v2.rest.CountryRestV2:35] Getting all
2026-03-25 14:03:02,538 INFO  [eu.fayder.restcountries.v2.rest.CountryRestV2:35] Getting all
2026-03-25 14:03:02,570 INFO  [eu.fayder.restcountries.v2.rest.CountryRestV2:35] Getting all
2026-03-25 14:03:02,616 INFO  [eu.fayder.restcountries.v2.rest.CountryRestV2:35] Getting all
2026-03-25 14:03:02,647 INFO  [eu.fayder.restcountries.v2.rest.CountryRestV2:35] Getting all
2026-03-25 14:03:02,695 INFO  [eu.fayder.restcountries.v2.rest.CountryRestV2:35] Getting all
2026-03-25 14:03:02,740 INFO  [eu.fayder.restcountries.v2.rest.CountryRestV2:35] Getting all
2026-03-25 14:03:02,787 INFO  [eu.fayder.restcountries.v2.rest.CountryRestV2:35] Getting all
2026-03-25 14:03:02,849 INFO  [eu.fayder.restcountries.v2.rest.CountryRestV2:35] Getting all
2026-03-25 14:03:02,912 INFO  [eu.fayder.restcountries.v2.rest.CountryRestV2:35] Getting all
2026-03-25 14:03:02,973 INFO  [eu.fayder.restcountries.v2.rest.CountryRestV2:35] Getting all
2026-03-25 14:03:03,035 INFO  [eu.fayder.restcountries.v2.rest.CountryRestV2:35] Getting all
2026-03-25 14:03:03,097 INFO  [eu.fayder.restcountries.v2.rest.CountryRestV2:35] Getting all
2026-03-25 14:03:03,135 INFO  [eu.fayder.restcountries.v2.rest.CountryRestV2:35] Getting all
2026-03-25 14:03:03,192 INFO  [eu.fayder.restcountries.v2.rest.CountryRestV2:35] Getting all
2026-03-25 14:03:03,231 INFO  [eu.fayder.restcountries.v2.rest.CountryRestV2:35] Getting all
2026-03-25 14:03:03,299 INFO  [eu.fayder.restcountries.v2.rest.CountryRestV2:35] Getting all
2026-03-25 14:03:03,347 INFO  [eu.fayder.restcountries.v2.rest.CountryRestV2:35] Getting all
2026-03-25 14:03:03,410 INFO  [eu.fayder.restcountries.v2.rest.CountryRestV2:35] Getting all
2026-03-25 14:03:03,472 INFO  [eu.fayder.restcountries.v2.rest.CountryRestV2:35] Getting all
2026-03-25 14:03:03,534 INFO  [eu.fayder.restcountries.v2.rest.CountryRestV2:35] Getting all
2026-03-25 14:03:03,596 INFO  [eu.fayder.restcountries.v2.rest.CountryRestV2:35] Getting all
2026-03-25 14:03:03,659 INFO  [eu.fayder.restcountries.v2.rest.CountryRestV2:35] Getting all
2026-03-25 14:03:03,721 INFO  [eu.fayder.restcountries.v2.rest.CountryRestV2:35] Getting all
2026-03-25 14:03:03,771 INFO  [eu.fayder.restcountries.v2.rest.CountryRestV2:35] Getting all
2026-03-25 14:03:03,831 INFO  [eu.fayder.restcountries.v2.rest.CountryRestV2:35] Getting all
2026-03-25 14:03:03,883 INFO  [eu.fayder.restcountries.v2.rest.CountryRestV2:35] Getting all
2026-03-25 14:03:03,955 INFO  [eu.fayder.restcountries.v2.rest.CountryRestV2:35] Getting all
2026-03-25 14:03:41,499 INFO  [eu.fayder.restcountries.v2.rest.CountryRestV2:57] Getting by list MT
2026-03-25 14:03:41,519 INFO  [eu.fayder.restcountries.v2.rest.CountryRestV2:57] Getting by list AO
2026-03-25 14:03:41,525 INFO  [eu.fayder.restcountries.v2.rest.CountryRestV2:57] Getting by list KW
2026-03-25 14:03:41,551 INFO  [eu.fayder.restcountries.v2.rest.CountryRestV2:57] Getting by list ER
2026-03-25 14:03:41,582 INFO  [eu.fayder.restcountries.v2.rest.CountryRestV2:57] Getting by list LI
2026-03-25 14:03:41,598 INFO  [eu.fayder.restcountries.v2.rest.CountryRestV2:57] Getting by list SN
2026-03-25 14:03:41,614 INFO  [eu.fayder.restcountries.v2.rest.CountryRestV2:57] Getting by list CH
2026-03-25 14:03:41,621 INFO  [eu.fayder.restcountries.v2.rest.CountryRestV2:57] Getting by list JM
2026-03-25 14:03:41,645 INFO  [eu.fayder.restcountries.v2.rest.CountryRestV2:57] Getting by list MU
2026-03-25 14:03:41,651 INFO  [eu.fayder.restcountries.v2.rest.CountryRestV2:57] Getting by list CI
2026-03-25 14:03:41,676 INFO  [eu.fayder.restcountries.v2.rest.CountryRestV2:57] Getting by list BR
2026-03-25 14:03:41,707 INFO  [eu.fayder.restcountries.v2.rest.CountryRestV2:57] Getting by list CG
2026-03-25 14:03:41,739 INFO  [eu.fayder.restcountries.v2.rest.CountryRestV2:57] Getting by list BW
2026-03-25 14:03:41,771 INFO  [eu.fayder.restcountries.v2.rest.CountryRestV2:57] Getting by list AO
2026-03-25 14:03:41,802 INFO  [eu.fayder.restcountries.v2.rest.CountryRestV2:57] Getting by list NP
2026-03-25 14:03:41,810 INFO  [eu.fayder.restcountries.v2.rest.CountryRestV2:57] Getting by list KW
2026-03-25 14:03:41,817 INFO  [eu.fayder.restcountries.v2.rest.CountryRestV2:57] Getting by list PE
2026-03-25 14:03:41,824 INFO  [eu.fayder.restcountries.v2.rest.CountryRestV2:57] Getting by list CO
2026-03-25 14:03:41,848 INFO  [eu.fayder.restcountries.v2.rest.CountryRestV2:57] Getting by list BT
2026-03-25 14:03:41,880 INFO  [eu.fayder.restcountries.v2.rest.CountryRestV2:57] Getting by list SK
2026-03-25 14:03:41,912 INFO  [eu.fayder.restcountries.v2.rest.CountryRestV2:57] Getting by list FM
2026-03-25 14:03:41,943 INFO  [eu.fayder.restcountries.v2.rest.CountryRestV2:57] Getting by list KW
2026-03-25 14:03:41,974 INFO  [eu.fayder.restcountries.v2.rest.CountryRestV2:57] Getting by list SA
2026-03-25 14:03:42,005 INFO  [eu.fayder.restcountries.v2.rest.CountryRestV2:57] Getting by list MR
2026-03-25 14:03:42,013 INFO  [eu.fayder.restcountries.v2.rest.CountryRestV2:57] Getting by list AO
2026-03-25 14:03:42,023 INFO  [eu.fayder.restcountries.v2.rest.CountryRestV2:57] Getting by list MV
2026-03-25 14:03:42,053 INFO  [eu.fayder.restcountries.v2.rest.CountryRestV2:57] Getting by list SB
2026-03-25 14:03:42,084 INFO  [eu.fayder.restcountries.v2.rest.CountryRestV2:57] Getting by list AT
2026-03-25 14:03:42,093 INFO  [eu.fayder.restcountries.v2.rest.CountryRestV2:57] Getting by list GQ
2026-03-25 14:03:42,113 INFO  [eu.fayder.restcountries.v2.rest.CountryRestV2:57] Getting by list VC
2026-03-25 14:03:42,145 INFO  [eu.fayder.restcountries.v2.rest.CountryRestV2:57] Getting by list SG
2026-03-25 14:03:42,177 INFO  [eu.fayder.restcountries.v2.rest.CountryRestV2:57] Getting by list VU
2026-03-25 14:03:42,186 INFO  [eu.fayder.restcountries.v2.rest.CountryRestV2:57] Getting by list SC
2026-03-25 14:03:42,207 INFO  [eu.fayder.restcountries.v2.rest.CountryRestV2:57] Getting by list VE
2026-03-25 14:03:42,216 INFO  [eu.fayder.restcountries.v2.rest.CountryRestV2:57] Getting by list BZ
2026-03-25 14:03:42,239 INFO  [eu.fayder.restcountries.v2.rest.CountryRestV2:57] Getting by list BG
2026-03-25 14:03:42,269 INFO  [eu.fayder.restcountries.v2.rest.CountryRestV2:57] Getting by list TW
2026-03-25 14:03:42,301 INFO  [eu.fayder.restcountries.v2.rest.CountryRestV2:57] Getting by list PL
2026-03-25 14:03:42,332 INFO  [eu.fayder.restcountries.v2.rest.CountryRestV2:57] Getting by list PK
2026-03-25 14:03:42,363 INFO  [eu.fayder.restcountries.v2.rest.CountryRestV2:57] Getting by list BZ
2026-03-25 14:03:42,394 INFO  [eu.fayder.restcountries.v2.rest.CountryRestV2:57] Getting by list UY
2026-03-25 14:03:42,425 INFO  [eu.fayder.restcountries.v2.rest.CountryRestV2:57] Getting by list KI
2026-03-25 14:03:42,436 INFO  [eu.fayder.restcountries.v2.rest.CountryRestV2:57] Getting by list CV
2026-03-25 14:03:42,456 INFO  [eu.fayder.restcountries.v2.rest.CountryRestV2:57] Getting by list AL
2026-03-25 14:03:42,488 INFO  [eu.fayder.restcountries.v2.rest.CountryRestV2:57] Getting by list DK
2026-03-25 14:03:42,520 INFO  [eu.fayder.restcountries.v2.rest.CountryRestV2:57] Getting by list LY
2026-03-25 14:03:42,550 INFO  [eu.fayder.restcountries.v2.rest.CountryRestV2:57] Getting by list TR
2026-03-25 14:03:42,582 INFO  [eu.fayder.restcountries.v2.rest.CountryRestV2:57] Getting by list TW
2026-03-25 14:03:42,593 INFO  [eu.fayder.restcountries.v2.rest.CountryRestV2:57] Getting by list TG
2026-03-25 14:03:42,613 INFO  [eu.fayder.restcountries.v2.rest.CountryRestV2:57] Getting by list MD
2026-03-25 14:04:27,972 INFO  [eu.fayder.restcountries.v1.rest.CountryRestV1:47] Getting by alpha KR
2026-03-25 14:04:27,996 INFO  [eu.fayder.restcountries.v1.rest.CountryRestV1:47] Getting by alpha EG
2026-03-25 14:04:28,004 INFO  [eu.fayder.restcountries.v1.rest.CountryRestV1:47] Getting by alpha KN
2026-03-25 14:04:28,009 INFO  [eu.fayder.restcountries.v1.rest.CountryRestV1:47] Getting by alpha PG
2026-03-25 14:04:28,026 INFO  [eu.fayder.restcountries.v1.rest.CountryRestV1:47] Getting by alpha RW
2026-03-25 14:04:28,057 INFO  [eu.fayder.restcountries.v1.rest.CountryRestV1:47] Getting by alpha LC
2026-03-25 14:04:28,073 INFO  [eu.fayder.restcountries.v1.rest.CountryRestV1:47] Getting by alpha TN
2026-03-25 14:04:28,088 INFO  [eu.fayder.restcountries.v1.rest.CountryRestV1:47] Getting by alpha HR
2026-03-25 14:04:28,104 INFO  [eu.fayder.restcountries.v1.rest.CountryRestV1:47] Getting by alpha HN
2026-03-25 14:04:28,120 INFO  [eu.fayder.restcountries.v1.rest.CountryRestV1:47] Getting by alpha JM
2026-03-25 14:04:28,136 INFO  [eu.fayder.restcountries.v1.rest.CountryRestV1:47] Getting by alpha TJ
2026-03-25 14:04:28,141 INFO  [eu.fayder.restcountries.v1.rest.CountryRestV1:47] Getting by alpha JP
2026-03-25 14:04:28,167 INFO  [eu.fayder.restcountries.v1.rest.CountryRestV1:47] Getting by alpha CD
2026-03-25 14:04:28,182 INFO  [eu.fayder.restcountries.v1.rest.CountryRestV1:47] Getting by alpha HN
2026-03-25 14:04:28,214 INFO  [eu.fayder.restcountries.v1.rest.CountryRestV1:47] Getting by alpha NZ
2026-03-25 14:04:28,245 INFO  [eu.fayder.restcountries.v1.rest.CountryRestV1:47] Getting by alpha NP
2026-03-25 14:04:28,275 INFO  [eu.fayder.restcountries.v1.rest.CountryRestV1:47] Getting by alpha BZ
2026-03-25 14:04:28,307 INFO  [eu.fayder.restcountries.v1.rest.CountryRestV1:47] Getting by alpha WS
2026-03-25 14:04:28,338 INFO  [eu.fayder.restcountries.v1.rest.CountryRestV1:47] Getting by alpha GB
2026-03-25 14:04:28,344 INFO  [eu.fayder.restcountries.v1.rest.CountryRestV1:47] Getting by alpha PL
2026-03-25 14:04:28,369 INFO  [eu.fayder.restcountries.v1.rest.CountryRestV1:47] Getting by alpha ME
2026-03-25 14:04:28,400 INFO  [eu.fayder.restcountries.v1.rest.CountryRestV1:47] Getting by alpha EE
2026-03-25 14:04:28,431 INFO  [eu.fayder.restcountries.v1.rest.CountryRestV1:47] Getting by alpha KP
2026-03-25 14:04:28,462 INFO  [eu.fayder.restcountries.v1.rest.CountryRestV1:47] Getting by alpha FR
2026-03-25 14:04:28,470 INFO  [eu.fayder.restcountries.v1.rest.CountryRestV1:47] Getting by alpha LC
2026-03-25 14:04:28,494 INFO  [eu.fayder.restcountries.v1.rest.CountryRestV1:47] Getting by alpha PE
2026-03-25 14:04:28,525 INFO  [eu.fayder.restcountries.v1.rest.CountryRestV1:47] Getting by alpha ID
2026-03-25 14:04:28,532 INFO  [eu.fayder.restcountries.v1.rest.CountryRestV1:47] Getting by alpha DZ
2026-03-25 14:04:28,541 INFO  [eu.fayder.restcountries.v1.rest.CountryRestV1:47] Getting by alpha CZ
2026-03-25 14:04:28,550 INFO  [eu.fayder.restcountries.v1.rest.CountryRestV1:47] Getting by alpha CD
2026-03-25 14:04:28,571 INFO  [eu.fayder.restcountries.v1.rest.CountryRestV1:47] Getting by alpha GH
2026-03-25 14:04:28,580 INFO  [eu.fayder.restcountries.v1.rest.CountryRestV1:47] Getting by alpha GN
2026-03-25 14:04:28,588 INFO  [eu.fayder.restcountries.v1.rest.CountryRestV1:47] Getting by alpha KR
2026-03-25 14:04:28,617 INFO  [eu.fayder.restcountries.v1.rest.CountryRestV1:47] Getting by alpha CZ
2026-03-25 14:04:28,625 INFO  [eu.fayder.restcountries.v1.rest.CountryRestV1:47] Getting by alpha MA
2026-03-25 14:04:28,633 INFO  [eu.fayder.restcountries.v1.rest.CountryRestV1:47] Getting by alpha HN
2026-03-25 14:04:28,663 INFO  [eu.fayder.restcountries.v1.rest.CountryRestV1:47] Getting by alpha CM
2026-03-25 14:04:28,673 INFO  [eu.fayder.restcountries.v1.rest.CountryRestV1:47] Getting by alpha SA
2026-03-25 14:04:28,694 INFO  [eu.fayder.restcountries.v1.rest.CountryRestV1:47] Getting by alpha RW
2026-03-25 14:04:28,704 INFO  [eu.fayder.restcountries.v1.rest.CountryRestV1:47] Getting by alpha FM
2026-03-25 14:04:28,726 INFO  [eu.fayder.restcountries.v1.rest.CountryRestV1:47] Getting by alpha PG
2026-03-25 14:04:28,738 INFO  [eu.fayder.restcountries.v1.rest.CountryRestV1:47] Getting by alpha EG
2026-03-25 14:04:28,748 INFO  [eu.fayder.restcountries.v1.rest.CountryRestV1:47] Getting by alpha ES
2026-03-25 14:04:28,758 INFO  [eu.fayder.restcountries.v1.rest.CountryRestV1:47] Getting by alpha MV
2026-03-25 14:04:28,787 INFO  [eu.fayder.restcountries.v1.rest.CountryRestV1:47] Getting by alpha QA
2026-03-25 14:04:28,817 INFO  [eu.fayder.restcountries.v1.rest.CountryRestV1:47] Getting by alpha DZ
2026-03-25 14:04:28,827 INFO  [eu.fayder.restcountries.v1.rest.CountryRestV1:47] Getting by alpha PS
2026-03-25 14:04:28,849 INFO  [eu.fayder.restcountries.v1.rest.CountryRestV1:47] Getting by alpha TV
2026-03-25 14:04:28,858 INFO  [eu.fayder.restcountries.v1.rest.CountryRestV1:47] Getting by alpha UA
2026-03-25 14:04:28,868 INFO  [eu.fayder.restcountries.v1.rest.CountryRestV1:47] Getting by alpha IE
2026-03-25 14:05:05,329 INFO  [eu.fayder.restcountries.v1.rest.CountryRestV1:80] Getting by currency MGA
2026-03-25 14:05:05,360 INFO  [eu.fayder.restcountries.v1.rest.CountryRestV1:80] Getting by currency GNF
2026-03-25 14:05:05,392 INFO  [eu.fayder.restcountries.v1.rest.CountryRestV1:80] Getting by currency MOP
2026-03-25 14:05:05,407 INFO  [eu.fayder.restcountries.v1.rest.CountryRestV1:80] Getting by currency COP
2026-03-25 14:05:05,423 INFO  [eu.fayder.restcountries.v1.rest.CountryRestV1:80] Getting by currency ARS
2026-03-25 14:05:05,438 INFO  [eu.fayder.restcountries.v1.rest.CountryRestV1:80] Getting by currency TZS
2026-03-25 14:05:05,445 INFO  [eu.fayder.restcountries.v1.rest.CountryRestV1:80] Getting by currency ZAR
2026-03-25 14:05:05,451 INFO  [eu.fayder.restcountries.v1.rest.CountryRestV1:80] Getting by currency CUP
2026-03-25 14:05:05,456 INFO  [eu.fayder.restcountries.v1.rest.CountryRestV1:80] Getting by currency CUP
2026-03-25 14:05:05,484 INFO  [eu.fayder.restcountries.v1.rest.CountryRestV1:80] Getting by currency MVR
2026-03-25 14:05:05,490 INFO  [eu.fayder.restcountries.v1.rest.CountryRestV1:80] Getting by currency COP
2026-03-25 14:05:05,516 INFO  [eu.fayder.restcountries.v1.rest.CountryRestV1:80] Getting by currency GGP
2026-03-25 14:05:05,547 INFO  [eu.fayder.restcountries.v1.rest.CountryRestV1:80] Getting by currency NPR
2026-03-25 14:05:05,555 INFO  [eu.fayder.restcountries.v1.rest.CountryRestV1:80] Getting by currency LSL
2026-03-25 14:05:05,577 INFO  [eu.fayder.restcountries.v1.rest.CountryRestV1:80] Getting by currency ANG
2026-03-25 14:05:05,584 INFO  [eu.fayder.restcountries.v1.rest.CountryRestV1:80] Getting by currency BBD
2026-03-25 14:05:05,608 INFO  [eu.fayder.restcountries.v1.rest.CountryRestV1:80] Getting by currency ERN
2026-03-25 14:05:05,616 INFO  [eu.fayder.restcountries.v1.rest.CountryRestV1:80] Getting by currency KRW
2026-03-25 14:05:05,639 INFO  [eu.fayder.restcountries.v1.rest.CountryRestV1:80] Getting by currency LSL
2026-03-25 14:05:05,669 INFO  [eu.fayder.restcountries.v1.rest.CountryRestV1:80] Getting by currency ARS
2026-03-25 14:05:05,700 INFO  [eu.fayder.restcountries.v1.rest.CountryRestV1:80] Getting by currency UGX
2026-03-25 14:05:05,732 INFO  [eu.fayder.restcountries.v1.rest.CountryRestV1:80] Getting by currency DZD
2026-03-25 14:05:05,763 INFO  [eu.fayder.restcountries.v1.rest.CountryRestV1:80] Getting by currency CRC
2026-03-25 14:05:05,795 INFO  [eu.fayder.restcountries.v1.rest.CountryRestV1:80] Getting by currency PGK
2026-03-25 14:05:05,827 INFO  [eu.fayder.restcountries.v1.rest.CountryRestV1:80] Getting by currency BND
2026-03-25 14:05:05,858 INFO  [eu.fayder.restcountries.v1.rest.CountryRestV1:80] Getting by currency KES
2026-03-25 14:05:05,889 INFO  [eu.fayder.restcountries.v1.rest.CountryRestV1:80] Getting by currency BOB
2026-03-25 14:05:05,896 INFO  [eu.fayder.restcountries.v1.rest.CountryRestV1:80] Getting by currency IRR
2026-03-25 14:05:05,904 INFO  [eu.fayder.restcountries.v1.rest.CountryRestV1:80] Getting by currency DZD
2026-03-25 14:05:05,935 INFO  [eu.fayder.restcountries.v1.rest.CountryRestV1:80] Getting by currency KWD
2026-03-25 14:05:05,967 INFO  [eu.fayder.restcountries.v1.rest.CountryRestV1:80] Getting by currency TJS
2026-03-25 14:05:05,998 INFO  [eu.fayder.restcountries.v1.rest.CountryRestV1:80] Getting by currency PHP
2026-03-25 14:05:06,029 INFO  [eu.fayder.restcountries.v1.rest.CountryRestV1:80] Getting by currency PAB
2026-03-25 14:05:06,037 INFO  [eu.fayder.restcountries.v1.rest.CountryRestV1:80] Getting by currency XPF
2026-03-25 14:05:06,059 INFO  [eu.fayder.restcountries.v1.rest.CountryRestV1:80] Getting by currency XCD
2026-03-25 14:05:06,068 INFO  [eu.fayder.restcountries.v1.rest.CountryRestV1:80] Getting by currency KWD
2026-03-25 14:05:06,091 INFO  [eu.fayder.restcountries.v1.rest.CountryRestV1:80] Getting by currency LBP
2026-03-25 14:05:06,100 INFO  [eu.fayder.restcountries.v1.rest.CountryRestV1:80] Getting by currency PAB
2026-03-25 14:05:06,122 INFO  [eu.fayder.restcountries.v1.rest.CountryRestV1:80] Getting by currency SDG
2026-03-25 14:05:06,130 INFO  [eu.fayder.restcountries.v1.rest.CountryRestV1:80] Getting by currency KYD
2026-03-25 14:05:06,153 INFO  [eu.fayder.restcountries.v1.rest.CountryRestV1:80] Getting by currency SEK
2026-03-25 14:05:06,184 INFO  [eu.fayder.restcountries.v1.rest.CountryRestV1:80] Getting by currency SVC
2026-03-25 14:05:06,193 INFO  [eu.fayder.restcountries.v1.rest.CountryRestV1:80] Getting by currency MNT
2026-03-25 14:05:06,214 INFO  [eu.fayder.restcountries.v1.rest.CountryRestV1:80] Getting by currency TVD
2026-03-25 14:05:06,225 INFO  [eu.fayder.restcountries.v1.rest.CountryRestV1:80] Getting by currency DJF
2026-03-25 14:05:06,246 INFO  [eu.fayder.restcountries.v1.rest.CountryRestV1:80] Getting by currency AED
2026-03-25 14:05:06,278 INFO  [eu.fayder.restcountries.v1.rest.CountryRestV1:80] Getting by currency LSL
2026-03-25 14:05:06,290 INFO  [eu.fayder.restcountries.v1.rest.CountryRestV1:80] Getting by currency HUF
2026-03-25 14:05:06,302 INFO  [eu.fayder.restcountries.v1.rest.CountryRestV1:80] Getting by currency HKD
2026-03-25 14:05:06,323 INFO  [eu.fayder.restcountries.v1.rest.CountryRestV1:80] Getting by currency BOB
2026-03-25 14:05:38,649 INFO  [eu.fayder.restcountries.v1.rest.CountryRestV1:99] Getting by name JohnDoe
2026-03-25 14:05:38,684 INFO  [eu.fayder.restcountries.v1.rest.CountryRestV1:99] Getting by name InvalidName!
2026-03-25 14:05:38,727 INFO  [eu.fayder.restcountries.v1.rest.CountryRestV1:99] Getting by name AliceSmith
2026-03-25 14:05:38,758 INFO  [eu.fayder.restcountries.v1.rest.CountryRestV1:99] Getting by name BobJohnson
2026-03-25 14:05:38,771 INFO  [eu.fayder.restcountries.v1.rest.CountryRestV1:99] Getting by name CharlieBrown
2026-03-25 14:05:38,803 INFO  [eu.fayder.restcountries.v1.rest.CountryRestV1:99] Getting by name DianaPrince
2026-03-25 14:05:38,835 INFO  [eu.fayder.restcountries.v1.rest.CountryRestV1:99] Getting by name EthanHunt
2026-03-25 14:05:38,865 INFO  [eu.fayder.restcountries.v1.rest.CountryRestV1:99] Getting by name FionaGallagher
2026-03-25 14:05:38,874 INFO  [eu.fayder.restcountries.v1.rest.CountryRestV1:99] Getting by name GeorgeMartin
2026-03-25 14:05:38,898 INFO  [eu.fayder.restcountries.v1.rest.CountryRestV1:99] Getting by name HannahMontana
2026-03-25 14:05:38,906 INFO  [eu.fayder.restcountries.v1.rest.CountryRestV1:99] Getting by name IanFleming
2026-03-25 14:05:38,928 INFO  [eu.fayder.restcountries.v1.rest.CountryRestV1:99] Getting by name JackSparrow
2026-03-25 14:05:38,937 INFO  [eu.fayder.restcountries.v1.rest.CountryRestV1:99] Getting by name KarenPage
2026-03-25 14:05:38,944 INFO  [eu.fayder.restcountries.v1.rest.CountryRestV1:99] Getting by name LiamNeeson
2026-03-25 14:05:38,952 INFO  [eu.fayder.restcountries.v1.rest.CountryRestV1:99] Getting by name MiaWallace
2026-03-25 14:05:38,975 INFO  [eu.fayder.restcountries.v1.rest.CountryRestV1:99] Getting by name NoahBennet
2026-03-25 14:05:39,006 INFO  [eu.fayder.restcountries.v1.rest.CountryRestV1:99] Getting by name OliviaPope
2026-03-25 14:05:39,037 INFO  [eu.fayder.restcountries.v1.rest.CountryRestV1:99] Getting by name PeterParker
2026-03-25 14:05:39,068 INFO  [eu.fayder.restcountries.v1.rest.CountryRestV1:99] Getting by name QuinnFabray
2026-03-25 14:05:39,100 INFO  [eu.fayder.restcountries.v1.rest.CountryRestV1:99] Getting by name RachelGreen
2026-03-25 14:05:39,131 INFO  [eu.fayder.restcountries.v1.rest.CountryRestV1:99] Getting by name SteveRogers
2026-03-25 14:05:39,161 INFO  [eu.fayder.restcountries.v1.rest.CountryRestV1:99] Getting by name TonyStark
2026-03-25 14:05:39,193 INFO  [eu.fayder.restcountries.v1.rest.CountryRestV1:99] Getting by name UrsulaBuffay
2026-03-25 14:05:39,224 INFO  [eu.fayder.restcountries.v1.rest.CountryRestV1:99] Getting by name VictorStone
2026-03-25 14:05:39,256 INFO  [eu.fayder.restcountries.v1.rest.CountryRestV1:99] Getting by name WandaMaximoff
2026-03-25 14:05:39,272 INFO  [eu.fayder.restcountries.v1.rest.CountryRestV1:99] Getting by name XanderHarris
2026-03-25 14:05:39,304 INFO  [eu.fayder.restcountries.v1.rest.CountryRestV1:99] Getting by name YaraGreyjoy
2026-03-25 14:05:39,334 INFO  [eu.fayder.restcountries.v1.rest.CountryRestV1:99] Getting by name ZoeBarnes
2026-03-25 14:05:39,365 INFO  [eu.fayder.restcountries.v1.rest.CountryRestV1:99] Getting by name AaronPaul
2026-03-25 14:05:39,398 INFO  [eu.fayder.restcountries.v1.rest.CountryRestV1:99] Getting by name BettyCooper
2026-03-25 14:05:39,428 INFO  [eu.fayder.restcountries.v1.rest.CountryRestV1:99] Getting by name CarlGrimes
2026-03-25 14:05:39,459 INFO  [eu.fayder.restcountries.v1.rest.CountryRestV1:99] Getting by name DonnaPaulsen
2026-03-25 14:05:39,490 INFO  [eu.fayder.restcountries.v1.rest.CountryRestV1:99] Getting by name ElliotAlderson
2026-03-25 14:05:39,500 INFO  [eu.fayder.restcountries.v1.rest.CountryRestV1:99] Getting by name FelicitySmoak
2026-03-25 14:05:39,536 INFO  [eu.fayder.restcountries.v1.rest.CountryRestV1:99] Getting by name GinaLinetti
2026-03-25 14:05:39,567 INFO  [eu.fayder.restcountries.v1.rest.CountryRestV1:99] Getting by name HarveySpecter
2026-03-25 14:05:39,598 INFO  [eu.fayder.restcountries.v1.rest.CountryRestV1:99] Getting by name IsabellaSwan
2026-03-25 14:05:39,630 INFO  [eu.fayder.restcountries.v1.rest.CountryRestV1:99] Getting by name JasonBourne
2026-03-25 14:05:39,661 INFO  [eu.fayder.restcountries.v1.rest.CountryRestV1:99] Getting by name KellyKapowski
2026-03-25 14:05:39,692 INFO  [eu.fayder.restcountries.v1.rest.CountryRestV1:99] Getting by name LorelaiGilmore
2026-03-25 14:05:39,723 INFO  [eu.fayder.restcountries.v1.rest.CountryRestV1:99] Getting by name MonicaGeller
2026-03-25 14:05:39,755 INFO  [eu.fayder.restcountries.v1.rest.CountryRestV1:99] Getting by name NancyDrew
2026-03-25 14:05:39,771 INFO  [eu.fayder.restcountries.v1.rest.CountryRestV1:99] Getting by name OscarMartinez
2026-03-25 14:06:19,835 INFO  [eu.fayder.restcountries.v1.rest.CountryRestV1:115] Getting by calling code +2485
2026-03-25 14:06:19,863 INFO  [eu.fayder.restcountries.v1.rest.CountryRestV1:115] Getting by calling code +6
2026-03-25 14:06:19,878 INFO  [eu.fayder.restcountries.v1.rest.CountryRestV1:115] Getting by calling code +0
2026-03-25 14:06:19,884 INFO  [eu.fayder.restcountries.v1.rest.CountryRestV1:115] Getting by calling code +66
2026-03-25 14:06:19,910 INFO  [eu.fayder.restcountries.v1.rest.CountryRestV1:115] Getting by calling code +935
2026-03-25 14:06:19,915 INFO  [eu.fayder.restcountries.v1.rest.CountryRestV1:115] Getting by calling code +78
2026-03-25 14:06:19,920 INFO  [eu.fayder.restcountries.v1.rest.CountryRestV1:115] Getting by calling code +736
2026-03-25 14:06:19,927 INFO  [eu.fayder.restcountries.v1.rest.CountryRestV1:115] Getting by calling code +43
2026-03-25 14:06:19,956 INFO  [eu.fayder.restcountries.v1.rest.CountryRestV1:115] Getting by calling code +0
2026-03-25 14:06:19,987 INFO  [eu.fayder.restcountries.v1.rest.CountryRestV1:115] Getting by calling code +0185
2026-03-25 14:06:19,993 INFO  [eu.fayder.restcountries.v1.rest.CountryRestV1:115] Getting by calling code +7
2026-03-25 14:06:20,019 INFO  [eu.fayder.restcountries.v1.rest.CountryRestV1:115] Getting by calling code +43
2026-03-25 14:06:20,050 INFO  [eu.fayder.restcountries.v1.rest.CountryRestV1:115] Getting by calling code +74
2026-03-25 14:06:20,081 INFO  [eu.fayder.restcountries.v1.rest.CountryRestV1:115] Getting by calling code +5
2026-03-25 14:06:20,097 INFO  [eu.fayder.restcountries.v1.rest.CountryRestV1:115] Getting by calling code +68
2026-03-25 14:06:20,113 INFO  [eu.fayder.restcountries.v1.rest.CountryRestV1:115] Getting by calling code +2
2026-03-25 14:06:20,144 INFO  [eu.fayder.restcountries.v1.rest.CountryRestV1:115] Getting by calling code +6
2026-03-25 14:06:20,175 INFO  [eu.fayder.restcountries.v1.rest.CountryRestV1:115] Getting by calling code +4
2026-03-25 14:06:20,206 INFO  [eu.fayder.restcountries.v1.rest.CountryRestV1:115] Getting by calling code +45
2026-03-25 14:06:20,236 INFO  [eu.fayder.restcountries.v1.rest.CountryRestV1:115] Getting by calling code +9
2026-03-25 14:06:20,267 INFO  [eu.fayder.restcountries.v1.rest.CountryRestV1:115] Getting by calling code +0718
2026-03-25 14:06:20,298 INFO  [eu.fayder.restcountries.v1.rest.CountryRestV1:115] Getting by calling code +8544
2026-03-25 14:06:20,329 INFO  [eu.fayder.restcountries.v1.rest.CountryRestV1:115] Getting by calling code +67
2026-03-25 14:06:20,360 INFO  [eu.fayder.restcountries.v1.rest.CountryRestV1:115] Getting by calling code +6
2026-03-25 14:06:20,392 INFO  [eu.fayder.restcountries.v1.rest.CountryRestV1:115] Getting by calling code +8
2026-03-25 14:06:20,422 INFO  [eu.fayder.restcountries.v1.rest.CountryRestV1:115] Getting by calling code +0
2026-03-25 14:06:20,453 INFO  [eu.fayder.restcountries.v1.rest.CountryRestV1:115] Getting by calling code +408
2026-03-25 14:06:20,484 INFO  [eu.fayder.restcountries.v1.rest.CountryRestV1:115] Getting by calling code +04
2026-03-25 14:06:20,515 INFO  [eu.fayder.restcountries.v1.rest.CountryRestV1:115] Getting by calling code +5
2026-03-25 14:06:20,523 INFO  [eu.fayder.restcountries.v1.rest.CountryRestV1:115] Getting by calling code +541
2026-03-25 14:06:20,546 INFO  [eu.fayder.restcountries.v1.rest.CountryRestV1:115] Getting by calling code +26
2026-03-25 14:06:20,555 INFO  [eu.fayder.restcountries.v1.rest.CountryRestV1:115] Getting by calling code +0709
2026-03-25 14:06:20,577 INFO  [eu.fayder.restcountries.v1.rest.CountryRestV1:115] Getting by calling code +1
2026-03-25 14:06:20,608 INFO  [eu.fayder.restcountries.v1.rest.CountryRestV1:115] Getting by calling code +9
2026-03-25 14:06:20,639 INFO  [eu.fayder.restcountries.v1.rest.CountryRestV1:115] Getting by calling code +0
2026-03-25 14:06:20,670 INFO  [eu.fayder.restcountries.v1.rest.CountryRestV1:115] Getting by calling code +2
2026-03-25 14:06:20,702 INFO  [eu.fayder.restcountries.v1.rest.CountryRestV1:115] Getting by calling code +031
2026-03-25 14:06:20,733 INFO  [eu.fayder.restcountries.v1.rest.CountryRestV1:115] Getting by calling code +8958
2026-03-25 14:06:20,764 INFO  [eu.fayder.restcountries.v1.rest.CountryRestV1:115] Getting by calling code +0
2026-03-25 14:06:20,796 INFO  [eu.fayder.restcountries.v1.rest.CountryRestV1:115] Getting by calling code +99
2026-03-25 14:06:20,827 INFO  [eu.fayder.restcountries.v1.rest.CountryRestV1:115] Getting by calling code +8
2026-03-25 14:06:20,859 INFO  [eu.fayder.restcountries.v1.rest.CountryRestV1:115] Getting by calling code +59
2026-03-25 14:06:20,890 INFO  [eu.fayder.restcountries.v1.rest.CountryRestV1:115] Getting by calling code +7140
2026-03-25 14:06:20,923 INFO  [eu.fayder.restcountries.v1.rest.CountryRestV1:115] Getting by calling code +5955
2026-03-25 14:06:20,954 INFO  [eu.fayder.restcountries.v1.rest.CountryRestV1:115] Getting by calling code +8347
2026-03-25 14:06:20,986 INFO  [eu.fayder.restcountries.v1.rest.CountryRestV1:115] Getting by calling code +2065
2026-03-25 14:06:21,016 INFO  [eu.fayder.restcountries.v1.rest.CountryRestV1:115] Getting by calling code +1211
2026-03-25 14:06:21,047 INFO  [eu.fayder.restcountries.v1.rest.CountryRestV1:115] Getting by calling code +2
2026-03-25 14:06:21,079 INFO  [eu.fayder.restcountries.v1.rest.CountryRestV1:115] Getting by calling code +5980
2026-03-25 14:06:21,109 INFO  [eu.fayder.restcountries.v1.rest.CountryRestV1:115] Getting by calling code +212
2026-03-25 14:07:13,705 INFO  [eu.fayder.restcountries.v1.rest.CountryRestV1:131] Getting by capital Paris
2026-03-25 14:07:13,736 INFO  [eu.fayder.restcountries.v1.rest.CountryRestV1:131] Getting by capital Tokyo
2026-03-25 14:07:13,767 INFO  [eu.fayder.restcountries.v1.rest.CountryRestV1:131] Getting by capital Canberra
2026-03-25 14:07:13,796 INFO  [eu.fayder.restcountries.v1.rest.CountryRestV1:131] Getting by capital InvalidCapital123
2026-03-25 14:07:13,801 INFO  [eu.fayder.restcountries.v1.rest.CountryRestV1:131] Getting by capital Ottawa
2026-03-25 14:07:13,827 INFO  [eu.fayder.restcountries.v1.rest.CountryRestV1:131] Getting by capital Berlin
2026-03-25 14:07:13,858 INFO  [eu.fayder.restcountries.v1.rest.CountryRestV1:131] Getting by capital Brasília
2026-03-25 14:07:13,888 INFO  [eu.fayder.restcountries.v1.rest.CountryRestV1:131] Getting by capital New Delhi
2026-03-25 14:07:13,903 INFO  [eu.fayder.restcountries.v1.rest.CountryRestV1:131] Getting by capital 12345
2026-03-25 14:07:13,919 INFO  [eu.fayder.restcountries.v1.rest.CountryRestV1:131] Getting by capital Rome
2026-03-25 14:07:13,925 INFO  [eu.fayder.restcountries.v1.rest.CountryRestV1:131] Getting by capital Madrid
2026-03-25 14:07:13,951 INFO  [eu.fayder.restcountries.v1.rest.CountryRestV1:131] Getting by capital Cairo
2026-03-25 14:07:13,957 INFO  [eu.fayder.restcountries.v1.rest.CountryRestV1:131] Getting by capital Bangkok
2026-03-25 14:07:13,981 INFO  [eu.fayder.restcountries.v1.rest.CountryRestV1:131] Getting by capital Helsinki
2026-03-25 14:07:14,013 INFO  [eu.fayder.restcountries.v1.rest.CountryRestV1:131] Getting by capital Lisbon
2026-03-25 14:07:14,044 INFO  [eu.fayder.restcountries.v1.rest.CountryRestV1:131] Getting by capital Kuala Lumpur
2026-03-25 14:07:14,074 INFO  [eu.fayder.restcountries.v1.rest.CountryRestV1:131] Getting by capital Vienna
2026-03-25 14:07:14,106 INFO  [eu.fayder.restcountries.v1.rest.CountryRestV1:131] Getting by capital Athens
2026-03-25 14:07:14,116 INFO  [eu.fayder.restcountries.v1.rest.CountryRestV1:131] Getting by capital Oslo
2026-03-25 14:07:14,136 INFO  [eu.fayder.restcountries.v1.rest.CountryRestV1:131] Getting by capital Stockholm
2026-03-25 14:07:14,167 INFO  [eu.fayder.restcountries.v1.rest.CountryRestV1:131] Getting by capital Warsaw
2026-03-25 14:07:14,198 INFO  [eu.fayder.restcountries.v1.rest.CountryRestV1:131] Getting by capital Budapest
2026-03-25 14:07:14,229 INFO  [eu.fayder.restcountries.v1.rest.CountryRestV1:131] Getting by capital Dublin
2026-03-25 14:07:14,260 INFO  [eu.fayder.restcountries.v1.rest.CountryRestV1:131] Getting by capital Brussels
2026-03-25 14:07:14,291 INFO  [eu.fayder.restcountries.v1.rest.CountryRestV1:131] Getting by capital Amsterdam
2026-03-25 14:07:14,322 INFO  [eu.fayder.restcountries.v1.rest.CountryRestV1:131] Getting by capital Zurich
2026-03-25 14:07:14,353 INFO  [eu.fayder.restcountries.v1.rest.CountryRestV1:131] Getting by capital !@
2026-03-25 14:07:14,384 INFO  [eu.fayder.restcountries.v1.rest.CountryRestV1:131] Getting by capital Reykjavik
2026-03-25 14:07:14,415 INFO  [eu.fayder.restcountries.v1.rest.CountryRestV1:131] Getting by capital Singapore
2026-03-25 14:07:14,446 INFO  [eu.fayder.restcountries.v1.rest.CountryRestV1:131] Getting by capital Seoul
2026-03-25 14:07:14,478 INFO  [eu.fayder.restcountries.v1.rest.CountryRestV1:131] Getting by capital Mexico City
2026-03-25 14:07:14,486 INFO  [eu.fayder.restcountries.v1.rest.CountryRestV1:131] Getting by capital Jakarta
2026-03-25 14:07:14,494 INFO  [eu.fayder.restcountries.v1.rest.CountryRestV1:131] Getting by capital Lima
2026-03-25 14:07:14,524 INFO  [eu.fayder.restcountries.v1.rest.CountryRestV1:131] Getting by capital Bogotá
2026-03-25 14:07:14,555 INFO  [eu.fayder.restcountries.v1.rest.CountryRestV1:131] Getting by capital Nairobi
2026-03-25 14:07:14,564 INFO  [eu.fayder.restcountries.v1.rest.CountryRestV1:131] Getting by capital Havana
2026-03-25 14:07:14,586 INFO  [eu.fayder.restcountries.v1.rest.CountryRestV1:131] Getting by capital Manila
2026-03-25 14:07:14,616 INFO  [eu.fayder.restcountries.v1.rest.CountryRestV1:131] Getting by capital Vienna
2026-03-25 14:07:14,646 INFO  [eu.fayder.restcountries.v1.rest.CountryRestV1:131] Getting by capital Copenhagen
2026-03-25 14:07:14,656 INFO  [eu.fayder.restcountries.v1.rest.CountryRestV1:131] Getting by capital Helsinki
2026-03-25 14:07:14,678 INFO  [eu.fayder.restcountries.v1.rest.CountryRestV1:131] Getting by capital Bern
2026-03-25 14:07:14,687 INFO  [eu.fayder.restcountries.v1.rest.CountryRestV1:131] Getting by capital Kigali
2026-03-25 14:07:14,707 INFO  [eu.fayder.restcountries.v1.rest.CountryRestV1:131] Getting by capital Tallinn
2026-03-25 14:07:14,716 INFO  [eu.fayder.restcountries.v1.rest.CountryRestV1:131] Getting by capital Vilnius
2026-03-25 14:07:14,737 INFO  [eu.fayder.restcountries.v1.rest.CountryRestV1:131] Getting by capital Riga
2026-03-25 14:07:14,768 INFO  [eu.fayder.restcountries.v1.rest.CountryRestV1:131] Getting by capital Luxembourg
2026-03-25 14:07:14,799 INFO  [eu.fayder.restcountries.v1.rest.CountryRestV1:131] Getting by capital Valletta
2026-03-25 14:07:14,830 INFO  [eu.fayder.restcountries.v1.rest.CountryRestV1:131] Getting by capital San Marino
2026-03-25 14:07:14,861 INFO  [eu.fayder.restcountries.v1.rest.CountryRestV1:131] Getting by capital Andorra la Vella
2026-03-25 14:07:14,890 INFO  [eu.fayder.restcountries.v1.rest.CountryRestV1:131] Getting by capital Monaco
2026-03-25 14:07:43,483 INFO  [eu.fayder.restcountries.v1.rest.CountryRestV1:147] Getting by region us-west-1
2026-03-25 14:07:43,502 INFO  [eu.fayder.restcountries.v1.rest.CountryRestV1:147] Getting by region eu-central-1
2026-03-25 14:07:43,517 INFO  [eu.fayder.restcountries.v1.rest.CountryRestV1:147] Getting by region ap-southeast-2
2026-03-25 14:07:43,548 INFO  [eu.fayder.restcountries.v1.rest.CountryRestV1:147] Getting by region sa-east-1
2026-03-25 14:07:43,578 INFO  [eu.fayder.restcountries.v1.rest.CountryRestV1:147] Getting by region ca-central-1
2026-03-25 14:07:43,609 INFO  [eu.fayder.restcountries.v1.rest.CountryRestV1:147] Getting by region eu-west-3
2026-03-25 14:07:43,616 INFO  [eu.fayder.restcountries.v1.rest.CountryRestV1:147] Getting by region us-east-2
2026-03-25 14:07:43,640 INFO  [eu.fayder.restcountries.v1.rest.CountryRestV1:147] Getting by region ap-northeast-1
2026-03-25 14:07:43,671 INFO  [eu.fayder.restcountries.v1.rest.CountryRestV1:147] Getting by region eu-north-1
2026-03-25 14:07:43,703 INFO  [eu.fayder.restcountries.v1.rest.CountryRestV1:147] Getting by region me-south-1
2026-03-25 14:07:43,709 INFO  [eu.fayder.restcountries.v1.rest.CountryRestV1:147] Getting by region af-south-1
2026-03-25 14:07:43,714 INFO  [eu.fayder.restcountries.v1.rest.CountryRestV1:147] Getting by region us-gov-west-1
2026-03-25 14:07:43,720 INFO  [eu.fayder.restcountries.v1.rest.CountryRestV1:147] Getting by region cn-north-1
2026-03-25 14:07:43,727 INFO  [eu.fayder.restcountries.v1.rest.CountryRestV1:147] Getting by region cn-northwest-1
2026-03-25 14:07:43,750 INFO  [eu.fayder.restcountries.v1.rest.CountryRestV1:147] Getting by region us-west-2
2026-03-25 14:07:43,781 INFO  [eu.fayder.restcountries.v1.rest.CountryRestV1:147] Getting by region eu-west-1
2026-03-25 14:07:43,812 INFO  [eu.fayder.restcountries.v1.rest.CountryRestV1:147] Getting by region ap-south-1
2026-03-25 14:07:43,843 INFO  [eu.fayder.restcountries.v1.rest.CountryRestV1:147] Getting by region invalid-region
2026-03-25 14:07:43,851 INFO  [eu.fayder.restcountries.v1.rest.CountryRestV1:147] Getting by region us-east-1
2026-03-25 14:07:43,874 INFO  [eu.fayder.restcountries.v1.rest.CountryRestV1:147] Getting by region eu-west-2
2026-03-25 14:07:43,882 INFO  [eu.fayder.restcountries.v1.rest.CountryRestV1:147] Getting by region ap-northeast-2
2026-03-25 14:07:43,905 INFO  [eu.fayder.restcountries.v1.rest.CountryRestV1:147] Getting by region us-east-1
2026-03-25 14:07:43,912 INFO  [eu.fayder.restcountries.v1.rest.CountryRestV1:147] Getting by region eu-west-2
2026-03-25 14:07:43,936 INFO  [eu.fayder.restcountries.v1.rest.CountryRestV1:147] Getting by region ap-northeast-2
2026-03-25 14:07:43,967 INFO  [eu.fayder.restcountries.v1.rest.CountryRestV1:147] Getting by region us-east-1
2026-03-25 14:07:43,998 INFO  [eu.fayder.restcountries.v1.rest.CountryRestV1:147] Getting by region eu-west-2
2026-03-25 14:07:44,029 INFO  [eu.fayder.restcountries.v1.rest.CountryRestV1:147] Getting by region ap-northeast-2
2026-03-25 14:07:44,060 INFO  [eu.fayder.restcountries.v1.rest.CountryRestV1:147] Getting by region us-east-1
2026-03-25 14:07:44,090 INFO  [eu.fayder.restcountries.v1.rest.CountryRestV1:147] Getting by region eu-west-2
2026-03-25 14:07:44,121 INFO  [eu.fayder.restcountries.v1.rest.CountryRestV1:147] Getting by region ap-northeast-2
2026-03-25 14:07:44,153 INFO  [eu.fayder.restcountries.v1.rest.CountryRestV1:147] Getting by region us-east-1
2026-03-25 14:07:44,184 INFO  [eu.fayder.restcountries.v1.rest.CountryRestV1:147] Getting by region eu-west-2
2026-03-25 14:07:44,215 INFO  [eu.fayder.restcountries.v1.rest.CountryRestV1:147] Getting by region ap-northeast-2
2026-03-25 14:07:44,246 INFO  [eu.fayder.restcountries.v1.rest.CountryRestV1:147] Getting by region us-east-1
2026-03-25 14:07:44,256 INFO  [eu.fayder.restcountries.v1.rest.CountryRestV1:147] Getting by region eu-west-2
2026-03-25 14:07:44,264 INFO  [eu.fayder.restcountries.v1.rest.CountryRestV1:147] Getting by region ap-northeast-2
2026-03-25 14:07:44,275 INFO  [eu.fayder.restcountries.v1.rest.CountryRestV1:147] Getting by region us-east-1
2026-03-25 14:07:44,308 INFO  [eu.fayder.restcountries.v1.rest.CountryRestV1:147] Getting by region eu-west-2
2026-03-25 14:07:44,338 INFO  [eu.fayder.restcountries.v1.rest.CountryRestV1:147] Getting by region ap-northeast-2
2026-03-25 14:07:44,369 INFO  [eu.fayder.restcountries.v1.rest.CountryRestV1:147] Getting by region us-east-1
2026-03-25 14:07:44,400 INFO  [eu.fayder.restcountries.v1.rest.CountryRestV1:147] Getting by region eu-west-2
2026-03-25 14:07:44,430 INFO  [eu.fayder.restcountries.v1.rest.CountryRestV1:147] Getting by region ap-northeast-2
2026-03-25 14:07:44,439 INFO  [eu.fayder.restcountries.v1.rest.CountryRestV1:147] Getting by region us-east-1
2026-03-25 14:07:44,461 INFO  [eu.fayder.restcountries.v1.rest.CountryRestV1:147] Getting by region eu-west-2
2026-03-25 14:07:44,493 INFO  [eu.fayder.restcountries.v1.rest.CountryRestV1:147] Getting by region ap-northeast-2
2026-03-25 14:08:26,622 INFO  [eu.fayder.restcountries.v1.rest.CountryRestV1:163] Getting by region Western Europe
2026-03-25 14:08:26,655 INFO  [eu.fayder.restcountries.v1.rest.CountryRestV1:163] Getting by region Southeast Asia
2026-03-25 14:08:26,685 INFO  [eu.fayder.restcountries.v1.rest.CountryRestV1:163] Getting by region Northern Africa
2026-03-25 14:08:26,702 INFO  [eu.fayder.restcountries.v1.rest.CountryRestV1:163] Getting by region Caribbean
2026-03-25 14:08:26,716 INFO  [eu.fayder.restcountries.v1.rest.CountryRestV1:163] Getting by region Eastern Europe
2026-03-25 14:08:26,732 INFO  [eu.fayder.restcountries.v1.rest.CountryRestV1:163] Getting by region Central America
2026-03-25 14:08:26,748 INFO  [eu.fayder.restcountries.v1.rest.CountryRestV1:163] Getting by region South America
2026-03-25 14:08:26,764 INFO  [eu.fayder.restcountries.v1.rest.CountryRestV1:163] Getting by region Middle East
2026-03-25 14:08:26,781 INFO  [eu.fayder.restcountries.v1.rest.CountryRestV1:163] Getting by region Southern Africa
2026-03-25 14:08:26,812 INFO  [eu.fayder.restcountries.v1.rest.CountryRestV1:163] Getting by region Northern Europe
2026-03-25 14:08:26,844 INFO  [eu.fayder.restcountries.v1.rest.CountryRestV1:163] Getting by region Central Asia
2026-03-25 14:08:26,874 INFO  [eu.fayder.restcountries.v1.rest.CountryRestV1:163] Getting by region Oceania
2026-03-25 14:08:26,890 INFO  [eu.fayder.restcountries.v1.rest.CountryRestV1:163] Getting by region Baltic States
2026-03-25 14:08:26,922 INFO  [eu.fayder.restcountries.v1.rest.CountryRestV1:163] Getting by region Scandinavia
2026-03-25 14:08:26,952 INFO  [eu.fayder.restcountries.v1.rest.CountryRestV1:163] Getting by region Polynesia
2026-03-25 14:08:26,985 INFO  [eu.fayder.restcountries.v1.rest.CountryRestV1:163] Getting by region InvalidSubregion123
2026-03-25 14:08:27,015 INFO  [eu.fayder.restcountries.v1.rest.CountryRestV1:163] Getting by region Maghreb
2026-03-25 14:08:27,047 INFO  [eu.fayder.restcountries.v1.rest.CountryRestV1:163] Getting by region Horn of Africa
2026-03-25 14:08:27,079 INFO  [eu.fayder.restcountries.v1.rest.CountryRestV1:163] Getting by region British Isles
2026-03-25 14:08:27,110 INFO  [eu.fayder.restcountries.v1.rest.CountryRestV1:163] Getting by region Andean States
2026-03-25 14:08:27,141 INFO  [eu.fayder.restcountries.v1.rest.CountryRestV1:163] Getting by region West Africa
2026-03-25 14:08:27,172 INFO  [eu.fayder.restcountries.v1.rest.CountryRestV1:163] Getting by region East Africa
2026-03-25 14:08:27,203 INFO  [eu.fayder.restcountries.v1.rest.CountryRestV1:163] Getting by region Central Europe
2026-03-25 14:08:27,212 INFO  [eu.fayder.restcountries.v1.rest.CountryRestV1:163] Getting by region South Asia
2026-03-25 14:08:27,235 INFO  [eu.fayder.restcountries.v1.rest.CountryRestV1:163] Getting by region East Asia
2026-03-25 14:08:27,243 INFO  [eu.fayder.restcountries.v1.rest.CountryRestV1:163] Getting by region Melanesia
2026-03-25 14:08:27,266 INFO  [eu.fayder.restcountries.v1.rest.CountryRestV1:163] Getting by region Micronesia
2026-03-25 14:08:27,297 INFO  [eu.fayder.restcountries.v1.rest.CountryRestV1:163] Getting by region Carpathian Region
2026-03-25 14:08:27,328 INFO  [eu.fayder.restcountries.v1.rest.CountryRestV1:163] Getting by region Transcaucasia
2026-03-25 14:08:27,359 INFO  [eu.fayder.restcountries.v1.rest.CountryRestV1:163] Getting by region Amazon Basin
2026-03-25 14:08:27,367 INFO  [eu.fayder.restcountries.v1.rest.CountryRestV1:163] Getting by region Siberia
2026-03-25 14:08:27,375 INFO  [eu.fayder.restcountries.v1.rest.CountryRestV1:163] Getting by region Tibet
2026-03-25 14:08:27,406 INFO  [eu.fayder.restcountries.v1.rest.CountryRestV1:163] Getting by region Himalayas
2026-03-25 14:08:27,415 INFO  [eu.fayder.restcountries.v1.rest.CountryRestV1:163] Getting by region Sahel
2026-03-25 14:08:27,424 INFO  [eu.fayder.restcountries.v1.rest.CountryRestV1:163] Getting by region Invalid-Subregion!
2026-03-25 14:08:27,434 INFO  [eu.fayder.restcountries.v1.rest.CountryRestV1:163] Getting by region Great Lakes
2026-03-25 14:08:27,445 INFO  [eu.fayder.restcountries.v1.rest.CountryRestV1:163] Getting by region Low Countries
2026-03-25 14:08:27,468 INFO  [eu.fayder.restcountries.v1.rest.CountryRestV1:163] Getting by region Iberian Peninsula
2026-03-25 14:08:27,498 INFO  [eu.fayder.restcountries.v1.rest.CountryRestV1:163] Getting by region Balkans
2026-03-25 14:08:27,529 INFO  [eu.fayder.restcountries.v1.rest.CountryRestV1:163] Getting by region Alps
2026-03-25 14:08:27,539 INFO  [eu.fayder.restcountries.v1.rest.CountryRestV1:163] Getting by region Andes
2026-03-25 14:08:27,560 INFO  [eu.fayder.restcountries.v1.rest.CountryRestV1:163] Getting by region InvalidSubregion@
2026-03-25 14:08:27,569 INFO  [eu.fayder.restcountries.v1.rest.CountryRestV1:163] Getting by region New England
2026-03-25 14:08:27,579 INFO  [eu.fayder.restcountries.v1.rest.CountryRestV1:163] Getting by region Pacific Northwest
2026-03-25 14:08:27,607 INFO  [eu.fayder.restcountries.v1.rest.CountryRestV1:163] Getting by region Midwest
2026-03-25 14:08:27,638 INFO  [eu.fayder.restcountries.v1.rest.CountryRestV1:163] Getting by region Deep South
2026-03-25 14:08:27,669 INFO  [eu.fayder.restcountries.v1.rest.CountryRestV1:163] Getting by region Great Plains
2026-03-25 14:08:47,889 INFO  [eu.fayder.restcountries.v1.rest.CountryRestV1:179] Getting by language ru
2026-03-25 14:08:47,908 INFO  [eu.fayder.restcountries.v1.rest.CountryRestV1:179] Getting by language pt
2026-03-25 14:08:47,924 INFO  [eu.fayder.restcountries.v1.rest.CountryRestV1:179] Getting by language apn
2026-03-25 14:08:47,931 INFO  [eu.fayder.restcountries.v1.rest.CountryRestV1:179] Getting by language hak
2026-03-25 14:08:47,937 INFO  [eu.fayder.restcountries.v1.rest.CountryRestV1:179] Getting by language crh
2026-03-25 14:08:47,955 INFO  [eu.fayder.restcountries.v1.rest.CountryRestV1:179] Getting by language fr
2026-03-25 14:08:47,985 INFO  [eu.fayder.restcountries.v1.rest.CountryRestV1:179] Getting by language fur
2026-03-25 14:08:48,001 INFO  [eu.fayder.restcountries.v1.rest.CountryRestV1:179] Getting by language ug
2026-03-25 14:08:48,032 INFO  [eu.fayder.restcountries.v1.rest.CountryRestV1:179] Getting by language es
2026-03-25 14:08:48,038 INFO  [eu.fayder.restcountries.v1.rest.CountryRestV1:179] Getting by language os
2026-03-25 14:08:48,063 INFO  [eu.fayder.restcountries.v1.rest.CountryRestV1:179] Getting by language mk
2026-03-25 14:08:48,095 INFO  [eu.fayder.restcountries.v1.rest.CountryRestV1:179] Getting by language or
2026-03-25 14:08:48,101 INFO  [eu.fayder.restcountries.v1.rest.CountryRestV1:179] Getting by language ks
2026-03-25 14:08:48,125 INFO  [eu.fayder.restcountries.v1.rest.CountryRestV1:179] Getting by language the
2026-03-25 14:08:48,157 INFO  [eu.fayder.restcountries.v1.rest.CountryRestV1:179] Getting by language dz
2026-03-25 14:08:48,188 INFO  [eu.fayder.restcountries.v1.rest.CountryRestV1:179] Getting by language de
2026-03-25 14:08:48,219 INFO  [eu.fayder.restcountries.v1.rest.CountryRestV1:179] Getting by language vi
2026-03-25 14:08:48,226 INFO  [eu.fayder.restcountries.v1.rest.CountryRestV1:179] Getting by language af
2026-03-25 14:08:48,250 INFO  [eu.fayder.restcountries.v1.rest.CountryRestV1:179] Getting by language lo
2026-03-25 14:08:48,281 INFO  [eu.fayder.restcountries.v1.rest.CountryRestV1:179] Getting by language nr
2026-03-25 14:08:48,312 INFO  [eu.fayder.restcountries.v1.rest.CountryRestV1:179] Getting by language sc
2026-03-25 14:08:48,344 INFO  [eu.fayder.restcountries.v1.rest.CountryRestV1:179] Getting by language ks
2026-03-25 14:08:48,374 INFO  [eu.fayder.restcountries.v1.rest.CountryRestV1:179] Getting by language be
2026-03-25 14:08:48,406 INFO  [eu.fayder.restcountries.v1.rest.CountryRestV1:179] Getting by language cmn
2026-03-25 14:08:48,439 INFO  [eu.fayder.restcountries.v1.rest.CountryRestV1:179] Getting by language it
2026-03-25 14:08:48,469 INFO  [eu.fayder.restcountries.v1.rest.CountryRestV1:179] Getting by language mag
2026-03-25 14:08:48,478 INFO  [eu.fayder.restcountries.v1.rest.CountryRestV1:179] Getting by language crh
2026-03-25 14:08:48,486 INFO  [eu.fayder.restcountries.v1.rest.CountryRestV1:179] Getting by language ko
2026-03-25 14:08:48,517 INFO  [eu.fayder.restcountries.v1.rest.CountryRestV1:179] Getting by language is
2026-03-25 14:08:48,547 INFO  [eu.fayder.restcountries.v1.rest.CountryRestV1:179] Getting by language ro
2026-03-25 14:08:48,579 INFO  [eu.fayder.restcountries.v1.rest.CountryRestV1:179] Getting by language byn
2026-03-25 14:08:48,587 INFO  [eu.fayder.restcountries.v1.rest.CountryRestV1:179] Getting by language lzh
2026-03-25 14:08:48,597 INFO  [eu.fayder.restcountries.v1.rest.CountryRestV1:179] Getting by language ia
2026-03-25 14:08:48,625 INFO  [eu.fayder.restcountries.v1.rest.CountryRestV1:179] Getting by language ko
2026-03-25 14:08:48,655 INFO  [eu.fayder.restcountries.v1.rest.CountryRestV1:179] Getting by language km
2026-03-25 14:08:48,688 INFO  [eu.fayder.restcountries.v1.rest.CountryRestV1:179] Getting by language cmn
2026-03-25 14:08:48,719 INFO  [eu.fayder.restcountries.v1.rest.CountryRestV1:179] Getting by language bem
2026-03-25 14:08:48,733 INFO  [eu.fayder.restcountries.v1.rest.CountryRestV1:179] Getting by language oc
2026-03-25 14:08:48,743 INFO  [eu.fayder.restcountries.v1.rest.CountryRestV1:179] Getting by language ug
2026-03-25 14:08:48,757 INFO  [eu.fayder.restcountries.v1.rest.CountryRestV1:179] Getting by language es
2026-03-25 14:08:48,780 INFO  [eu.fayder.restcountries.v1.rest.CountryRestV1:179] Getting by language ky
2026-03-25 14:08:48,794 INFO  [eu.fayder.restcountries.v1.rest.CountryRestV1:179] Getting by language apn
2026-03-25 14:08:48,804 INFO  [eu.fayder.restcountries.v1.rest.CountryRestV1:179] Getting by language gl
2026-03-25 14:08:48,820 INFO  [eu.fayder.restcountries.v1.rest.CountryRestV1:179] Getting by language fr
2026-03-25 14:08:48,857 INFO  [eu.fayder.restcountries.v1.rest.CountryRestV1:179] Getting by language mg
2026-03-25 14:08:48,869 INFO  [eu.fayder.restcountries.v1.rest.CountryRestV1:179] Getting by language ur
2026-03-25 14:08:48,904 INFO  [eu.fayder.restcountries.v1.rest.CountryRestV1:179] Getting by language ig
2026-03-25 14:08:48,935 INFO  [eu.fayder.restcountries.v1.rest.CountryRestV1:179] Getting by language eu
2026-03-25 14:08:48,965 INFO  [eu.fayder.restcountries.v1.rest.CountryRestV1:179] Getting by language nhn
2026-03-25 14:08:48,996 INFO  [eu.fayder.restcountries.v1.rest.CountryRestV1:179] Getting by language ak
2026-03-25 14:09:33,749 INFO  [eu.fayder.restcountries.v2.rest.CountryRestV2:43] Getting by alpha KG
2026-03-25 14:09:33,767 INFO  [eu.fayder.restcountries.v2.rest.CountryRestV2:43] Getting by alpha DM
2026-03-25 14:09:33,782 INFO  [eu.fayder.restcountries.v2.rest.CountryRestV2:43] Getting by alpha CH
2026-03-25 14:09:33,798 INFO  [eu.fayder.restcountries.v2.rest.CountryRestV2:43] Getting by alpha RS
2026-03-25 14:09:33,814 INFO  [eu.fayder.restcountries.v2.rest.CountryRestV2:43] Getting by alpha GN
2026-03-25 14:09:33,819 INFO  [eu.fayder.restcountries.v2.rest.CountryRestV2:43] Getting by alpha SN
2026-03-25 14:09:33,845 INFO  [eu.fayder.restcountries.v2.rest.CountryRestV2:43] Getting by alpha KP
2026-03-25 14:09:33,860 INFO  [eu.fayder.restcountries.v2.rest.CountryRestV2:43] Getting by alpha PH
2026-03-25 14:09:33,891 INFO  [eu.fayder.restcountries.v2.rest.CountryRestV2:43] Getting by alpha BR
2026-03-25 14:09:33,921 INFO  [eu.fayder.restcountries.v2.rest.CountryRestV2:43] Getting by alpha HT
2026-03-25 14:09:33,938 INFO  [eu.fayder.restcountries.v2.rest.CountryRestV2:43] Getting by alpha FJ
2026-03-25 14:09:33,944 INFO  [eu.fayder.restcountries.v2.rest.CountryRestV2:43] Getting by alpha RS
2026-03-25 14:09:33,968 INFO  [eu.fayder.restcountries.v2.rest.CountryRestV2:43] Getting by alpha CR
2026-03-25 14:09:34,000 INFO  [eu.fayder.restcountries.v2.rest.CountryRestV2:43] Getting by alpha DE
2026-03-25 14:09:34,017 INFO  [eu.fayder.restcountries.v2.rest.CountryRestV2:43] Getting by alpha BB
2026-03-25 14:09:34,047 INFO  [eu.fayder.restcountries.v2.rest.CountryRestV2:43] Getting by alpha CN
2026-03-25 14:09:34,078 INFO  [eu.fayder.restcountries.v2.rest.CountryRestV2:43] Getting by alpha ER
2026-03-25 14:09:34,094 INFO  [eu.fayder.restcountries.v2.rest.CountryRestV2:43] Getting by alpha PA
2026-03-25 14:09:34,125 INFO  [eu.fayder.restcountries.v2.rest.CountryRestV2:43] Getting by alpha SI
2026-03-25 14:09:34,157 INFO  [eu.fayder.restcountries.v2.rest.CountryRestV2:43] Getting by alpha TJ
2026-03-25 14:09:34,188 INFO  [eu.fayder.restcountries.v2.rest.CountryRestV2:43] Getting by alpha GE
2026-03-25 14:09:34,219 INFO  [eu.fayder.restcountries.v2.rest.CountryRestV2:43] Getting by alpha SR
2026-03-25 14:09:34,250 INFO  [eu.fayder.restcountries.v2.rest.CountryRestV2:43] Getting by alpha ES
2026-03-25 14:09:34,266 INFO  [eu.fayder.restcountries.v2.rest.CountryRestV2:43] Getting by alpha MX
2026-03-25 14:09:34,298 INFO  [eu.fayder.restcountries.v2.rest.CountryRestV2:43] Getting by alpha UZ
2026-03-25 14:09:34,305 INFO  [eu.fayder.restcountries.v2.rest.CountryRestV2:43] Getting by alpha NR
2026-03-25 14:09:34,329 INFO  [eu.fayder.restcountries.v2.rest.CountryRestV2:43] Getting by alpha ER
2026-03-25 14:09:34,361 INFO  [eu.fayder.restcountries.v2.rest.CountryRestV2:43] Getting by alpha DZ
2026-03-25 14:09:34,393 INFO  [eu.fayder.restcountries.v2.rest.CountryRestV2:43] Getting by alpha PH
2026-03-25 14:09:34,423 INFO  [eu.fayder.restcountries.v2.rest.CountryRestV2:43] Getting by alpha ST
2026-03-25 14:09:34,454 INFO  [eu.fayder.restcountries.v2.rest.CountryRestV2:43] Getting by alpha SV
2026-03-25 14:09:34,484 INFO  [eu.fayder.restcountries.v2.rest.CountryRestV2:43] Getting by alpha GT
2026-03-25 14:09:34,515 INFO  [eu.fayder.restcountries.v2.rest.CountryRestV2:43] Getting by alpha SL
2026-03-25 14:09:34,546 INFO  [eu.fayder.restcountries.v2.rest.CountryRestV2:43] Getting by alpha PG
2026-03-25 14:09:34,556 INFO  [eu.fayder.restcountries.v2.rest.CountryRestV2:43] Getting by alpha VN
2026-03-25 14:09:34,577 INFO  [eu.fayder.restcountries.v2.rest.CountryRestV2:43] Getting by alpha TL
2026-03-25 14:09:34,609 INFO  [eu.fayder.restcountries.v2.rest.CountryRestV2:43] Getting by alpha IT
2026-03-25 14:09:34,641 INFO  [eu.fayder.restcountries.v2.rest.CountryRestV2:43] Getting by alpha BJ
2026-03-25 14:09:34,672 INFO  [eu.fayder.restcountries.v2.rest.CountryRestV2:43] Getting by alpha BJ
2026-03-25 14:09:34,703 INFO  [eu.fayder.restcountries.v2.rest.CountryRestV2:43] Getting by alpha CD
2026-03-25 14:09:34,711 INFO  [eu.fayder.restcountries.v2.rest.CountryRestV2:43] Getting by alpha TN
2026-03-25 14:09:34,734 INFO  [eu.fayder.restcountries.v2.rest.CountryRestV2:43] Getting by alpha LR
2026-03-25 14:09:34,745 INFO  [eu.fayder.restcountries.v2.rest.CountryRestV2:43] Getting by alpha TW
2026-03-25 14:09:34,755 INFO  [eu.fayder.restcountries.v2.rest.CountryRestV2:43] Getting by alpha TD
2026-03-25 14:09:34,780 INFO  [eu.fayder.restcountries.v2.rest.CountryRestV2:43] Getting by alpha MG
2026-03-25 14:09:34,790 INFO  [eu.fayder.restcountries.v2.rest.CountryRestV2:43] Getting by alpha DO
2026-03-25 14:09:34,826 INFO  [eu.fayder.restcountries.v2.rest.CountryRestV2:43] Getting by alpha MN
2026-03-25 14:09:34,856 INFO  [eu.fayder.restcountries.v2.rest.CountryRestV2:43] Getting by alpha ES
2026-03-25 14:09:34,867 INFO  [eu.fayder.restcountries.v2.rest.CountryRestV2:43] Getting by alpha KW
2026-03-25 14:09:34,887 INFO  [eu.fayder.restcountries.v2.rest.CountryRestV2:43] Getting by alpha NZ
2026-03-25 14:10:02,935 INFO  [eu.fayder.restcountries.v2.rest.CountryRestV2:76] Getting by currency JEP
2026-03-25 14:10:02,966 INFO  [eu.fayder.restcountries.v2.rest.CountryRestV2:76] Getting by currency PEN
2026-03-25 14:10:02,974 INFO  [eu.fayder.restcountries.v2.rest.CountryRestV2:76] Getting by currency AFN
2026-03-25 14:10:02,979 INFO  [eu.fayder.restcountries.v2.rest.CountryRestV2:76] Getting by currency NAD
2026-03-25 14:10:02,997 INFO  [eu.fayder.restcountries.v2.rest.CountryRestV2:76] Getting by currency IRR
2026-03-25 14:10:03,013 INFO  [eu.fayder.restcountries.v2.rest.CountryRestV2:76] Getting by currency TOP
2026-03-25 14:10:03,028 INFO  [eu.fayder.restcountries.v2.rest.CountryRestV2:76] Getting by currency RON
2026-03-25 14:10:03,034 INFO  [eu.fayder.restcountries.v2.rest.CountryRestV2:76] Getting by currency GHS
2026-03-25 14:10:03,060 INFO  [eu.fayder.restcountries.v2.rest.CountryRestV2:76] Getting by currency GTQ
2026-03-25 14:10:03,090 INFO  [eu.fayder.restcountries.v2.rest.CountryRestV2:76] Getting by currency TTD
2026-03-25 14:10:03,121 INFO  [eu.fayder.restcountries.v2.rest.CountryRestV2:76] Getting by currency BAM
2026-03-25 14:10:03,152 INFO  [eu.fayder.restcountries.v2.rest.CountryRestV2:76] Getting by currency ERN
2026-03-25 14:10:03,183 INFO  [eu.fayder.restcountries.v2.rest.CountryRestV2:76] Getting by currency SYP
2026-03-25 14:10:03,199 INFO  [eu.fayder.restcountries.v2.rest.CountryRestV2:76] Getting by currency NPR
2026-03-25 14:10:03,230 INFO  [eu.fayder.restcountries.v2.rest.CountryRestV2:76] Getting by currency BDT
2026-03-25 14:10:03,262 INFO  [eu.fayder.restcountries.v2.rest.CountryRestV2:76] Getting by currency VEF
2026-03-25 14:10:03,268 INFO  [eu.fayder.restcountries.v2.rest.CountryRestV2:76] Getting by currency ANG
2026-03-25 14:10:03,293 INFO  [eu.fayder.restcountries.v2.rest.CountryRestV2:76] Getting by currency AZN
2026-03-25 14:10:03,300 INFO  [eu.fayder.restcountries.v2.rest.CountryRestV2:76] Getting by currency CUP
2026-03-25 14:10:03,306 INFO  [eu.fayder.restcountries.v2.rest.CountryRestV2:76] Getting by currency NZD
2026-03-25 14:10:03,339 INFO  [eu.fayder.restcountries.v2.rest.CountryRestV2:76] Getting by currency UZS
2026-03-25 14:10:03,370 INFO  [eu.fayder.restcountries.v2.rest.CountryRestV2:76] Getting by currency ZWD
2026-03-25 14:10:03,401 INFO  [eu.fayder.restcountries.v2.rest.CountryRestV2:76] Getting by currency AOA
2026-03-25 14:10:03,408 INFO  [eu.fayder.restcountries.v2.rest.CountryRestV2:76] Getting by currency RWF
2026-03-25 14:10:03,432 INFO  [eu.fayder.restcountries.v2.rest.CountryRestV2:76] Getting by currency NGN
2026-03-25 14:10:03,462 INFO  [eu.fayder.restcountries.v2.rest.CountryRestV2:76] Getting by currency UZS
2026-03-25 14:10:03,493 INFO  [eu.fayder.restcountries.v2.rest.CountryRestV2:76] Getting by currency IDR
2026-03-25 14:10:03,524 INFO  [eu.fayder.restcountries.v2.rest.CountryRestV2:76] Getting by currency MDL
2026-03-25 14:10:03,555 INFO  [eu.fayder.restcountries.v2.rest.CountryRestV2:76] Getting by currency ERN
2026-03-25 14:10:03,564 INFO  [eu.fayder.restcountries.v2.rest.CountryRestV2:76] Getting by currency RWF
2026-03-25 14:10:03,587 INFO  [eu.fayder.restcountries.v2.rest.CountryRestV2:76] Getting by currency ERN
2026-03-25 14:10:03,595 INFO  [eu.fayder.restcountries.v2.rest.CountryRestV2:76] Getting by currency BDT
2026-03-25 14:10:03,617 INFO  [eu.fayder.restcountries.v2.rest.CountryRestV2:76] Getting by currency GBP
2026-03-25 14:10:03,650 INFO  [eu.fayder.restcountries.v2.rest.CountryRestV2:76] Getting by currency BRL
2026-03-25 14:10:03,658 INFO  [eu.fayder.restcountries.v2.rest.CountryRestV2:76] Getting by currency AED
2026-03-25 14:10:03,680 INFO  [eu.fayder.restcountries.v2.rest.CountryRestV2:76] Getting by currency BBD
2026-03-25 14:10:03,711 INFO  [eu.fayder.restcountries.v2.rest.CountryRestV2:76] Getting by currency JPY
2026-03-25 14:10:03,741 INFO  [eu.fayder.restcountries.v2.rest.CountryRestV2:76] Getting by currency PGK
2026-03-25 14:10:03,773 INFO  [eu.fayder.restcountries.v2.rest.CountryRestV2:76] Getting by currency BIF
2026-03-25 14:10:03,805 INFO  [eu.fayder.restcountries.v2.rest.CountryRestV2:76] Getting by currency ALL
2026-03-25 14:10:03,835 INFO  [eu.fayder.restcountries.v2.rest.CountryRestV2:76] Getting by currency LYD
2026-03-25 14:10:03,866 INFO  [eu.fayder.restcountries.v2.rest.CountryRestV2:76] Getting by currency GBP
2026-03-25 14:10:03,899 INFO  [eu.fayder.restcountries.v2.rest.CountryRestV2:76] Getting by currency PYG
2026-03-25 14:10:03,929 INFO  [eu.fayder.restcountries.v2.rest.CountryRestV2:76] Getting by currency UAH
2026-03-25 14:10:03,962 INFO  [eu.fayder.restcountries.v2.rest.CountryRestV2:76] Getting by currency CAD
2026-03-25 14:10:03,971 INFO  [eu.fayder.restcountries.v2.rest.CountryRestV2:76] Getting by currency RUB
2026-03-25 14:10:03,993 INFO  [eu.fayder.restcountries.v2.rest.CountryRestV2:76] Getting by currency BYR
2026-03-25 14:10:04,023 INFO  [eu.fayder.restcountries.v2.rest.CountryRestV2:76] Getting by currency MDL
2026-03-25 14:10:04,035 INFO  [eu.fayder.restcountries.v2.rest.CountryRestV2:76] Getting by currency VUV
2026-03-25 14:10:04,071 INFO  [eu.fayder.restcountries.v2.rest.CountryRestV2:76] Getting by currency ZMW
2026-03-25 14:10:37,444 INFO  [eu.fayder.restcountries.v2.rest.CountryRestV2:95] Getting by name JohnDoe
2026-03-25 14:10:37,464 INFO  [eu.fayder.restcountries.v2.rest.CountryRestV2:95] Getting by name AliceSmith
2026-03-25 14:10:37,471 INFO  [eu.fayder.restcountries.v2.rest.CountryRestV2:95] Getting by name MichaelJohnson
2026-03-25 14:10:37,496 INFO  [eu.fayder.restcountries.v2.rest.CountryRestV2:95] Getting by name EmmaBrown
2026-03-25 14:10:37,526 INFO  [eu.fayder.restcountries.v2.rest.CountryRestV2:95] Getting by name WilliamJones
2026-03-25 14:10:37,557 INFO  [eu.fayder.restcountries.v2.rest.CountryRestV2:95] Getting by name OliviaGarcia
2026-03-25 14:10:37,588 INFO  [eu.fayder.restcountries.v2.rest.CountryRestV2:95] Getting by name JamesMartinez
2026-03-25 14:10:37,620 INFO  [eu.fayder.restcountries.v2.rest.CountryRestV2:95] Getting by name SophiaRodriguez
2026-03-25 14:10:37,650 INFO  [eu.fayder.restcountries.v2.rest.CountryRestV2:95] Getting by name BenjaminLee
2026-03-25 14:10:37,659 INFO  [eu.fayder.restcountries.v2.rest.CountryRestV2:95] Getting by name MiaWalker
2026-03-25 14:10:37,681 INFO  [eu.fayder.restcountries.v2.rest.CountryRestV2:95] Getting by name LucasHall
2026-03-25 14:10:37,711 INFO  [eu.fayder.restcountries.v2.rest.CountryRestV2:95] Getting by name AmeliaAllen
2026-03-25 14:10:37,720 INFO  [eu.fayder.restcountries.v2.rest.CountryRestV2:95] Getting by name EthanYoung
2026-03-25 14:10:37,743 INFO  [eu.fayder.restcountries.v2.rest.CountryRestV2:95] Getting by name IsabellaHernandez
2026-03-25 14:10:37,751 INFO  [eu.fayder.restcountries.v2.rest.CountryRestV2:95] Getting by name AlexanderKing
2026-03-25 14:10:37,773 INFO  [eu.fayder.restcountries.v2.rest.CountryRestV2:95] Getting by name CharlotteWright
2026-03-25 14:10:37,789 INFO  [eu.fayder.restcountries.v2.rest.CountryRestV2:95] Getting by name DanielLopez
2026-03-25 14:10:37,819 INFO  [eu.fayder.restcountries.v2.rest.CountryRestV2:95] Getting by name AmeliaHill
2026-03-25 14:10:37,850 INFO  [eu.fayder.restcountries.v2.rest.CountryRestV2:95] Getting by name EvelynScott
2026-03-25 14:10:37,881 INFO  [eu.fayder.restcountries.v2.rest.CountryRestV2:95] Getting by name MatthewGreen
2026-03-25 14:10:37,913 INFO  [eu.fayder.restcountries.v2.rest.CountryRestV2:95] Getting by name HarperAdams
2026-03-25 14:10:37,922 INFO  [eu.fayder.restcountries.v2.rest.CountryRestV2:95] Getting by name JackBaker
2026-03-25 14:10:37,930 INFO  [eu.fayder.restcountries.v2.rest.CountryRestV2:95] Getting by name EllaNelson
2026-03-25 14:10:37,960 INFO  [eu.fayder.restcountries.v2.rest.CountryRestV2:95] Getting by name HenryCarter
2026-03-25 14:10:37,970 INFO  [eu.fayder.restcountries.v2.rest.CountryRestV2:95] Getting by name AveryMitchell
2026-03-25 14:10:37,991 INFO  [eu.fayder.restcountries.v2.rest.CountryRestV2:95] Getting by name SebastianPerez
2026-03-25 14:10:38,022 INFO  [eu.fayder.restcountries.v2.rest.CountryRestV2:95] Getting by name LunaRoberts
2026-03-25 14:10:38,053 INFO  [eu.fayder.restcountries.v2.rest.CountryRestV2:95] Getting by name DavidTurner
2026-03-25 14:10:38,084 INFO  [eu.fayder.restcountries.v2.rest.CountryRestV2:95] Getting by name ZoePhillips
2026-03-25 14:10:38,115 INFO  [eu.fayder.restcountries.v2.rest.CountryRestV2:95] Getting by name JosephCampbell
2026-03-25 14:10:38,146 INFO  [eu.fayder.restcountries.v2.rest.CountryRestV2:95] Getting by name MadisonParker
2026-03-25 14:10:38,178 INFO  [eu.fayder.restcountries.v2.rest.CountryRestV2:95] Getting by name GabrielEvans
2026-03-25 14:10:38,209 INFO  [eu.fayder.restcountries.v2.rest.CountryRestV2:95] Getting by name VictoriaEdwards
2026-03-25 14:10:38,218 INFO  [eu.fayder.restcountries.v2.rest.CountryRestV2:95] Getting by name SamuelCollins
2026-03-25 14:10:38,242 INFO  [eu.fayder.restcountries.v2.rest.CountryRestV2:95] Getting by name GraceStewart
2026-03-25 14:10:38,273 INFO  [eu.fayder.restcountries.v2.rest.CountryRestV2:95] Getting by name AndrewMorris
2026-03-25 14:10:38,284 INFO  [eu.fayder.restcountries.v2.rest.CountryRestV2:95] Getting by name ChloeRogers
2026-03-25 14:10:38,295 INFO  [eu.fayder.restcountries.v2.rest.CountryRestV2:95] Getting by name NathanReed
2026-03-25 14:10:38,306 INFO  [eu.fayder.restcountries.v2.rest.CountryRestV2:95] Getting by name LilyCook
2026-03-25 14:10:38,335 INFO  [eu.fayder.restcountries.v2.rest.CountryRestV2:95] Getting by name RyanMorgan
2026-03-25 14:10:38,346 INFO  [eu.fayder.restcountries.v2.rest.CountryRestV2:95] Getting by name SamanthaBell
2026-03-25 14:10:38,357 INFO  [eu.fayder.restcountries.v2.rest.CountryRestV2:95] Getting by name ChristianMurphy
2026-03-25 14:10:38,382 INFO  [eu.fayder.restcountries.v2.rest.CountryRestV2:95] Getting by name NatalieBailey
2026-03-25 14:10:38,413 INFO  [eu.fayder.restcountries.v2.rest.CountryRestV2:95] Getting by name JonathanRivera
2026-03-25 14:10:38,443 INFO  [eu.fayder.restcountries.v2.rest.CountryRestV2:95] Getting by name HannahCooper
2026-03-25 14:10:38,475 INFO  [eu.fayder.restcountries.v2.rest.CountryRestV2:95] Getting by name EliRichardson
2026-03-25 14:10:38,505 INFO  [eu.fayder.restcountries.v2.rest.CountryRestV2:95] Getting by name AddisonCox
2026-03-25 14:10:38,518 INFO  [eu.fayder.restcountries.v2.rest.CountryRestV2:95] Getting by name AaronHoward
2026-03-25 14:10:38,552 INFO  [eu.fayder.restcountries.v2.rest.CountryRestV2:95] Getting by name ZacharyWard
2026-03-25 14:10:38,584 INFO  [eu.fayder.restcountries.v2.rest.CountryRestV2:95] Getting by name BrooklynTorres
2026-03-25 14:11:13,621 INFO  [eu.fayder.restcountries.v2.rest.CountryRestV2:111] Getting by calling code +5
2026-03-25 14:11:13,636 INFO  [eu.fayder.restcountries.v2.rest.CountryRestV2:111] Getting by calling code +2
2026-03-25 14:11:13,641 INFO  [eu.fayder.restcountries.v2.rest.CountryRestV2:111] Getting by calling code +1
2026-03-25 14:11:13,667 INFO  [eu.fayder.restcountries.v2.rest.CountryRestV2:111] Getting by calling code +0
2026-03-25 14:11:13,683 INFO  [eu.fayder.restcountries.v2.rest.CountryRestV2:111] Getting by calling code +28
2026-03-25 14:11:13,689 INFO  [eu.fayder.restcountries.v2.rest.CountryRestV2:111] Getting by calling code +14
2026-03-25 14:11:13,695 INFO  [eu.fayder.restcountries.v2.rest.CountryRestV2:111] Getting by calling code +8
2026-03-25 14:11:13,701 INFO  [eu.fayder.restcountries.v2.rest.CountryRestV2:111] Getting by calling code +3048
2026-03-25 14:11:13,730 INFO  [eu.fayder.restcountries.v2.rest.CountryRestV2:111] Getting by calling code +3
2026-03-25 14:11:13,761 INFO  [eu.fayder.restcountries.v2.rest.CountryRestV2:111] Getting by calling code +1
2026-03-25 14:11:13,777 INFO  [eu.fayder.restcountries.v2.rest.CountryRestV2:111] Getting by calling code +7
2026-03-25 14:11:13,793 INFO  [eu.fayder.restcountries.v2.rest.CountryRestV2:111] Getting by calling code +7
2026-03-25 14:11:13,824 INFO  [eu.fayder.restcountries.v2.rest.CountryRestV2:111] Getting by calling code +8
2026-03-25 14:11:13,855 INFO  [eu.fayder.restcountries.v2.rest.CountryRestV2:111] Getting by calling code +1
2026-03-25 14:11:13,886 INFO  [eu.fayder.restcountries.v2.rest.CountryRestV2:111] Getting by calling code +3
2026-03-25 14:11:13,917 INFO  [eu.fayder.restcountries.v2.rest.CountryRestV2:111] Getting by calling code +4
2026-03-25 14:11:13,924 INFO  [eu.fayder.restcountries.v2.rest.CountryRestV2:111] Getting by calling code +28
2026-03-25 14:11:13,947 INFO  [eu.fayder.restcountries.v2.rest.CountryRestV2:111] Getting by calling code +5
2026-03-25 14:11:13,979 INFO  [eu.fayder.restcountries.v2.rest.CountryRestV2:111] Getting by calling code +5643
2026-03-25 14:11:14,010 INFO  [eu.fayder.restcountries.v2.rest.CountryRestV2:111] Getting by calling code +0
2026-03-25 14:11:14,041 INFO  [eu.fayder.restcountries.v2.rest.CountryRestV2:111] Getting by calling code +2461
2026-03-25 14:11:14,057 INFO  [eu.fayder.restcountries.v2.rest.CountryRestV2:111] Getting by calling code +1
2026-03-25 14:11:14,089 INFO  [eu.fayder.restcountries.v2.rest.CountryRestV2:111] Getting by calling code +0
2026-03-25 14:11:14,118 INFO  [eu.fayder.restcountries.v2.rest.CountryRestV2:111] Getting by calling code +99
2026-03-25 14:11:14,127 INFO  [eu.fayder.restcountries.v2.rest.CountryRestV2:111] Getting by calling code +34
2026-03-25 14:11:14,149 INFO  [eu.fayder.restcountries.v2.rest.CountryRestV2:111] Getting by calling code +1
2026-03-25 14:11:14,157 INFO  [eu.fayder.restcountries.v2.rest.CountryRestV2:111] Getting by calling code +35
2026-03-25 14:11:14,180 INFO  [eu.fayder.restcountries.v2.rest.CountryRestV2:111] Getting by calling code +9
2026-03-25 14:11:14,188 INFO  [eu.fayder.restcountries.v2.rest.CountryRestV2:111] Getting by calling code +307
2026-03-25 14:11:14,196 INFO  [eu.fayder.restcountries.v2.rest.CountryRestV2:111] Getting by calling code +017
2026-03-25 14:11:14,204 INFO  [eu.fayder.restcountries.v2.rest.CountryRestV2:111] Getting by calling code +3
2026-03-25 14:11:14,212 INFO  [eu.fayder.restcountries.v2.rest.CountryRestV2:111] Getting by calling code +4
2026-03-25 14:11:14,242 INFO  [eu.fayder.restcountries.v2.rest.CountryRestV2:111] Getting by calling code +0
2026-03-25 14:11:14,274 INFO  [eu.fayder.restcountries.v2.rest.CountryRestV2:111] Getting by calling code +2
2026-03-25 14:11:14,305 INFO  [eu.fayder.restcountries.v2.rest.CountryRestV2:111] Getting by calling code +2882
2026-03-25 14:11:14,336 INFO  [eu.fayder.restcountries.v2.rest.CountryRestV2:111] Getting by calling code +39
2026-03-25 14:11:14,368 INFO  [eu.fayder.restcountries.v2.rest.CountryRestV2:111] Getting by calling code +4131
2026-03-25 14:11:14,399 INFO  [eu.fayder.restcountries.v2.rest.CountryRestV2:111] Getting by calling code +917
2026-03-25 14:11:14,431 INFO  [eu.fayder.restcountries.v2.rest.CountryRestV2:111] Getting by calling code +0
2026-03-25 14:11:14,461 INFO  [eu.fayder.restcountries.v2.rest.CountryRestV2:111] Getting by calling code +3
2026-03-25 14:11:14,492 INFO  [eu.fayder.restcountries.v2.rest.CountryRestV2:111] Getting by calling code +0
2026-03-25 14:11:14,523 INFO  [eu.fayder.restcountries.v2.rest.CountryRestV2:111] Getting by calling code +82
2026-03-25 14:11:14,554 INFO  [eu.fayder.restcountries.v2.rest.CountryRestV2:111] Getting by calling code +5478
2026-03-25 14:11:14,585 INFO  [eu.fayder.restcountries.v2.rest.CountryRestV2:111] Getting by calling code +4733
2026-03-25 14:11:14,616 INFO  [eu.fayder.restcountries.v2.rest.CountryRestV2:111] Getting by calling code +6380
2026-03-25 14:11:14,625 INFO  [eu.fayder.restcountries.v2.rest.CountryRestV2:111] Getting by calling code +858
2026-03-25 14:11:14,647 INFO  [eu.fayder.restcountries.v2.rest.CountryRestV2:111] Getting by calling code +5
2026-03-25 14:11:14,659 INFO  [eu.fayder.restcountries.v2.rest.CountryRestV2:111] Getting by calling code +0
2026-03-25 14:11:14,678 INFO  [eu.fayder.restcountries.v2.rest.CountryRestV2:111] Getting by calling code +58
2026-03-25 14:11:14,709 INFO  [eu.fayder.restcountries.v2.rest.CountryRestV2:111] Getting by calling code +40
2026-03-25 14:11:45,379 INFO  [eu.fayder.restcountries.v2.rest.CountryRestV2:127] Getting by capital Paris
2026-03-25 14:11:45,399 INFO  [eu.fayder.restcountries.v2.rest.CountryRestV2:127] Getting by capital Tokyo
2026-03-25 14:11:45,430 INFO  [eu.fayder.restcountries.v2.rest.CountryRestV2:127] Getting by capital Berlin
2026-03-25 14:11:45,461 INFO  [eu.fayder.restcountries.v2.rest.CountryRestV2:127] Getting by capital Madrid
2026-03-25 14:11:45,477 INFO  [eu.fayder.restcountries.v2.rest.CountryRestV2:127] Getting by capital London
2026-03-25 14:11:45,493 INFO  [eu.fayder.restcountries.v2.rest.CountryRestV2:127] Getting by capital Rome
2026-03-25 14:11:45,508 INFO  [eu.fayder.restcountries.v2.rest.CountryRestV2:127] Getting by capital Ottawa
2026-03-25 14:11:45,524 INFO  [eu.fayder.restcountries.v2.rest.CountryRestV2:127] Getting by capital Canberra
2026-03-25 14:11:45,555 INFO  [eu.fayder.restcountries.v2.rest.CountryRestV2:127] Getting by capital Brasilia
2026-03-25 14:11:45,586 INFO  [eu.fayder.restcountries.v2.rest.CountryRestV2:127] Getting by capital Beijing
2026-03-25 14:11:45,618 INFO  [eu.fayder.restcountries.v2.rest.CountryRestV2:127] Getting by capital Moscow
2026-03-25 14:11:45,624 INFO  [eu.fayder.restcountries.v2.rest.CountryRestV2:127] Getting by capital Cairo
2026-03-25 14:11:45,649 INFO  [eu.fayder.restcountries.v2.rest.CountryRestV2:127] Getting by capital Bangkok
2026-03-25 14:11:45,680 INFO  [eu.fayder.restcountries.v2.rest.CountryRestV2:127] Getting by capital Helsinki
2026-03-25 14:11:45,711 INFO  [eu.fayder.restcountries.v2.rest.CountryRestV2:127] Getting by capital Kuala Lumpur
2026-03-25 14:11:45,727 INFO  [eu.fayder.restcountries.v2.rest.CountryRestV2:127] Getting by capital Lisbon
2026-03-25 14:11:45,758 INFO  [eu.fayder.restcountries.v2.rest.CountryRestV2:127] Getting by capital Vienna
2026-03-25 14:11:45,790 INFO  [eu.fayder.restcountries.v2.rest.CountryRestV2:127] Getting by capital Seoul
2026-03-25 14:11:45,821 INFO  [eu.fayder.restcountries.v2.rest.CountryRestV2:127] Getting by capital Jakarta
2026-03-25 14:11:45,852 INFO  [eu.fayder.restcountries.v2.rest.CountryRestV2:127] Getting by capital Athens
2026-03-25 14:11:45,883 INFO  [eu.fayder.restcountries.v2.rest.CountryRestV2:127] Getting by capital Stockholm
2026-03-25 14:11:45,914 INFO  [eu.fayder.restcountries.v2.rest.CountryRestV2:127] Getting by capital Dublin
2026-03-25 14:11:45,921 INFO  [eu.fayder.restcountries.v2.rest.CountryRestV2:127] Getting by capital Nairobi
2026-03-25 14:11:45,945 INFO  [eu.fayder.restcountries.v2.rest.CountryRestV2:127] Getting by capital Havana
2026-03-25 14:11:45,953 INFO  [eu.fayder.restcountries.v2.rest.CountryRestV2:127] Getting by capital Riyadh
2026-03-25 14:11:45,977 INFO  [eu.fayder.restcountries.v2.rest.CountryRestV2:127] Getting by capital New Delhi
2026-03-25 14:11:46,007 INFO  [eu.fayder.restcountries.v2.rest.CountryRestV2:127] Getting by capital Kampala
2026-03-25 14:11:46,015 INFO  [eu.fayder.restcountries.v2.rest.CountryRestV2:127] Getting by capital Wellington
2026-03-25 14:11:46,038 INFO  [eu.fayder.restcountries.v2.rest.CountryRestV2:127] Getting by capital Lima
2026-03-25 14:11:46,070 INFO  [eu.fayder.restcountries.v2.rest.CountryRestV2:127] Getting by capital Tunis
2026-03-25 14:11:46,100 INFO  [eu.fayder.restcountries.v2.rest.CountryRestV2:127] Getting by capital Helsinki
2026-03-25 14:11:46,110 INFO  [eu.fayder.restcountries.v2.rest.CountryRestV2:127] Getting by capital Oslo
2026-03-25 14:11:46,118 INFO  [eu.fayder.restcountries.v2.rest.CountryRestV2:127] Getting by capital Brussels
2026-03-25 14:11:46,127 INFO  [eu.fayder.restcountries.v2.rest.CountryRestV2:127] Getting by capital Amsterdam
2026-03-25 14:11:46,136 INFO  [eu.fayder.restcountries.v2.rest.CountryRestV2:127] Getting by capital Baghdad
2026-03-25 14:11:46,161 INFO  [eu.fayder.restcountries.v2.rest.CountryRestV2:127] Getting by capital Manila
2026-03-25 14:11:46,192 INFO  [eu.fayder.restcountries.v2.rest.CountryRestV2:127] Getting by capital Hanoi
2026-03-25 14:11:46,202 INFO  [eu.fayder.restcountries.v2.rest.CountryRestV2:127] Getting by capital Quito
2026-03-25 14:11:46,224 INFO  [eu.fayder.restcountries.v2.rest.CountryRestV2:127] Getting by capital Santiago
2026-03-25 14:11:46,233 INFO  [eu.fayder.restcountries.v2.rest.CountryRestV2:127] Getting by capital Kigali
2026-03-25 14:11:46,254 INFO  [eu.fayder.restcountries.v2.rest.CountryRestV2:127] Getting by capital Caracas
2026-03-25 14:11:46,264 INFO  [eu.fayder.restcountries.v2.rest.CountryRestV2:127] Getting by capital Addis Ababa
2026-03-25 14:11:46,273 INFO  [eu.fayder.restcountries.v2.rest.CountryRestV2:127] Getting by capital Tbilisi
2026-03-25 14:11:46,301 INFO  [eu.fayder.restcountries.v2.rest.CountryRestV2:127] Getting by capital Vilnius
2026-03-25 14:11:46,333 INFO  [eu.fayder.restcountries.v2.rest.CountryRestV2:127] Getting by capital Riga
2026-03-25 14:11:46,364 INFO  [eu.fayder.restcountries.v2.rest.CountryRestV2:127] Getting by capital Tallinn
2026-03-25 14:11:46,375 INFO  [eu.fayder.restcountries.v2.rest.CountryRestV2:127] Getting by capital Podgorica
2026-03-25 14:11:46,386 INFO  [eu.fayder.restcountries.v2.rest.CountryRestV2:127] Getting by capital Sarajevo
2026-03-25 14:11:46,410 INFO  [eu.fayder.restcountries.v2.rest.CountryRestV2:127] Getting by capital Luxembourg
2026-03-25 14:11:46,442 INFO  [eu.fayder.restcountries.v2.rest.CountryRestV2:127] Getting by capital Andorra la Vella
2026-03-25 14:12:13,915 INFO  [eu.fayder.restcountries.v2.rest.CountryRestV2:143] Getting by region us-west-1
2026-03-25 14:12:13,939 INFO  [eu.fayder.restcountries.v2.rest.CountryRestV2:143] Getting by region eu-central-1
2026-03-25 14:12:13,945 INFO  [eu.fayder.restcountries.v2.rest.CountryRestV2:143] Getting by region asia-east-1
2026-03-25 14:12:13,971 INFO  [eu.fayder.restcountries.v2.rest.CountryRestV2:143] Getting by region ap-southeast-2
2026-03-25 14:12:13,987 INFO  [eu.fayder.restcountries.v2.rest.CountryRestV2:143] Getting by region ca-central-1
2026-03-25 14:12:14,003 INFO  [eu.fayder.restcountries.v2.rest.CountryRestV2:143] Getting by region eu-west-3
2026-03-25 14:12:14,033 INFO  [eu.fayder.restcountries.v2.rest.CountryRestV2:143] Getting by region sa-east-1
2026-03-25 14:12:14,048 INFO  [eu.fayder.restcountries.v2.rest.CountryRestV2:143] Getting by region us-east-2
2026-03-25 14:12:14,079 INFO  [eu.fayder.restcountries.v2.rest.CountryRestV2:143] Getting by region eu-north-1
2026-03-25 14:12:14,094 INFO  [eu.fayder.restcountries.v2.rest.CountryRestV2:143] Getting by region me-south-1
2026-03-25 14:12:14,110 INFO  [eu.fayder.restcountries.v2.rest.CountryRestV2:143] Getting by region af-south-1
2026-03-25 14:12:14,114 INFO  [eu.fayder.restcountries.v2.rest.CountryRestV2:143] Getting by region us-gov-west-1
2026-03-25 14:12:14,140 INFO  [eu.fayder.restcountries.v2.rest.CountryRestV2:143] Getting by region cn-north-1
2026-03-25 14:12:14,156 INFO  [eu.fayder.restcountries.v2.rest.CountryRestV2:143] Getting by region cn-northwest-1
2026-03-25 14:12:14,187 INFO  [eu.fayder.restcountries.v2.rest.CountryRestV2:143] Getting by region us-east-1
2026-03-25 14:12:14,203 INFO  [eu.fayder.restcountries.v2.rest.CountryRestV2:143] Getting by region eu-west-1
2026-03-25 14:12:14,209 INFO  [eu.fayder.restcountries.v2.rest.CountryRestV2:143] Getting by region ap-northeast-1
2026-03-25 14:12:14,234 INFO  [eu.fayder.restcountries.v2.rest.CountryRestV2:143] Getting by region ap-northeast-2
2026-03-25 14:12:14,264 INFO  [eu.fayder.restcountries.v2.rest.CountryRestV2:143] Getting by region ap-south-1
2026-03-25 14:12:14,271 INFO  [eu.fayder.restcountries.v2.rest.CountryRestV2:143] Getting by region us-west-2
2026-03-25 14:12:14,295 INFO  [eu.fayder.restcountries.v2.rest.CountryRestV2:143] Getting by region eu-west-2
2026-03-25 14:12:14,327 INFO  [eu.fayder.restcountries.v2.rest.CountryRestV2:143] Getting by region ap-east-1
2026-03-25 14:12:14,333 INFO  [eu.fayder.restcountries.v2.rest.CountryRestV2:143] Getting by region us-gov-east-1
2026-03-25 14:12:14,357 INFO  [eu.fayder.restcountries.v2.rest.CountryRestV2:143] Getting by region eu-south-1
2026-03-25 14:12:14,387 INFO  [eu.fayder.restcountries.v2.rest.CountryRestV2:143] Getting by region ap-southeast-1
2026-03-25 14:12:14,419 INFO  [eu.fayder.restcountries.v2.rest.CountryRestV2:143] Getting by region us-west-1
2026-03-25 14:12:14,450 INFO  [eu.fayder.restcountries.v2.rest.CountryRestV2:143] Getting by region eu-central-1
2026-03-25 14:12:14,482 INFO  [eu.fayder.restcountries.v2.rest.CountryRestV2:143] Getting by region ap-northeast-1
2026-03-25 14:12:14,512 INFO  [eu.fayder.restcountries.v2.rest.CountryRestV2:143] Getting by region sa-east-1
2026-03-25 14:12:14,543 INFO  [eu.fayder.restcountries.v2.rest.CountryRestV2:143] Getting by region eu-north-1
2026-03-25 14:12:14,574 INFO  [eu.fayder.restcountries.v2.rest.CountryRestV2:143] Getting by region me-south-1
2026-03-25 14:12:14,605 INFO  [eu.fayder.restcountries.v2.rest.CountryRestV2:143] Getting by region af-south-1
2026-03-25 14:12:14,637 INFO  [eu.fayder.restcountries.v2.rest.CountryRestV2:143] Getting by region us-gov-west-1
2026-03-25 14:12:14,668 INFO  [eu.fayder.restcountries.v2.rest.CountryRestV2:143] Getting by region cn-north-1
2026-03-25 14:12:14,677 INFO  [eu.fayder.restcountries.v2.rest.CountryRestV2:143] Getting by region cn-northwest-1
2026-03-25 14:12:14,699 INFO  [eu.fayder.restcountries.v2.rest.CountryRestV2:143] Getting by region us-east-1
2026-03-25 14:12:14,708 INFO  [eu.fayder.restcountries.v2.rest.CountryRestV2:143] Getting by region eu-west-1
2026-03-25 14:12:14,718 INFO  [eu.fayder.restcountries.v2.rest.CountryRestV2:143] Getting by region ap-northeast-2
2026-03-25 14:12:14,746 INFO  [eu.fayder.restcountries.v2.rest.CountryRestV2:143] Getting by region ap-south-1
2026-03-25 14:12:14,754 INFO  [eu.fayder.restcountries.v2.rest.CountryRestV2:143] Getting by region us-west-2
2026-03-25 14:12:14,763 INFO  [eu.fayder.restcountries.v2.rest.CountryRestV2:143] Getting by region eu-west-2
2026-03-25 14:12:14,792 INFO  [eu.fayder.restcountries.v2.rest.CountryRestV2:143] Getting by region ap-east-1
2026-03-25 14:12:14,823 INFO  [eu.fayder.restcountries.v2.rest.CountryRestV2:143] Getting by region us-gov-east-1
2026-03-25 14:12:14,853 INFO  [eu.fayder.restcountries.v2.rest.CountryRestV2:143] Getting by region eu-south-1
2026-03-25 14:12:14,885 INFO  [eu.fayder.restcountries.v2.rest.CountryRestV2:143] Getting by region ap-southeast-1
2026-03-25 14:12:14,917 INFO  [eu.fayder.restcountries.v2.rest.CountryRestV2:143] Getting by region us-west-1
2026-03-25 14:12:14,948 INFO  [eu.fayder.restcountries.v2.rest.CountryRestV2:143] Getting by region eu-central-1
2026-03-25 14:12:14,960 INFO  [eu.fayder.restcountries.v2.rest.CountryRestV2:143] Getting by region ap-northeast-1
2026-03-25 14:12:14,973 INFO  [eu.fayder.restcountries.v2.rest.CountryRestV2:143] Getting by region sa-east-1
2026-03-25 14:12:15,010 INFO  [eu.fayder.restcountries.v2.rest.CountryRestV2:143] Getting by region eu-north-1
2026-03-25 14:12:48,460 INFO  [eu.fayder.restcountries.v2.rest.CountryRestV2:159] Getting by sub region Northern Europe
2026-03-25 14:12:48,469 INFO  [eu.fayder.restcountries.v2.rest.CountryRestV2:159] Getting by sub region Northern Europe
2026-03-25 14:12:48,491 INFO  [eu.fayder.restcountries.v2.rest.CountryRestV2:159] Getting by sub region Northern Europe
2026-03-25 14:12:48,522 INFO  [eu.fayder.restcountries.v2.rest.CountryRestV2:159] Getting by sub region Northern Europe
2026-03-25 14:12:48,537 INFO  [eu.fayder.restcountries.v2.rest.CountryRestV2:159] Getting by sub region Northern Europe
2026-03-25 14:12:48,552 INFO  [eu.fayder.restcountries.v2.rest.CountryRestV2:159] Getting by sub region Northern Europe
2026-03-25 14:12:48,583 INFO  [eu.fayder.restcountries.v2.rest.CountryRestV2:159] Getting by sub region Northern Europe
2026-03-25 14:12:48,614 INFO  [eu.fayder.restcountries.v2.rest.CountryRestV2:159] Getting by sub region Northern Europe
2026-03-25 14:12:48,645 INFO  [eu.fayder.restcountries.v2.rest.CountryRestV2:159] Getting by sub region Northern Europe
2026-03-25 14:12:48,651 INFO  [eu.fayder.restcountries.v2.rest.CountryRestV2:159] Getting by sub region Northern Europe
2026-03-25 14:12:48,676 INFO  [eu.fayder.restcountries.v2.rest.CountryRestV2:159] Getting by sub region Northern Europe
2026-03-25 14:12:48,707 INFO  [eu.fayder.restcountries.v2.rest.CountryRestV2:159] Getting by sub region Northern Europe
2026-03-25 14:12:48,737 INFO  [eu.fayder.restcountries.v2.rest.CountryRestV2:159] Getting by sub region Northern Europe
2026-03-25 14:12:48,744 INFO  [eu.fayder.restcountries.v2.rest.CountryRestV2:159] Getting by sub region Northern Europe
2026-03-25 14:12:48,768 INFO  [eu.fayder.restcountries.v2.rest.CountryRestV2:159] Getting by sub region Northern Europe
2026-03-25 14:12:48,776 INFO  [eu.fayder.restcountries.v2.rest.CountryRestV2:159] Getting by sub region Northern Europe
2026-03-25 14:12:48,800 INFO  [eu.fayder.restcountries.v2.rest.CountryRestV2:159] Getting by sub region Northern Europe
2026-03-25 14:12:48,831 INFO  [eu.fayder.restcountries.v2.rest.CountryRestV2:159] Getting by sub region Northern Europe
2026-03-25 14:12:48,862 INFO  [eu.fayder.restcountries.v2.rest.CountryRestV2:159] Getting by sub region Northern Europe
2026-03-25 14:12:48,872 INFO  [eu.fayder.restcountries.v2.rest.CountryRestV2:159] Getting by sub region Northern Europe
2026-03-25 14:12:48,895 INFO  [eu.fayder.restcountries.v2.rest.CountryRestV2:159] Getting by sub region Northern Europe
2026-03-25 14:12:48,926 INFO  [eu.fayder.restcountries.v2.rest.CountryRestV2:159] Getting by sub region Northern Europe
2026-03-25 14:12:48,958 INFO  [eu.fayder.restcountries.v2.rest.CountryRestV2:159] Getting by sub region Northern Europe
2026-03-25 14:12:48,988 INFO  [eu.fayder.restcountries.v2.rest.CountryRestV2:159] Getting by sub region Northern Europe
2026-03-25 14:12:49,020 INFO  [eu.fayder.restcountries.v2.rest.CountryRestV2:159] Getting by sub region Northern Europe
2026-03-25 14:12:49,051 INFO  [eu.fayder.restcountries.v2.rest.CountryRestV2:159] Getting by sub region Northern Europe
2026-03-25 14:12:49,063 INFO  [eu.fayder.restcountries.v2.rest.CountryRestV2:159] Getting by sub region Northern Europe
2026-03-25 14:12:49,072 INFO  [eu.fayder.restcountries.v2.rest.CountryRestV2:159] Getting by sub region Northern Europe
2026-03-25 14:12:49,098 INFO  [eu.fayder.restcountries.v2.rest.CountryRestV2:159] Getting by sub region Northern Europe
2026-03-25 14:12:49,108 INFO  [eu.fayder.restcountries.v2.rest.CountryRestV2:159] Getting by sub region Northern Europe
2026-03-25 14:12:49,129 INFO  [eu.fayder.restcountries.v2.rest.CountryRestV2:159] Getting by sub region Northern Europe
2026-03-25 14:12:49,139 INFO  [eu.fayder.restcountries.v2.rest.CountryRestV2:159] Getting by sub region Northern Europe
2026-03-25 14:12:49,160 INFO  [eu.fayder.restcountries.v2.rest.CountryRestV2:159] Getting by sub region Northern Europe
2026-03-25 14:12:49,169 INFO  [eu.fayder.restcountries.v2.rest.CountryRestV2:159] Getting by sub region Northern Europe
2026-03-25 14:12:49,180 INFO  [eu.fayder.restcountries.v2.rest.CountryRestV2:159] Getting by sub region Northern Europe
2026-03-25 14:12:49,190 INFO  [eu.fayder.restcountries.v2.rest.CountryRestV2:159] Getting by sub region Northern Europe
2026-03-25 14:12:49,222 INFO  [eu.fayder.restcountries.v2.rest.CountryRestV2:159] Getting by sub region Northern Europe
2026-03-25 14:12:49,232 INFO  [eu.fayder.restcountries.v2.rest.CountryRestV2:159] Getting by sub region Northern Europe
2026-03-25 14:12:49,242 INFO  [eu.fayder.restcountries.v2.rest.CountryRestV2:159] Getting by sub region Northern Europe
2026-03-25 14:12:49,254 INFO  [eu.fayder.restcountries.v2.rest.CountryRestV2:159] Getting by sub region Northern Europe
2026-03-25 14:12:49,285 INFO  [eu.fayder.restcountries.v2.rest.CountryRestV2:159] Getting by sub region Northern Europe
2026-03-25 14:12:49,316 INFO  [eu.fayder.restcountries.v2.rest.CountryRestV2:159] Getting by sub region Northern Europe
2026-03-25 14:12:49,346 INFO  [eu.fayder.restcountries.v2.rest.CountryRestV2:159] Getting by sub region Northern Europe
2026-03-25 14:12:49,377 INFO  [eu.fayder.restcountries.v2.rest.CountryRestV2:159] Getting by sub region Northern Europe
2026-03-25 14:12:49,408 INFO  [eu.fayder.restcountries.v2.rest.CountryRestV2:159] Getting by sub region Northern Europe
2026-03-25 14:12:49,420 INFO  [eu.fayder.restcountries.v2.rest.CountryRestV2:159] Getting by sub region Northern Europe
2026-03-25 14:12:49,432 INFO  [eu.fayder.restcountries.v2.rest.CountryRestV2:159] Getting by sub region Northern Europe
2026-03-25 14:12:49,444 INFO  [eu.fayder.restcountries.v2.rest.CountryRestV2:159] Getting by sub region Northern Europe
2026-03-25 14:12:49,457 INFO  [eu.fayder.restcountries.v2.rest.CountryRestV2:159] Getting by sub region Northern Europe
2026-03-25 14:12:49,469 INFO  [eu.fayder.restcountries.v2.rest.CountryRestV2:159] Getting by sub region Northern Europe
2026-03-25 14:13:14,774 INFO  [eu.fayder.restcountries.v2.rest.CountryRestV2:175] Getting by language ig
2026-03-25 14:13:14,795 INFO  [eu.fayder.restcountries.v2.rest.CountryRestV2:175] Getting by language tr
2026-03-25 14:13:14,825 INFO  [eu.fayder.restcountries.v2.rest.CountryRestV2:175] Getting by language ku
2026-03-25 14:13:14,831 INFO  [eu.fayder.restcountries.v2.rest.CountryRestV2:175] Getting by language hsb
2026-03-25 14:13:14,836 INFO  [eu.fayder.restcountries.v2.rest.CountryRestV2:175] Getting by language hne
2026-03-25 14:13:14,841 INFO  [eu.fayder.restcountries.v2.rest.CountryRestV2:175] Getting by language cy
2026-03-25 14:13:14,857 INFO  [eu.fayder.restcountries.v2.rest.CountryRestV2:175] Getting by language si
2026-03-25 14:13:14,872 INFO  [eu.fayder.restcountries.v2.rest.CountryRestV2:175] Getting by language he
2026-03-25 14:13:14,888 INFO  [eu.fayder.restcountries.v2.rest.CountryRestV2:175] Getting by language sq
2026-03-25 14:13:14,920 INFO  [eu.fayder.restcountries.v2.rest.CountryRestV2:175] Getting by language az
2026-03-25 14:13:14,951 INFO  [eu.fayder.restcountries.v2.rest.CountryRestV2:175] Getting by language brx
2026-03-25 14:13:14,982 INFO  [eu.fayder.restcountries.v2.rest.CountryRestV2:175] Getting by language cs
2026-03-25 14:13:15,013 INFO  [eu.fayder.restcountries.v2.rest.CountryRestV2:175] Getting by language et
2026-03-25 14:13:15,044 INFO  [eu.fayder.restcountries.v2.rest.CountryRestV2:175] Getting by language et
2026-03-25 14:13:15,074 INFO  [eu.fayder.restcountries.v2.rest.CountryRestV2:175] Getting by language shs
2026-03-25 14:13:15,080 INFO  [eu.fayder.restcountries.v2.rest.CountryRestV2:175] Getting by language se
2026-03-25 14:13:15,104 INFO  [eu.fayder.restcountries.v2.rest.CountryRestV2:175] Getting by language wa
2026-03-25 14:13:15,111 INFO  [eu.fayder.restcountries.v2.rest.CountryRestV2:175] Getting by language sk
2026-03-25 14:13:15,136 INFO  [eu.fayder.restcountries.v2.rest.CountryRestV2:175] Getting by language hy
2026-03-25 14:13:15,142 INFO  [eu.fayder.restcountries.v2.rest.CountryRestV2:175] Getting by language yue
2026-03-25 14:13:15,168 INFO  [eu.fayder.restcountries.v2.rest.CountryRestV2:175] Getting by language tr
2026-03-25 14:13:15,199 INFO  [eu.fayder.restcountries.v2.rest.CountryRestV2:175] Getting by language be
2026-03-25 14:13:15,229 INFO  [eu.fayder.restcountries.v2.rest.CountryRestV2:175] Getting by language hak
2026-03-25 14:13:15,260 INFO  [eu.fayder.restcountries.v2.rest.CountryRestV2:175] Getting by language yi
2026-03-25 14:13:15,291 INFO  [eu.fayder.restcountries.v2.rest.CountryRestV2:175] Getting by language an
2026-03-25 14:13:15,322 INFO  [eu.fayder.restcountries.v2.rest.CountryRestV2:175] Getting by language cs
2026-03-25 14:13:15,353 INFO  [eu.fayder.restcountries.v2.rest.CountryRestV2:175] Getting by language sat
2026-03-25 14:13:15,384 INFO  [eu.fayder.restcountries.v2.rest.CountryRestV2:175] Getting by language so
2026-03-25 14:13:15,415 INFO  [eu.fayder.restcountries.v2.rest.CountryRestV2:175] Getting by language lt
2026-03-25 14:13:15,447 INFO  [eu.fayder.restcountries.v2.rest.CountryRestV2:175] Getting by language csb
2026-03-25 14:13:15,478 INFO  [eu.fayder.restcountries.v2.rest.CountryRestV2:175] Getting by language om
2026-03-25 14:13:15,508 INFO  [eu.fayder.restcountries.v2.rest.CountryRestV2:175] Getting by language rw
2026-03-25 14:13:15,539 INFO  [eu.fayder.restcountries.v2.rest.CountryRestV2:175] Getting by language oc
2026-03-25 14:13:15,570 INFO  [eu.fayder.restcountries.v2.rest.CountryRestV2:175] Getting by language dz
2026-03-25 14:13:15,601 INFO  [eu.fayder.restcountries.v2.rest.CountryRestV2:175] Getting by language mt
2026-03-25 14:13:15,631 INFO  [eu.fayder.restcountries.v2.rest.CountryRestV2:175] Getting by language tt
2026-03-25 14:13:15,663 INFO  [eu.fayder.restcountries.v2.rest.CountryRestV2:175] Getting by language szl
2026-03-25 14:13:15,694 INFO  [eu.fayder.restcountries.v2.rest.CountryRestV2:175] Getting by language ur
2026-03-25 14:13:15,703 INFO  [eu.fayder.restcountries.v2.rest.CountryRestV2:175] Getting by language be
2026-03-25 14:13:15,725 INFO  [eu.fayder.restcountries.v2.rest.CountryRestV2:175] Getting by language ka
2026-03-25 14:13:15,735 INFO  [eu.fayder.restcountries.v2.rest.CountryRestV2:175] Getting by language iu
2026-03-25 14:13:15,757 INFO  [eu.fayder.restcountries.v2.rest.CountryRestV2:175] Getting by language kok
2026-03-25 14:13:15,786 INFO  [eu.fayder.restcountries.v2.rest.CountryRestV2:175] Getting by language niu
2026-03-25 14:13:15,817 INFO  [eu.fayder.restcountries.v2.rest.CountryRestV2:175] Getting by language hr
2026-03-25 14:13:15,848 INFO  [eu.fayder.restcountries.v2.rest.CountryRestV2:175] Getting by language nb
2026-03-25 14:13:15,879 INFO  [eu.fayder.restcountries.v2.rest.CountryRestV2:175] Getting by language gu
2026-03-25 14:13:15,910 INFO  [eu.fayder.restcountries.v2.rest.CountryRestV2:175] Getting by language ia
2026-03-25 14:13:15,941 INFO  [eu.fayder.restcountries.v2.rest.CountryRestV2:175] Getting by language fo
2026-03-25 14:13:15,950 INFO  [eu.fayder.restcountries.v2.rest.CountryRestV2:175] Getting by language ky
2026-03-25 14:13:15,972 INFO  [eu.fayder.restcountries.v2.rest.CountryRestV2:175] Getting by language kl
2026-03-25 14:13:54,420 INFO  [eu.fayder.restcountries.v2.rest.CountryRestV2:191] Getting by demonym Canadian
2026-03-25 14:13:54,440 INFO  [eu.fayder.restcountries.v2.rest.CountryRestV2:191] Getting by demonym Brazilian
2026-03-25 14:13:54,445 INFO  [eu.fayder.restcountries.v2.rest.CountryRestV2:191] Getting by demonym Japanese
2026-03-25 14:13:54,470 INFO  [eu.fayder.restcountries.v2.rest.CountryRestV2:191] Getting by demonym French
2026-03-25 14:13:54,501 INFO  [eu.fayder.restcountries.v2.rest.CountryRestV2:191] Getting by demonym Mexican
2026-03-25 14:13:54,532 INFO  [eu.fayder.restcountries.v2.rest.CountryRestV2:191] Getting by demonym Italian
2026-03-25 14:13:54,540 INFO  [eu.fayder.restcountries.v2.rest.CountryRestV2:191] Getting by demonym Australian
2026-03-25 14:13:54,563 INFO  [eu.fayder.restcountries.v2.rest.CountryRestV2:191] Getting by demonym Indian
2026-03-25 14:13:54,569 INFO  [eu.fayder.restcountries.v2.rest.CountryRestV2:191] Getting by demonym German
2026-03-25 14:13:54,594 INFO  [eu.fayder.restcountries.v2.rest.CountryRestV2:191] Getting by demonym Egyptian
2026-03-25 14:13:54,625 INFO  [eu.fayder.restcountries.v2.rest.CountryRestV2:191] Getting by demonym Russian
2026-03-25 14:13:54,656 INFO  [eu.fayder.restcountries.v2.rest.CountryRestV2:191] Getting by demonym Spanish
2026-03-25 14:13:54,687 INFO  [eu.fayder.restcountries.v2.rest.CountryRestV2:191] Getting by demonym Norwegian
2026-03-25 14:13:54,719 INFO  [eu.fayder.restcountries.v2.rest.CountryRestV2:191] Getting by demonym Swedish
2026-03-25 14:13:54,726 INFO  [eu.fayder.restcountries.v2.rest.CountryRestV2:191] Getting by demonym Dutch
2026-03-25 14:13:54,750 INFO  [eu.fayder.restcountries.v2.rest.CountryRestV2:191] Getting by demonym Greek
2026-03-25 14:13:54,781 INFO  [eu.fayder.restcountries.v2.rest.CountryRestV2:191] Getting by demonym Turkish
2026-03-25 14:13:54,788 INFO  [eu.fayder.restcountries.v2.rest.CountryRestV2:191] Getting by demonym Polish
2026-03-25 14:13:54,796 INFO  [eu.fayder.restcountries.v2.rest.CountryRestV2:191] Getting by demonym Portuguese
2026-03-25 14:13:54,804 INFO  [eu.fayder.restcountries.v2.rest.CountryRestV2:191] Getting by demonym Argentinian
2026-03-25 14:13:54,827 INFO  [eu.fayder.restcountries.v2.rest.CountryRestV2:191] Getting by demonym Belgian
2026-03-25 14:13:54,858 INFO  [eu.fayder.restcountries.v2.rest.CountryRestV2:191] Getting by demonym Chilean
2026-03-25 14:13:54,889 INFO  [eu.fayder.restcountries.v2.rest.CountryRestV2:191] Getting by demonym Colombian
2026-03-25 14:13:54,897 INFO  [eu.fayder.restcountries.v2.rest.CountryRestV2:191] Getting by demonym Cuban
2026-03-25 14:13:54,919 INFO  [eu.fayder.restcountries.v2.rest.CountryRestV2:191] Getting by demonym Danish
2026-03-25 14:13:54,950 INFO  [eu.fayder.restcountries.v2.rest.CountryRestV2:191] Getting by demonym Finnish
2026-03-25 14:13:54,959 INFO  [eu.fayder.restcountries.v2.rest.CountryRestV2:191] Getting by demonym Hungarian
2026-03-25 14:13:54,981 INFO  [eu.fayder.restcountries.v2.rest.CountryRestV2:191] Getting by demonym Icelandic
2026-03-25 14:13:54,990 INFO  [eu.fayder.restcountries.v2.rest.CountryRestV2:191] Getting by demonym Irish
2026-03-25 14:13:55,027 INFO  [eu.fayder.restcountries.v2.rest.CountryRestV2:191] Getting by demonym Lebanese
2026-03-25 14:13:55,059 INFO  [eu.fayder.restcountries.v2.rest.CountryRestV2:191] Getting by demonym Lithuanian
2026-03-25 14:13:55,068 INFO  [eu.fayder.restcountries.v2.rest.CountryRestV2:191] Getting by demonym Luxembourgish
2026-03-25 14:13:55,090 INFO  [eu.fayder.restcountries.v2.rest.CountryRestV2:191] Getting by demonym Malaysian
2026-03-25 14:13:55,100 INFO  [eu.fayder.restcountries.v2.rest.CountryRestV2:191] Getting by demonym Maltese
2026-03-25 14:13:55,121 INFO  [eu.fayder.restcountries.v2.rest.CountryRestV2:191] Getting by demonym New Zealander
2026-03-25 14:13:55,152 INFO  [eu.fayder.restcountries.v2.rest.CountryRestV2:191] Getting by demonym Pakistani
2026-03-25 14:13:55,184 INFO  [eu.fayder.restcountries.v2.rest.CountryRestV2:191] Getting by demonym Peruvian
2026-03-25 14:13:55,215 INFO  [eu.fayder.restcountries.v2.rest.CountryRestV2:191] Getting by demonym Romanian
2026-03-25 14:13:55,245 INFO  [eu.fayder.restcountries.v2.rest.CountryRestV2:191] Getting by demonym Serbian
2026-03-25 14:13:55,254 INFO  [eu.fayder.restcountries.v2.rest.CountryRestV2:191] Getting by demonym Slovak
2026-03-25 14:13:55,276 INFO  [eu.fayder.restcountries.v2.rest.CountryRestV2:191] Getting by demonym Slovenian
2026-03-25 14:13:55,309 INFO  [eu.fayder.restcountries.v2.rest.CountryRestV2:191] Getting by demonym South African
2026-03-25 14:13:55,339 INFO  [eu.fayder.restcountries.v2.rest.CountryRestV2:191] Getting by demonym South Korean
2026-03-25 14:13:55,371 INFO  [eu.fayder.restcountries.v2.rest.CountryRestV2:191] Getting by demonym Swazi
2026-03-25 14:13:55,402 INFO  [eu.fayder.restcountries.v2.rest.CountryRestV2:191] Getting by demonym Taiwanese
2026-03-25 14:13:55,433 INFO  [eu.fayder.restcountries.v2.rest.CountryRestV2:191] Getting by demonym Thai
2026-03-25 14:13:55,465 INFO  [eu.fayder.restcountries.v2.rest.CountryRestV2:191] Getting by demonym Tunisian
2026-03-25 14:13:55,496 INFO  [eu.fayder.restcountries.v2.rest.CountryRestV2:191] Getting by demonym Ukrainian
2026-03-25 14:13:55,527 INFO  [eu.fayder.restcountries.v2.rest.CountryRestV2:191] Getting by demonym Uruguayan
2026-03-25 14:13:55,540 INFO  [eu.fayder.restcountries.v2.rest.CountryRestV2:191] Getting by demonym Venezuelan
2026-03-25 14:14:22,390 INFO  [eu.fayder.restcountries.v2.rest.CountryRestV2:207] Getting by regional bloc EU
2026-03-25 14:14:22,417 INFO  [eu.fayder.restcountries.v2.rest.CountryRestV2:207] Getting by regional bloc NAFTA
2026-03-25 14:14:22,422 INFO  [eu.fayder.restcountries.v2.rest.CountryRestV2:207] Getting by regional bloc AU
2026-03-25 14:14:22,449 INFO  [eu.fayder.restcountries.v2.rest.CountryRestV2:207] Getting by regional bloc ASEAN
2026-03-25 14:14:22,480 INFO  [eu.fayder.restcountries.v2.rest.CountryRestV2:207] Getting by regional bloc CARICOM
2026-03-25 14:14:22,486 INFO  [eu.fayder.restcountries.v2.rest.CountryRestV2:207] Getting by regional bloc PA
2026-03-25 14:14:22,511 INFO  [eu.fayder.restcountries.v2.rest.CountryRestV2:207] Getting by regional bloc CEFTA
2026-03-25 14:14:22,517 INFO  [eu.fayder.restcountries.v2.rest.CountryRestV2:207] Getting by regional bloc SAARC
2026-03-25 14:14:22,524 INFO  [eu.fayder.restcountries.v2.rest.CountryRestV2:207] Getting by regional bloc EFTA
2026-03-25 14:14:22,529 INFO  [eu.fayder.restcountries.v2.rest.CountryRestV2:207] Getting by regional bloc AL
2026-03-25 14:14:22,557 INFO  [eu.fayder.restcountries.v2.rest.CountryRestV2:207] Getting by regional bloc NAFTA
2026-03-25 14:14:22,573 INFO  [eu.fayder.restcountries.v2.rest.CountryRestV2:207] Getting by regional bloc EU
2026-03-25 14:14:22,605 INFO  [eu.fayder.restcountries.v2.rest.CountryRestV2:207] Getting by regional bloc AU
2026-03-25 14:14:22,637 INFO  [eu.fayder.restcountries.v2.rest.CountryRestV2:207] Getting by regional bloc ASEAN
2026-03-25 14:14:22,667 INFO  [eu.fayder.restcountries.v2.rest.CountryRestV2:207] Getting by regional bloc CARICOM
2026-03-25 14:14:22,698 INFO  [eu.fayder.restcountries.v2.rest.CountryRestV2:207] Getting by regional bloc PA
2026-03-25 14:14:22,729 INFO  [eu.fayder.restcountries.v2.rest.CountryRestV2:207] Getting by regional bloc CEFTA
2026-03-25 14:14:22,760 INFO  [eu.fayder.restcountries.v2.rest.CountryRestV2:207] Getting by regional bloc SAARC
2026-03-25 14:14:22,792 INFO  [eu.fayder.restcountries.v2.rest.CountryRestV2:207] Getting by regional bloc EFTA
2026-03-25 14:14:22,823 INFO  [eu.fayder.restcountries.v2.rest.CountryRestV2:207] Getting by regional bloc AL
2026-03-25 14:14:22,854 INFO  [eu.fayder.restcountries.v2.rest.CountryRestV2:207] Getting by regional bloc NAFTA
2026-03-25 14:14:22,885 INFO  [eu.fayder.restcountries.v2.rest.CountryRestV2:207] Getting by regional bloc EU
2026-03-25 14:14:22,916 INFO  [eu.fayder.restcountries.v2.rest.CountryRestV2:207] Getting by regional bloc AU
2026-03-25 14:14:22,947 INFO  [eu.fayder.restcountries.v2.rest.CountryRestV2:207] Getting by regional bloc ASEAN
2026-03-25 14:14:22,978 INFO  [eu.fayder.restcountries.v2.rest.CountryRestV2:207] Getting by regional bloc CARICOM
2026-03-25 14:14:23,009 INFO  [eu.fayder.restcountries.v2.rest.CountryRestV2:207] Getting by regional bloc PA
2026-03-25 14:14:23,041 INFO  [eu.fayder.restcountries.v2.rest.CountryRestV2:207] Getting by regional bloc CEFTA
2026-03-25 14:14:23,071 INFO  [eu.fayder.restcountries.v2.rest.CountryRestV2:207] Getting by regional bloc SAARC
2026-03-25 14:14:23,103 INFO  [eu.fayder.restcountries.v2.rest.CountryRestV2:207] Getting by regional bloc EFTA
2026-03-25 14:14:23,135 INFO  [eu.fayder.restcountries.v2.rest.CountryRestV2:207] Getting by regional bloc AL
2026-03-25 14:14:23,145 INFO  [eu.fayder.restcountries.v2.rest.CountryRestV2:207] Getting by regional bloc NAFTA
2026-03-25 14:14:23,165 INFO  [eu.fayder.restcountries.v2.rest.CountryRestV2:207] Getting by regional bloc EU
2026-03-25 14:14:23,181 INFO  [eu.fayder.restcountries.v2.rest.CountryRestV2:207] Getting by regional bloc AU
2026-03-25 14:14:23,212 INFO  [eu.fayder.restcountries.v2.rest.CountryRestV2:207] Getting by regional bloc ASEAN
2026-03-25 14:14:23,243 INFO  [eu.fayder.restcountries.v2.rest.CountryRestV2:207] Getting by regional bloc CARICOM
2026-03-25 14:14:23,255 INFO  [eu.fayder.restcountries.v2.rest.CountryRestV2:207] Getting by regional bloc PA
2026-03-25 14:14:23,290 INFO  [eu.fayder.restcountries.v2.rest.CountryRestV2:207] Getting by regional bloc CEFTA
2026-03-25 14:14:23,321 INFO  [eu.fayder.restcountries.v2.rest.CountryRestV2:207] Getting by regional bloc SAARC
2026-03-25 14:14:23,352 INFO  [eu.fayder.restcountries.v2.rest.CountryRestV2:207] Getting by regional bloc EFTA
2026-03-25 14:14:23,383 INFO  [eu.fayder.restcountries.v2.rest.CountryRestV2:207] Getting by regional bloc AL
2026-03-25 14:14:23,415 INFO  [eu.fayder.restcountries.v2.rest.CountryRestV2:207] Getting by regional bloc NAFTA
2026-03-25 14:14:23,446 INFO  [eu.fayder.restcountries.v2.rest.CountryRestV2:207] Getting by regional bloc EU
2026-03-25 14:14:23,493 INFO  [eu.fayder.restcountries.v2.rest.CountryRestV2:207] Getting by regional bloc AU
2026-03-25 14:14:23,523 INFO  [eu.fayder.restcountries.v2.rest.CountryRestV2:207] Getting by regional bloc ASEAN
2026-03-25 14:14:23,554 INFO  [eu.fayder.restcountries.v2.rest.CountryRestV2:207] Getting by regional bloc CARICOM
2026-03-25 14:14:23,585 INFO  [eu.fayder.restcountries.v2.rest.CountryRestV2:207] Getting by regional bloc PA
2026-03-25 14:14:23,616 INFO  [eu.fayder.restcountries.v2.rest.CountryRestV2:207] Getting by regional bloc CEFTA
2026-03-25 14:14:23,628 INFO  [eu.fayder.restcountries.v2.rest.CountryRestV2:207] Getting by regional bloc SAARC
2026-03-25 14:14:23,662 INFO  [eu.fayder.restcountries.v2.rest.CountryRestV2:207] Getting by regional bloc EFTA
2026-03-25 14:14:23,674 INFO  [eu.fayder.restcountries.v2.rest.CountryRestV2:207] Getting by regional bloc AL
2026-03-25 14:14:23,708 INFO  [eu.fayder.restcountries.v2.rest.CountryRestV2:207] Getting by regional bloc NAFTA
2026-03-25 14:14:23,722 INFO  [eu.fayder.restcountries.v2.rest.CountryRestV2:207] Getting by regional bloc EU
2026-03-25 14:14:23,855 INFO  [eu.fayder.restcountries.v1.rest.CountryRestV1:40] Getting all
2026-03-25 14:14:41,838 INFO  [eu.fayder.restcountries.v1.rest.CountryRestV1:61] Getting by list AT
2026-03-25 14:14:41,847 INFO  [eu.fayder.restcountries.v1.rest.CountryRestV1:61] Getting by list SD
2026-03-25 14:14:41,866 INFO  [eu.fayder.restcountries.v1.rest.CountryRestV1:61] Getting by list MC
2026-03-25 14:14:41,897 INFO  [eu.fayder.restcountries.v1.rest.CountryRestV1:61] Getting by list UY
2026-03-25 14:14:41,902 INFO  [eu.fayder.restcountries.v1.rest.CountryRestV1:61] Getting by list HT
2026-03-25 14:14:41,907 INFO  [eu.fayder.restcountries.v1.rest.CountryRestV1:61] Getting by list BB
2026-03-25 14:14:41,913 INFO  [eu.fayder.restcountries.v1.rest.CountryRestV1:61] Getting by list CI
2026-03-25 14:14:41,927 INFO  [eu.fayder.restcountries.v1.rest.CountryRestV1:61] Getting by list CM
2026-03-25 14:14:41,932 INFO  [eu.fayder.restcountries.v1.rest.CountryRestV1:61] Getting by list ML
2026-03-25 14:14:41,958 INFO  [eu.fayder.restcountries.v1.rest.CountryRestV1:61] Getting by list ER
2026-03-25 14:14:41,964 INFO  [eu.fayder.restcountries.v1.rest.CountryRestV1:61] Getting by list GM
2026-03-25 14:14:41,969 INFO  [eu.fayder.restcountries.v1.rest.CountryRestV1:61] Getting by list NR
2026-03-25 14:14:41,975 INFO  [eu.fayder.restcountries.v1.rest.CountryRestV1:61] Getting by list VN
2026-03-25 14:14:42,005 INFO  [eu.fayder.restcountries.v1.rest.CountryRestV1:61] Getting by list AO
2026-03-25 14:14:42,036 INFO  [eu.fayder.restcountries.v1.rest.CountryRestV1:61] Getting by list FJ
2026-03-25 14:14:42,043 INFO  [eu.fayder.restcountries.v1.rest.CountryRestV1:61] Getting by list KN
2026-03-25 14:14:42,067 INFO  [eu.fayder.restcountries.v1.rest.CountryRestV1:61] Getting by list IN
2026-03-25 14:14:42,074 INFO  [eu.fayder.restcountries.v1.rest.CountryRestV1:61] Getting by list GD
2026-03-25 14:14:42,081 INFO  [eu.fayder.restcountries.v1.rest.CountryRestV1:61] Getting by list CL
2026-03-25 14:14:42,087 INFO  [eu.fayder.restcountries.v1.rest.CountryRestV1:61] Getting by list SZ
2026-03-25 14:14:42,114 INFO  [eu.fayder.restcountries.v1.rest.CountryRestV1:61] Getting by list AT
2026-03-25 14:14:42,120 INFO  [eu.fayder.restcountries.v1.rest.CountryRestV1:61] Getting by list TH
2026-03-25 14:14:42,128 INFO  [eu.fayder.restcountries.v1.rest.CountryRestV1:61] Getting by list IQ
2026-03-25 14:14:42,135 INFO  [eu.fayder.restcountries.v1.rest.CountryRestV1:61] Getting by list NE
2026-03-25 14:14:42,141 INFO  [eu.fayder.restcountries.v1.rest.CountryRestV1:61] Getting by list AF
2026-03-25 14:14:42,149 INFO  [eu.fayder.restcountries.v1.rest.CountryRestV1:61] Getting by list NR
2026-03-25 14:14:42,176 INFO  [eu.fayder.restcountries.v1.rest.CountryRestV1:61] Getting by list RU
2026-03-25 14:14:42,207 INFO  [eu.fayder.restcountries.v1.rest.CountryRestV1:61] Getting by list PY
2026-03-25 14:14:42,237 INFO  [eu.fayder.restcountries.v1.rest.CountryRestV1:61] Getting by list BN
2026-03-25 14:14:42,245 INFO  [eu.fayder.restcountries.v1.rest.CountryRestV1:61] Getting by list IL
2026-03-25 14:14:42,253 INFO  [eu.fayder.restcountries.v1.rest.CountryRestV1:61] Getting by list GA
2026-03-25 14:14:42,262 INFO  [eu.fayder.restcountries.v1.rest.CountryRestV1:61] Getting by list KG
2026-03-25 14:14:42,270 INFO  [eu.fayder.restcountries.v1.rest.CountryRestV1:61] Getting by list BY
2026-03-25 14:14:42,299 INFO  [eu.fayder.restcountries.v1.rest.CountryRestV1:61] Getting by list HT
2026-03-25 14:14:42,330 INFO  [eu.fayder.restcountries.v1.rest.CountryRestV1:61] Getting by list ST
2026-03-25 14:14:42,339 INFO  [eu.fayder.restcountries.v1.rest.CountryRestV1:61] Getting by list ME
2026-03-25 14:14:42,362 INFO  [eu.fayder.restcountries.v1.rest.CountryRestV1:61] Getting by list IL
2026-03-25 14:14:42,392 INFO  [eu.fayder.restcountries.v1.rest.CountryRestV1:61] Getting by list PL
2026-03-25 14:14:42,423 INFO  [eu.fayder.restcountries.v1.rest.CountryRestV1:61] Getting by list SY
2026-03-25 14:14:42,434 INFO  [eu.fayder.restcountries.v1.rest.CountryRestV1:61] Getting by list YE
2026-03-25 14:14:42,453 INFO  [eu.fayder.restcountries.v1.rest.CountryRestV1:61] Getting by list TL
2026-03-25 14:14:42,466 INFO  [eu.fayder.restcountries.v1.rest.CountryRestV1:61] Getting by list VA
2026-03-25 14:14:42,475 INFO  [eu.fayder.restcountries.v1.rest.CountryRestV1:61] Getting by list KZ
2026-03-25 14:14:42,499 INFO  [eu.fayder.restcountries.v1.rest.CountryRestV1:61] Getting by list ID
2026-03-25 14:14:42,530 INFO  [eu.fayder.restcountries.v1.rest.CountryRestV1:61] Getting by list HT
2026-03-25 14:14:42,562 INFO  [eu.fayder.restcountries.v1.rest.CountryRestV1:61] Getting by list UA
2026-03-25 14:14:42,593 INFO  [eu.fayder.restcountries.v1.rest.CountryRestV1:61] Getting by list IN
2026-03-25 14:14:42,602 INFO  [eu.fayder.restcountries.v1.rest.CountryRestV1:61] Getting by list MC
2026-03-25 14:14:42,611 INFO  [eu.fayder.restcountries.v1.rest.CountryRestV1:61] Getting by list SV
2026-03-25 14:14:42,620 INFO  [eu.fayder.restcountries.v1.rest.CountryRestV1:61] Getting by list MT
2026-03-25 14:15:02,593 INFO  [eu.fayder.restcountries.v2.rest.CountryRestV2:35] Getting all
2026-03-25 14:15:02,624 INFO  [eu.fayder.restcountries.v2.rest.CountryRestV2:35] Getting all
2026-03-25 14:15:02,638 INFO  [eu.fayder.restcountries.v2.rest.CountryRestV2:35] Getting all
2026-03-25 14:15:02,670 INFO  [eu.fayder.restcountries.v2.rest.CountryRestV2:35] Getting all
2026-03-25 14:15:02,733 INFO  [eu.fayder.restcountries.v2.rest.CountryRestV2:35] Getting all
2026-03-25 14:15:02,750 INFO  [eu.fayder.restcountries.v2.rest.CountryRestV2:35] Getting all
2026-03-25 14:15:02,768 INFO  [eu.fayder.restcountries.v2.rest.CountryRestV2:35] Getting all
2026-03-25 14:15:02,810 INFO  [eu.fayder.restcountries.v2.rest.CountryRestV2:35] Getting all
2026-03-25 14:15:02,857 INFO  [eu.fayder.restcountries.v2.rest.CountryRestV2:35] Getting all
2026-03-25 14:15:02,878 INFO  [eu.fayder.restcountries.v2.rest.CountryRestV2:35] Getting all
2026-03-25 14:15:02,920 INFO  [eu.fayder.restcountries.v2.rest.CountryRestV2:35] Getting all
2026-03-25 14:15:02,941 INFO  [eu.fayder.restcountries.v2.rest.CountryRestV2:35] Getting all
2026-03-25 14:15:02,962 INFO  [eu.fayder.restcountries.v2.rest.CountryRestV2:35] Getting all
2026-03-25 14:15:02,987 INFO  [eu.fayder.restcountries.v2.rest.CountryRestV2:35] Getting all
2026-03-25 14:15:03,029 INFO  [eu.fayder.restcountries.v2.rest.CountryRestV2:35] Getting all
2026-03-25 14:15:03,057 INFO  [eu.fayder.restcountries.v2.rest.CountryRestV2:35] Getting all
2026-03-25 14:15:03,085 INFO  [eu.fayder.restcountries.v2.rest.CountryRestV2:35] Getting all
2026-03-25 14:15:03,116 INFO  [eu.fayder.restcountries.v2.rest.CountryRestV2:35] Getting all
2026-03-25 14:15:03,147 INFO  [eu.fayder.restcountries.v2.rest.CountryRestV2:35] Getting all
2026-03-25 14:15:03,200 INFO  [eu.fayder.restcountries.v2.rest.CountryRestV2:35] Getting all
2026-03-25 14:15:03,248 INFO  [eu.fayder.restcountries.v2.rest.CountryRestV2:35] Getting all
2026-03-25 14:15:03,284 INFO  [eu.fayder.restcountries.v2.rest.CountryRestV2:35] Getting all
2026-03-25 14:15:03,320 INFO  [eu.fayder.restcountries.v2.rest.CountryRestV2:35] Getting all
2026-03-25 14:15:03,373 INFO  [eu.fayder.restcountries.v2.rest.CountryRestV2:35] Getting all
2026-03-25 14:15:03,435 INFO  [eu.fayder.restcountries.v2.rest.CountryRestV2:35] Getting all
2026-03-25 14:15:03,498 INFO  [eu.fayder.restcountries.v2.rest.CountryRestV2:35] Getting all
2026-03-25 14:15:03,540 INFO  [eu.fayder.restcountries.v2.rest.CountryRestV2:35] Getting all
2026-03-25 14:15:03,582 INFO  [eu.fayder.restcountries.v2.rest.CountryRestV2:35] Getting all
2026-03-25 14:15:03,624 INFO  [eu.fayder.restcountries.v2.rest.CountryRestV2:35] Getting all
2026-03-25 14:15:03,686 INFO  [eu.fayder.restcountries.v2.rest.CountryRestV2:35] Getting all
2026-03-25 14:15:03,730 INFO  [eu.fayder.restcountries.v2.rest.CountryRestV2:35] Getting all
2026-03-25 14:15:03,777 INFO  [eu.fayder.restcountries.v2.rest.CountryRestV2:35] Getting all
2026-03-25 14:15:03,843 INFO  [eu.fayder.restcountries.v2.rest.CountryRestV2:35] Getting all
2026-03-25 14:15:03,893 INFO  [eu.fayder.restcountries.v2.rest.CountryRestV2:35] Getting all
2026-03-25 14:15:03,944 INFO  [eu.fayder.restcountries.v2.rest.CountryRestV2:35] Getting all
2026-03-25 14:15:04,013 INFO  [eu.fayder.restcountries.v2.rest.CountryRestV2:35] Getting all
2026-03-25 14:15:04,069 INFO  [eu.fayder.restcountries.v2.rest.CountryRestV2:35] Getting all
2026-03-25 14:15:04,123 INFO  [eu.fayder.restcountries.v2.rest.CountryRestV2:35] Getting all
2026-03-25 14:15:04,177 INFO  [eu.fayder.restcountries.v2.rest.CountryRestV2:35] Getting all
2026-03-25 14:15:04,231 INFO  [eu.fayder.restcountries.v2.rest.CountryRestV2:35] Getting all
2026-03-25 14:15:04,285 INFO  [eu.fayder.restcountries.v2.rest.CountryRestV2:35] Getting all
2026-03-25 14:15:04,347 INFO  [eu.fayder.restcountries.v2.rest.CountryRestV2:35] Getting all
2026-03-25 14:15:04,403 INFO  [eu.fayder.restcountries.v2.rest.CountryRestV2:35] Getting all
2026-03-25 14:15:04,459 INFO  [eu.fayder.restcountries.v2.rest.CountryRestV2:35] Getting all
2026-03-25 14:15:04,512 INFO  [eu.fayder.restcountries.v2.rest.CountryRestV2:35] Getting all
2026-03-25 14:15:04,573 INFO  [eu.fayder.restcountries.v2.rest.CountryRestV2:35] Getting all
2026-03-25 14:15:04,631 INFO  [eu.fayder.restcountries.v2.rest.CountryRestV2:35] Getting all
2026-03-25 14:15:04,709 INFO  [eu.fayder.restcountries.v2.rest.CountryRestV2:35] Getting all
2026-03-25 14:15:04,788 INFO  [eu.fayder.restcountries.v2.rest.CountryRestV2:35] Getting all
2026-03-25 14:15:04,854 INFO  [eu.fayder.restcountries.v2.rest.CountryRestV2:35] Getting all
2026-03-25 14:15:32,601 INFO  [eu.fayder.restcountries.v2.rest.CountryRestV2:57] Getting by list CO
2026-03-25 14:15:32,629 INFO  [eu.fayder.restcountries.v2.rest.CountryRestV2:57] Getting by list LR
2026-03-25 14:15:32,644 INFO  [eu.fayder.restcountries.v2.rest.CountryRestV2:57] Getting by list AD
2026-03-25 14:15:32,660 INFO  [eu.fayder.restcountries.v2.rest.CountryRestV2:57] Getting by list BS
2026-03-25 14:15:32,676 INFO  [eu.fayder.restcountries.v2.rest.CountryRestV2:57] Getting by list IL
2026-03-25 14:15:32,681 INFO  [eu.fayder.restcountries.v2.rest.CountryRestV2:57] Getting by list JP
2026-03-25 14:15:32,707 INFO  [eu.fayder.restcountries.v2.rest.CountryRestV2:57] Getting by list CN
2026-03-25 14:15:32,722 INFO  [eu.fayder.restcountries.v2.rest.CountryRestV2:57] Getting by list CA
2026-03-25 14:15:32,728 INFO  [eu.fayder.restcountries.v2.rest.CountryRestV2:57] Getting by list GY
2026-03-25 14:15:32,733 INFO  [eu.fayder.restcountries.v2.rest.CountryRestV2:57] Getting by list BZ
2026-03-25 14:15:32,753 INFO  [eu.fayder.restcountries.v2.rest.CountryRestV2:57] Getting by list BD
2026-03-25 14:15:32,784 INFO  [eu.fayder.restcountries.v2.rest.CountryRestV2:57] Getting by list DJ
2026-03-25 14:15:32,800 INFO  [eu.fayder.restcountries.v2.rest.CountryRestV2:57] Getting by list IR
2026-03-25 14:15:32,831 INFO  [eu.fayder.restcountries.v2.rest.CountryRestV2:57] Getting by list BY
2026-03-25 14:15:32,861 INFO  [eu.fayder.restcountries.v2.rest.CountryRestV2:57] Getting by list ES
2026-03-25 14:15:32,877 INFO  [eu.fayder.restcountries.v2.rest.CountryRestV2:57] Getting by list PY
2026-03-25 14:15:32,883 INFO  [eu.fayder.restcountries.v2.rest.CountryRestV2:57] Getting by list DZ
2026-03-25 14:15:32,907 INFO  [eu.fayder.restcountries.v2.rest.CountryRestV2:57] Getting by list CV
2026-03-25 14:15:32,914 INFO  [eu.fayder.restcountries.v2.rest.CountryRestV2:57] Getting by list NE
2026-03-25 14:15:32,939 INFO  [eu.fayder.restcountries.v2.rest.CountryRestV2:57] Getting by list DK
2026-03-25 14:15:32,970 INFO  [eu.fayder.restcountries.v2.rest.CountryRestV2:57] Getting by list PK
2026-03-25 14:15:32,977 INFO  [eu.fayder.restcountries.v2.rest.CountryRestV2:57] Getting by list SI
2026-03-25 14:15:32,984 INFO  [eu.fayder.restcountries.v2.rest.CountryRestV2:57] Getting by list KE
2026-03-25 14:15:32,990 INFO  [eu.fayder.restcountries.v2.rest.CountryRestV2:57] Getting by list BR
2026-03-25 14:15:32,998 INFO  [eu.fayder.restcountries.v2.rest.CountryRestV2:57] Getting by list BR
2026-03-25 14:15:33,004 INFO  [eu.fayder.restcountries.v2.rest.CountryRestV2:57] Getting by list MW
2026-03-25 14:15:33,012 INFO  [eu.fayder.restcountries.v2.rest.CountryRestV2:57] Getting by list ZM
2026-03-25 14:15:33,032 INFO  [eu.fayder.restcountries.v2.rest.CountryRestV2:57] Getting by list UZ
2026-03-25 14:15:33,041 INFO  [eu.fayder.restcountries.v2.rest.CountryRestV2:57] Getting by list KG
2026-03-25 14:15:33,048 INFO  [eu.fayder.restcountries.v2.rest.CountryRestV2:57] Getting by list GN
2026-03-25 14:15:33,057 INFO  [eu.fayder.restcountries.v2.rest.CountryRestV2:57] Getting by list NE
2026-03-25 14:15:33,079 INFO  [eu.fayder.restcountries.v2.rest.CountryRestV2:57] Getting by list TD
2026-03-25 14:15:33,110 INFO  [eu.fayder.restcountries.v2.rest.CountryRestV2:57] Getting by list LU
2026-03-25 14:15:33,142 INFO  [eu.fayder.restcountries.v2.rest.CountryRestV2:57] Getting by list PW
2026-03-25 14:15:33,151 INFO  [eu.fayder.restcountries.v2.rest.CountryRestV2:57] Getting by list KM
2026-03-25 14:15:33,172 INFO  [eu.fayder.restcountries.v2.rest.CountryRestV2:57] Getting by list HN
2026-03-25 14:15:33,203 INFO  [eu.fayder.restcountries.v2.rest.CountryRestV2:57] Getting by list LY
2026-03-25 14:15:33,234 INFO  [eu.fayder.restcountries.v2.rest.CountryRestV2:57] Getting by list CY
2026-03-25 14:15:33,242 INFO  [eu.fayder.restcountries.v2.rest.CountryRestV2:57] Getting by list PT
2026-03-25 14:15:33,251 INFO  [eu.fayder.restcountries.v2.rest.CountryRestV2:57] Getting by list MU
2026-03-25 14:15:33,260 INFO  [eu.fayder.restcountries.v2.rest.CountryRestV2:57] Getting by list TG
2026-03-25 14:15:33,295 INFO  [eu.fayder.restcountries.v2.rest.CountryRestV2:57] Getting by list GH
2026-03-25 14:15:33,326 INFO  [eu.fayder.restcountries.v2.rest.CountryRestV2:57] Getting by list MU
2026-03-25 14:15:33,358 INFO  [eu.fayder.restcountries.v2.rest.CountryRestV2:57] Getting by list UG
2026-03-25 14:15:33,389 INFO  [eu.fayder.restcountries.v2.rest.CountryRestV2:57] Getting by list ZA
2026-03-25 14:15:33,420 INFO  [eu.fayder.restcountries.v2.rest.CountryRestV2:57] Getting by list HR
2026-03-25 14:15:33,430 INFO  [eu.fayder.restcountries.v2.rest.CountryRestV2:57] Getting by list LT
2026-03-25 14:15:33,441 INFO  [eu.fayder.restcountries.v2.rest.CountryRestV2:57] Getting by list OM
2026-03-25 14:15:33,451 INFO  [eu.fayder.restcountries.v2.rest.CountryRestV2:57] Getting by list IN
2026-03-25 14:15:33,461 INFO  [eu.fayder.restcountries.v2.rest.CountryRestV2:57] Getting by list AO
2026-03-25 14:15:52,743 INFO  [eu.fayder.restcountries.v1.rest.CountryRestV1:47] Getting by alpha AU
2026-03-25 14:15:52,761 INFO  [eu.fayder.restcountries.v1.rest.CountryRestV1:47] Getting by alpha PS
2026-03-25 14:15:52,776 INFO  [eu.fayder.restcountries.v1.rest.CountryRestV1:47] Getting by alpha SL
2026-03-25 14:15:52,792 INFO  [eu.fayder.restcountries.v1.rest.CountryRestV1:47] Getting by alpha MA
2026-03-25 14:15:52,797 INFO  [eu.fayder.restcountries.v1.rest.CountryRestV1:47] Getting by alpha PY
2026-03-25 14:15:52,823 INFO  [eu.fayder.restcountries.v1.rest.CountryRestV1:47] Getting by alpha KI
2026-03-25 14:15:52,839 INFO  [eu.fayder.restcountries.v1.rest.CountryRestV1:47] Getting by alpha DZ
2026-03-25 14:15:52,844 INFO  [eu.fayder.restcountries.v1.rest.CountryRestV1:47] Getting by alpha SE
2026-03-25 14:15:52,849 INFO  [eu.fayder.restcountries.v1.rest.CountryRestV1:47] Getting by alpha CD
2026-03-25 14:15:52,871 INFO  [eu.fayder.restcountries.v1.rest.CountryRestV1:47] Getting by alpha CL
2026-03-25 14:15:52,901 INFO  [eu.fayder.restcountries.v1.rest.CountryRestV1:47] Getting by alpha ES
2026-03-25 14:15:52,906 INFO  [eu.fayder.restcountries.v1.rest.CountryRestV1:47] Getting by alpha ER
2026-03-25 14:15:52,912 INFO  [eu.fayder.restcountries.v1.rest.CountryRestV1:47] Getting by alpha GB
2026-03-25 14:15:52,932 INFO  [eu.fayder.restcountries.v1.rest.CountryRestV1:47] Getting by alpha SK
2026-03-25 14:15:52,939 INFO  [eu.fayder.restcountries.v1.rest.CountryRestV1:47] Getting by alpha KZ
2026-03-25 14:15:52,945 INFO  [eu.fayder.restcountries.v1.rest.CountryRestV1:47] Getting by alpha KR
2026-03-25 14:15:52,963 INFO  [eu.fayder.restcountries.v1.rest.CountryRestV1:47] Getting by alpha CN
2026-03-25 14:15:52,970 INFO  [eu.fayder.restcountries.v1.rest.CountryRestV1:47] Getting by alpha AG
2026-03-25 14:15:52,995 INFO  [eu.fayder.restcountries.v1.rest.CountryRestV1:47] Getting by alpha JM
2026-03-25 14:15:53,002 INFO  [eu.fayder.restcountries.v1.rest.CountryRestV1:47] Getting by alpha FM
2026-03-25 14:15:53,010 INFO  [eu.fayder.restcountries.v1.rest.CountryRestV1:47] Getting by alpha DZ
2026-03-25 14:15:53,016 INFO  [eu.fayder.restcountries.v1.rest.CountryRestV1:47] Getting by alpha GW
2026-03-25 14:15:53,024 INFO  [eu.fayder.restcountries.v1.rest.CountryRestV1:47] Getting by alpha GR
2026-03-25 14:15:53,056 INFO  [eu.fayder.restcountries.v1.rest.CountryRestV1:47] Getting by alpha SL
2026-03-25 14:15:53,063 INFO  [eu.fayder.restcountries.v1.rest.CountryRestV1:47] Getting by alpha NZ
2026-03-25 14:15:53,069 INFO  [eu.fayder.restcountries.v1.rest.CountryRestV1:47] Getting by alpha KP
2026-03-25 14:15:53,076 INFO  [eu.fayder.restcountries.v1.rest.CountryRestV1:47] Getting by alpha NP
2026-03-25 14:15:53,104 INFO  [eu.fayder.restcountries.v1.rest.CountryRestV1:47] Getting by alpha HR
2026-03-25 14:15:53,112 INFO  [eu.fayder.restcountries.v1.rest.CountryRestV1:47] Getting by alpha SB
2026-03-25 14:15:53,135 INFO  [eu.fayder.restcountries.v1.rest.CountryRestV1:47] Getting by alpha IR
2026-03-25 14:15:53,165 INFO  [eu.fayder.restcountries.v1.rest.CountryRestV1:47] Getting by alpha SK
2026-03-25 14:15:53,175 INFO  [eu.fayder.restcountries.v1.rest.CountryRestV1:47] Getting by alpha NA
2026-03-25 14:15:53,196 INFO  [eu.fayder.restcountries.v1.rest.CountryRestV1:47] Getting by alpha AF
2026-03-25 14:15:53,228 INFO  [eu.fayder.restcountries.v1.rest.CountryRestV1:47] Getting by alpha RW
2026-03-25 14:15:53,259 INFO  [eu.fayder.restcountries.v1.rest.CountryRestV1:47] Getting by alpha EG
2026-03-25 14:15:53,268 INFO  [eu.fayder.restcountries.v1.rest.CountryRestV1:47] Getting by alpha MX
2026-03-25 14:15:53,289 INFO  [eu.fayder.restcountries.v1.rest.CountryRestV1:47] Getting by alpha GH
2026-03-25 14:15:53,320 INFO  [eu.fayder.restcountries.v1.rest.CountryRestV1:47] Getting by alpha AL
2026-03-25 14:15:53,351 INFO  [eu.fayder.restcountries.v1.rest.CountryRestV1:47] Getting by alpha BT
2026-03-25 14:15:53,361 INFO  [eu.fayder.restcountries.v1.rest.CountryRestV1:47] Getting by alpha MG
2026-03-25 14:15:53,371 INFO  [eu.fayder.restcountries.v1.rest.CountryRestV1:47] Getting by alpha BY
2026-03-25 14:15:53,397 INFO  [eu.fayder.restcountries.v1.rest.CountryRestV1:47] Getting by alpha CA
2026-03-25 14:15:53,407 INFO  [eu.fayder.restcountries.v1.rest.CountryRestV1:47] Getting by alpha BI
2026-03-25 14:15:53,429 INFO  [eu.fayder.restcountries.v1.rest.CountryRestV1:47] Getting by alpha MU
2026-03-25 14:15:53,438 INFO  [eu.fayder.restcountries.v1.rest.CountryRestV1:47] Getting by alpha BO
2026-03-25 14:15:53,447 INFO  [eu.fayder.restcountries.v1.rest.CountryRestV1:47] Getting by alpha LC
2026-03-25 14:15:53,457 INFO  [eu.fayder.restcountries.v1.rest.CountryRestV1:47] Getting by alpha AG
2026-03-25 14:15:53,476 INFO  [eu.fayder.restcountries.v1.rest.CountryRestV1:47] Getting by alpha LY
2026-03-25 14:15:53,485 INFO  [eu.fayder.restcountries.v1.rest.CountryRestV1:47] Getting by alpha CF
2026-03-25 14:15:53,506 INFO  [eu.fayder.restcountries.v1.rest.CountryRestV1:47] Getting by alpha IL
2026-03-25 14:16:08,344 INFO  [eu.fayder.restcountries.v1.rest.CountryRestV1:80] Getting by currency PAB
2026-03-25 14:16:08,372 INFO  [eu.fayder.restcountries.v1.rest.CountryRestV1:80] Getting by currency KPW
2026-03-25 14:16:08,403 INFO  [eu.fayder.restcountries.v1.rest.CountryRestV1:80] Getting by currency UYU
2026-03-25 14:16:08,419 INFO  [eu.fayder.restcountries.v1.rest.CountryRestV1:80] Getting by currency SLL
2026-03-25 14:16:08,423 INFO  [eu.fayder.restcountries.v1.rest.CountryRestV1:80] Getting by currency SCR
2026-03-25 14:16:08,427 INFO  [eu.fayder.restcountries.v1.rest.CountryRestV1:80] Getting by currency SZL
2026-03-25 14:16:08,450 INFO  [eu.fayder.restcountries.v1.rest.CountryRestV1:80] Getting by currency RSD
2026-03-25 14:16:08,455 INFO  [eu.fayder.restcountries.v1.rest.CountryRestV1:80] Getting by currency BMD
2026-03-25 14:16:08,461 INFO  [eu.fayder.restcountries.v1.rest.CountryRestV1:80] Getting by currency QAR
2026-03-25 14:16:08,481 INFO  [eu.fayder.restcountries.v1.rest.CountryRestV1:80] Getting by currency PYG
2026-03-25 14:16:08,497 INFO  [eu.fayder.restcountries.v1.rest.CountryRestV1:80] Getting by currency AWG
2026-03-25 14:16:08,512 INFO  [eu.fayder.restcountries.v1.rest.CountryRestV1:80] Getting by currency MMK
2026-03-25 14:16:08,517 INFO  [eu.fayder.restcountries.v1.rest.CountryRestV1:80] Getting by currency KRW
2026-03-25 14:16:08,542 INFO  [eu.fayder.restcountries.v1.rest.CountryRestV1:80] Getting by currency PAB
2026-03-25 14:16:08,558 INFO  [eu.fayder.restcountries.v1.rest.CountryRestV1:80] Getting by currency MZN
2026-03-25 14:16:08,574 INFO  [eu.fayder.restcountries.v1.rest.CountryRestV1:80] Getting by currency MGA
2026-03-25 14:16:08,581 INFO  [eu.fayder.restcountries.v1.rest.CountryRestV1:80] Getting by currency CUP
2026-03-25 14:16:08,586 INFO  [eu.fayder.restcountries.v1.rest.CountryRestV1:80] Getting by currency BZD
2026-03-25 14:16:08,607 INFO  [eu.fayder.restcountries.v1.rest.CountryRestV1:80] Getting by currency CAD
2026-03-25 14:16:08,637 INFO  [eu.fayder.restcountries.v1.rest.CountryRestV1:80] Getting by currency DOP
2026-03-25 14:16:08,668 INFO  [eu.fayder.restcountries.v1.rest.CountryRestV1:80] Getting by currency BBD
2026-03-25 14:16:08,699 INFO  [eu.fayder.restcountries.v1.rest.CountryRestV1:80] Getting by currency UAH
2026-03-25 14:16:08,730 INFO  [eu.fayder.restcountries.v1.rest.CountryRestV1:80] Getting by currency MXN
2026-03-25 14:16:08,737 INFO  [eu.fayder.restcountries.v1.rest.CountryRestV1:80] Getting by currency EGP
2026-03-25 14:16:08,743 INFO  [eu.fayder.restcountries.v1.rest.CountryRestV1:80] Getting by currency BND
2026-03-25 14:16:08,750 INFO  [eu.fayder.restcountries.v1.rest.CountryRestV1:80] Getting by currency AZN
2026-03-25 14:16:08,777 INFO  [eu.fayder.restcountries.v1.rest.CountryRestV1:80] Getting by currency TOP
2026-03-25 14:16:08,785 INFO  [eu.fayder.restcountries.v1.rest.CountryRestV1:80] Getting by currency IRR
2026-03-25 14:16:08,808 INFO  [eu.fayder.restcountries.v1.rest.CountryRestV1:80] Getting by currency BOB
2026-03-25 14:16:08,840 INFO  [eu.fayder.restcountries.v1.rest.CountryRestV1:80] Getting by currency BND
2026-03-25 14:16:08,871 INFO  [eu.fayder.restcountries.v1.rest.CountryRestV1:80] Getting by currency THB
2026-03-25 14:16:08,879 INFO  [eu.fayder.restcountries.v1.rest.CountryRestV1:80] Getting by currency BIF
2026-03-25 14:16:08,886 INFO  [eu.fayder.restcountries.v1.rest.CountryRestV1:80] Getting by currency MWK
2026-03-25 14:16:08,893 INFO  [eu.fayder.restcountries.v1.rest.CountryRestV1:80] Getting by currency UGX
2026-03-25 14:16:08,917 INFO  [eu.fayder.restcountries.v1.rest.CountryRestV1:80] Getting by currency TMT
2026-03-25 14:16:08,947 INFO  [eu.fayder.restcountries.v1.rest.CountryRestV1:80] Getting by currency INR
2026-03-25 14:16:08,979 INFO  [eu.fayder.restcountries.v1.rest.CountryRestV1:80] Getting by currency PAB
2026-03-25 14:16:08,989 INFO  [eu.fayder.restcountries.v1.rest.CountryRestV1:80] Getting by currency STD
2026-03-25 14:16:09,010 INFO  [eu.fayder.restcountries.v1.rest.CountryRestV1:80] Getting by currency MDL
2026-03-25 14:16:09,019 INFO  [eu.fayder.restcountries.v1.rest.CountryRestV1:80] Getting by currency TRY
2026-03-25 14:16:09,028 INFO  [eu.fayder.restcountries.v1.rest.CountryRestV1:80] Getting by currency SCR
2026-03-25 14:16:09,057 INFO  [eu.fayder.restcountries.v1.rest.CountryRestV1:80] Getting by currency UGX
2026-03-25 14:16:09,065 INFO  [eu.fayder.restcountries.v1.rest.CountryRestV1:80] Getting by currency MKD
2026-03-25 14:16:09,074 INFO  [eu.fayder.restcountries.v1.rest.CountryRestV1:80] Getting by currency PAB
2026-03-25 14:16:09,083 INFO  [eu.fayder.restcountries.v1.rest.CountryRestV1:80] Getting by currency DZD
2026-03-25 14:16:09,092 INFO  [eu.fayder.restcountries.v1.rest.CountryRestV1:80] Getting by currency PLN
2026-03-25 14:16:09,119 INFO  [eu.fayder.restcountries.v1.rest.CountryRestV1:80] Getting by currency MVR
2026-03-25 14:16:09,150 INFO  [eu.fayder.restcountries.v1.rest.CountryRestV1:80] Getting by currency NOK
2026-03-25 14:16:09,180 INFO  [eu.fayder.restcountries.v1.rest.CountryRestV1:80] Getting by currency CDF
2026-03-25 14:16:09,191 INFO  [eu.fayder.restcountries.v1.rest.CountryRestV1:80] Getting by currency SBD
2026-03-25 14:16:36,479 INFO  [eu.fayder.restcountries.v1.rest.CountryRestV1:99] Getting by name Alice
2026-03-25 14:16:36,504 INFO  [eu.fayder.restcountries.v1.rest.CountryRestV1:99] Getting by name Bob
2026-03-25 14:16:36,510 INFO  [eu.fayder.restcountries.v1.rest.CountryRestV1:99] Getting by name Charlie
2026-03-25 14:16:36,535 INFO  [eu.fayder.restcountries.v1.rest.CountryRestV1:99] Getting by name Diana
2026-03-25 14:16:36,567 INFO  [eu.fayder.restcountries.v1.rest.CountryRestV1:99] Getting by name Eve
2026-03-25 14:16:36,597 INFO  [eu.fayder.restcountries.v1.rest.CountryRestV1:99] Getting by name Frank
2026-03-25 14:16:36,628 INFO  [eu.fayder.restcountries.v1.rest.CountryRestV1:99] Getting by name Grace
2026-03-25 14:16:36,636 INFO  [eu.fayder.restcountries.v1.rest.CountryRestV1:99] Getting by name Hannah
2026-03-25 14:16:36,660 INFO  [eu.fayder.restcountries.v1.rest.CountryRestV1:99] Getting by name Ian
2026-03-25 14:16:36,667 INFO  [eu.fayder.restcountries.v1.rest.CountryRestV1:99] Getting by name Jane
2026-03-25 14:16:36,690 INFO  [eu.fayder.restcountries.v1.rest.CountryRestV1:99] Getting by name Kevin
2026-03-25 14:16:36,720 INFO  [eu.fayder.restcountries.v1.rest.CountryRestV1:99] Getting by name Laura
2026-03-25 14:16:36,753 INFO  [eu.fayder.restcountries.v1.rest.CountryRestV1:99] Getting by name Mike
2026-03-25 14:16:36,783 INFO  [eu.fayder.restcountries.v1.rest.CountryRestV1:99] Getting by name Nina
2026-03-25 14:16:36,814 INFO  [eu.fayder.restcountries.v1.rest.CountryRestV1:99] Getting by name Oscar
2026-03-25 14:16:36,846 INFO  [eu.fayder.restcountries.v1.rest.CountryRestV1:99] Getting by name Paula
2026-03-25 14:16:36,877 INFO  [eu.fayder.restcountries.v1.rest.CountryRestV1:99] Getting by name Quinn
2026-03-25 14:16:36,908 INFO  [eu.fayder.restcountries.v1.rest.CountryRestV1:99] Getting by name Rachel
2026-03-25 14:16:36,915 INFO  [eu.fayder.restcountries.v1.rest.CountryRestV1:99] Getting by name Steve
2026-03-25 14:16:36,940 INFO  [eu.fayder.restcountries.v1.rest.CountryRestV1:99] Getting by name Tina
2026-03-25 14:16:36,948 INFO  [eu.fayder.restcountries.v1.rest.CountryRestV1:99] Getting by name Uma
2026-03-25 14:16:36,972 INFO  [eu.fayder.restcountries.v1.rest.CountryRestV1:99] Getting by name Victor
2026-03-25 14:16:37,003 INFO  [eu.fayder.restcountries.v1.rest.CountryRestV1:99] Getting by name Wendy
2026-03-25 14:16:37,033 INFO  [eu.fayder.restcountries.v1.rest.CountryRestV1:99] Getting by name Xander
2026-03-25 14:16:37,064 INFO  [eu.fayder.restcountries.v1.rest.CountryRestV1:99] Getting by name Yara
2026-03-25 14:16:37,095 INFO  [eu.fayder.restcountries.v1.rest.CountryRestV1:99] Getting by name Zane
2026-03-25 14:16:37,126 INFO  [eu.fayder.restcountries.v1.rest.CountryRestV1:99] Getting by name Amy
2026-03-25 14:16:37,137 INFO  [eu.fayder.restcountries.v1.rest.CountryRestV1:99] Getting by name Brian
2026-03-25 14:16:37,157 INFO  [eu.fayder.restcountries.v1.rest.CountryRestV1:99] Getting by name Cathy
2026-03-25 14:16:37,189 INFO  [eu.fayder.restcountries.v1.rest.CountryRestV1:99] Getting by name David
2026-03-25 14:16:37,220 INFO  [eu.fayder.restcountries.v1.rest.CountryRestV1:99] Getting by name Ella
2026-03-25 14:16:37,250 INFO  [eu.fayder.restcountries.v1.rest.CountryRestV1:99] Getting by name Felix
2026-03-25 14:16:37,281 INFO  [eu.fayder.restcountries.v1.rest.CountryRestV1:99] Getting by name Gina
2026-03-25 14:16:37,292 INFO  [eu.fayder.restcountries.v1.rest.CountryRestV1:99] Getting by name Harry
2026-03-25 14:16:37,311 INFO  [eu.fayder.restcountries.v1.rest.CountryRestV1:99] Getting by name Ivy
2026-03-25 14:16:37,342 INFO  [eu.fayder.restcountries.v1.rest.CountryRestV1:99] Getting by name Jack
2026-03-25 14:16:37,352 INFO  [eu.fayder.restcountries.v1.rest.CountryRestV1:99] Getting by name Kara
2026-03-25 14:16:37,374 INFO  [eu.fayder.restcountries.v1.rest.CountryRestV1:99] Getting by name Liam
2026-03-25 14:16:37,403 INFO  [eu.fayder.restcountries.v1.rest.CountryRestV1:99] Getting by name Maya
2026-03-25 14:16:37,434 INFO  [eu.fayder.restcountries.v1.rest.CountryRestV1:99] Getting by name Noah
2026-03-25 14:16:37,444 INFO  [eu.fayder.restcountries.v1.rest.CountryRestV1:99] Getting by name Olivia
2026-03-25 14:16:37,465 INFO  [eu.fayder.restcountries.v1.rest.CountryRestV1:99] Getting by name Peter
2026-03-25 14:16:37,496 INFO  [eu.fayder.restcountries.v1.rest.CountryRestV1:99] Getting by name Queen
2026-03-25 14:16:37,528 INFO  [eu.fayder.restcountries.v1.rest.CountryRestV1:99] Getting by name Robert
2026-03-25 14:16:37,558 INFO  [eu.fayder.restcountries.v1.rest.CountryRestV1:99] Getting by name Sara
2026-03-25 14:16:37,569 INFO  [eu.fayder.restcountries.v1.rest.CountryRestV1:99] Getting by name Tom
2026-03-25 14:16:37,590 INFO  [eu.fayder.restcountries.v1.rest.CountryRestV1:99] Getting by name Ursula
2026-03-25 14:16:37,620 INFO  [eu.fayder.restcountries.v1.rest.CountryRestV1:99] Getting by name Vince
2026-03-25 14:16:37,651 INFO  [eu.fayder.restcountries.v1.rest.CountryRestV1:99] Getting by name Willa
2026-03-25 14:16:37,662 INFO  [eu.fayder.restcountries.v1.rest.CountryRestV1:99] Getting by name Xena
2026-03-25 14:17:05,231 INFO  [eu.fayder.restcountries.v1.rest.CountryRestV1:115] Getting by calling code +4364
2026-03-25 14:17:05,256 INFO  [eu.fayder.restcountries.v1.rest.CountryRestV1:115] Getting by calling code +0901
2026-03-25 14:17:05,271 INFO  [eu.fayder.restcountries.v1.rest.CountryRestV1:115] Getting by calling code +9420
2026-03-25 14:17:05,288 INFO  [eu.fayder.restcountries.v1.rest.CountryRestV1:115] Getting by calling code +5
2026-03-25 14:17:05,293 INFO  [eu.fayder.restcountries.v1.rest.CountryRestV1:115] Getting by calling code +0
2026-03-25 14:17:05,319 INFO  [eu.fayder.restcountries.v1.rest.CountryRestV1:115] Getting by calling code +652
2026-03-25 14:17:05,334 INFO  [eu.fayder.restcountries.v1.rest.CountryRestV1:115] Getting by calling code +8
2026-03-25 14:17:05,339 INFO  [eu.fayder.restcountries.v1.rest.CountryRestV1:115] Getting by calling code +1
2026-03-25 14:17:05,365 INFO  [eu.fayder.restcountries.v1.rest.CountryRestV1:115] Getting by calling code +5
2026-03-25 14:17:05,373 INFO  [eu.fayder.restcountries.v1.rest.CountryRestV1:115] Getting by calling code +11
2026-03-25 14:17:05,378 INFO  [eu.fayder.restcountries.v1.rest.CountryRestV1:115] Getting by calling code +5
2026-03-25 14:17:05,396 INFO  [eu.fayder.restcountries.v1.rest.CountryRestV1:115] Getting by calling code +6506
2026-03-25 14:17:05,401 INFO  [eu.fayder.restcountries.v1.rest.CountryRestV1:115] Getting by calling code +9
2026-03-25 14:17:05,426 INFO  [eu.fayder.restcountries.v1.rest.CountryRestV1:115] Getting by calling code +0
2026-03-25 14:17:05,442 INFO  [eu.fayder.restcountries.v1.rest.CountryRestV1:115] Getting by calling code +1
2026-03-25 14:17:05,448 INFO  [eu.fayder.restcountries.v1.rest.CountryRestV1:115] Getting by calling code +1545
2026-03-25 14:17:05,473 INFO  [eu.fayder.restcountries.v1.rest.CountryRestV1:115] Getting by calling code +0
2026-03-25 14:17:05,489 INFO  [eu.fayder.restcountries.v1.rest.CountryRestV1:115] Getting by calling code +5
2026-03-25 14:17:05,519 INFO  [eu.fayder.restcountries.v1.rest.CountryRestV1:115] Getting by calling code +5124
2026-03-25 14:17:05,550 INFO  [eu.fayder.restcountries.v1.rest.CountryRestV1:115] Getting by calling code +5
2026-03-25 14:17:05,581 INFO  [eu.fayder.restcountries.v1.rest.CountryRestV1:115] Getting by calling code +0919
2026-03-25 14:17:05,613 INFO  [eu.fayder.restcountries.v1.rest.CountryRestV1:115] Getting by calling code +6078
2026-03-25 14:17:05,644 INFO  [eu.fayder.restcountries.v1.rest.CountryRestV1:115] Getting by calling code +7810
2026-03-25 14:17:05,674 INFO  [eu.fayder.restcountries.v1.rest.CountryRestV1:115] Getting by calling code +7
2026-03-25 14:17:05,705 INFO  [eu.fayder.restcountries.v1.rest.CountryRestV1:115] Getting by calling code +199
2026-03-25 14:17:05,736 INFO  [eu.fayder.restcountries.v1.rest.CountryRestV1:115] Getting by calling code +2216
2026-03-25 14:17:05,767 INFO  [eu.fayder.restcountries.v1.rest.CountryRestV1:115] Getting by calling code +670
2026-03-25 14:17:05,797 INFO  [eu.fayder.restcountries.v1.rest.CountryRestV1:115] Getting by calling code +4164
2026-03-25 14:17:05,829 INFO  [eu.fayder.restcountries.v1.rest.CountryRestV1:115] Getting by calling code +4
2026-03-25 14:17:05,837 INFO  [eu.fayder.restcountries.v1.rest.CountryRestV1:115] Getting by calling code +0
2026-03-25 14:17:05,845 INFO  [eu.fayder.restcountries.v1.rest.CountryRestV1:115] Getting by calling code +6626
2026-03-25 14:17:05,852 INFO  [eu.fayder.restcountries.v1.rest.CountryRestV1:115] Getting by calling code +4699
2026-03-25 14:17:05,875 INFO  [eu.fayder.restcountries.v1.rest.CountryRestV1:115] Getting by calling code +40
2026-03-25 14:17:05,907 INFO  [eu.fayder.restcountries.v1.rest.CountryRestV1:115] Getting by calling code +5
2026-03-25 14:17:05,939 INFO  [eu.fayder.restcountries.v1.rest.CountryRestV1:115] Getting by calling code +101
2026-03-25 14:17:05,970 INFO  [eu.fayder.restcountries.v1.rest.CountryRestV1:115] Getting by calling code +6
2026-03-25 14:17:06,002 INFO  [eu.fayder.restcountries.v1.rest.CountryRestV1:115] Getting by calling code +2
2026-03-25 14:17:06,008 INFO  [eu.fayder.restcountries.v1.rest.CountryRestV1:115] Getting by calling code +9098
2026-03-25 14:17:06,017 INFO  [eu.fayder.restcountries.v1.rest.CountryRestV1:115] Getting by calling code +06
2026-03-25 14:17:06,049 INFO  [eu.fayder.restcountries.v1.rest.CountryRestV1:115] Getting by calling code +7
2026-03-25 14:17:06,080 INFO  [eu.fayder.restcountries.v1.rest.CountryRestV1:115] Getting by calling code +0
2026-03-25 14:17:06,110 INFO  [eu.fayder.restcountries.v1.rest.CountryRestV1:115] Getting by calling code +3
2026-03-25 14:17:06,141 INFO  [eu.fayder.restcountries.v1.rest.CountryRestV1:115] Getting by calling code +15
2026-03-25 14:17:06,172 INFO  [eu.fayder.restcountries.v1.rest.CountryRestV1:115] Getting by calling code +0
2026-03-25 14:17:06,204 INFO  [eu.fayder.restcountries.v1.rest.CountryRestV1:115] Getting by calling code +90
2026-03-25 14:17:06,234 INFO  [eu.fayder.restcountries.v1.rest.CountryRestV1:115] Getting by calling code +2324
2026-03-25 14:17:06,265 INFO  [eu.fayder.restcountries.v1.rest.CountryRestV1:115] Getting by calling code +0460
2026-03-25 14:17:06,296 INFO  [eu.fayder.restcountries.v1.rest.CountryRestV1:115] Getting by calling code +2491
2026-03-25 14:17:06,327 INFO  [eu.fayder.restcountries.v1.rest.CountryRestV1:115] Getting by calling code +96
2026-03-25 14:17:06,359 INFO  [eu.fayder.restcountries.v1.rest.CountryRestV1:115] Getting by calling code +7996
2026-03-25 14:17:51,173 INFO  [eu.fayder.restcountries.v1.rest.CountryRestV1:131] Getting by capital Paris
2026-03-25 14:17:51,204 INFO  [eu.fayder.restcountries.v1.rest.CountryRestV1:131] Getting by capital Tokyo
2026-03-25 14:17:51,219 INFO  [eu.fayder.restcountries.v1.rest.CountryRestV1:131] Getting by capital Canberra
2026-03-25 14:17:51,224 INFO  [eu.fayder.restcountries.v1.rest.CountryRestV1:131] Getting by capital Ottawa
2026-03-25 14:17:51,250 INFO  [eu.fayder.restcountries.v1.rest.CountryRestV1:131] Getting by capital Berlin
2026-03-25 14:17:51,265 INFO  [eu.fayder.restcountries.v1.rest.CountryRestV1:131] Getting by capital Brasília
2026-03-25 14:17:51,271 INFO  [eu.fayder.restcountries.v1.rest.CountryRestV1:131] Getting by capital New Delhi
2026-03-25 14:17:51,277 INFO  [eu.fayder.restcountries.v1.rest.CountryRestV1:131] Getting by capital Moscow
2026-03-25 14:17:51,298 INFO  [eu.fayder.restcountries.v1.rest.CountryRestV1:131] Getting by capital Rome
2026-03-25 14:17:51,328 INFO  [eu.fayder.restcountries.v1.rest.CountryRestV1:131] Getting by capital Madrid
2026-03-25 14:17:51,344 INFO  [eu.fayder.restcountries.v1.rest.CountryRestV1:131] Getting by capital Beijing
2026-03-25 14:17:51,359 INFO  [eu.fayder.restcountries.v1.rest.CountryRestV1:131] Getting by capital Cairo
2026-03-25 14:17:51,365 INFO  [eu.fayder.restcountries.v1.rest.CountryRestV1:131] Getting by capital Bangkok
2026-03-25 14:17:51,390 INFO  [eu.fayder.restcountries.v1.rest.CountryRestV1:131] Getting by capital Athens
2026-03-25 14:17:51,421 INFO  [eu.fayder.restcountries.v1.rest.CountryRestV1:131] Getting by capital Lisbon
2026-03-25 14:17:51,437 INFO  [eu.fayder.restcountries.v1.rest.CountryRestV1:131] Getting by capital Helsinki
2026-03-25 14:17:51,452 INFO  [eu.fayder.restcountries.v1.rest.CountryRestV1:131] Getting by capital Oslo
2026-03-25 14:17:51,484 INFO  [eu.fayder.restcountries.v1.rest.CountryRestV1:131] Getting by capital Stockholm
2026-03-25 14:17:51,515 INFO  [eu.fayder.restcountries.v1.rest.CountryRestV1:131] Getting by capital Vienna
2026-03-25 14:17:51,521 INFO  [eu.fayder.restcountries.v1.rest.CountryRestV1:131] Getting by capital Kuala Lumpur
2026-03-25 14:17:51,546 INFO  [eu.fayder.restcountries.v1.rest.CountryRestV1:131] Getting by capital Seoul
2026-03-25 14:17:51,577 INFO  [eu.fayder.restcountries.v1.rest.CountryRestV1:131] Getting by capital Buenos Aires
2026-03-25 14:17:51,607 INFO  [eu.fayder.restcountries.v1.rest.CountryRestV1:131] Getting by capital Lima
2026-03-25 14:17:51,638 INFO  [eu.fayder.restcountries.v1.rest.CountryRestV1:131] Getting by capital Jakarta
2026-03-25 14:17:51,670 INFO  [eu.fayder.restcountries.v1.rest.CountryRestV1:131] Getting by capital InvalidCapital123
2026-03-25 14:17:51,677 INFO  [eu.fayder.restcountries.v1.rest.CountryRestV1:131] Getting by capital Dublin
2026-03-25 14:17:51,685 INFO  [eu.fayder.restcountries.v1.rest.CountryRestV1:131] Getting by capital Warsaw
2026-03-25 14:17:51,691 INFO  [eu.fayder.restcountries.v1.rest.CountryRestV1:131] Getting by capital Copenhagen
2026-03-25 14:17:51,699 INFO  [eu.fayder.restcountries.v1.rest.CountryRestV1:131] Getting by capital Budapest
2026-03-25 14:17:51,733 INFO  [eu.fayder.restcountries.v1.rest.CountryRestV1:131] Getting by capital WrongCapital!
2026-03-25 14:17:51,764 INFO  [eu.fayder.restcountries.v1.rest.CountryRestV1:131] Getting by capital Hanoi
2026-03-25 14:17:51,795 INFO  [eu.fayder.restcountries.v1.rest.CountryRestV1:131] Getting by capital Manila
2026-03-25 14:17:51,803 INFO  [eu.fayder.restcountries.v1.rest.CountryRestV1:131] Getting by capital Riyadh
2026-03-25 14:17:51,827 INFO  [eu.fayder.restcountries.v1.rest.CountryRestV1:131] Getting by capital Tehran
2026-03-25 14:17:51,835 INFO  [eu.fayder.restcountries.v1.rest.CountryRestV1:131] Getting by capital Nairobi
2026-03-25 14:17:51,843 INFO  [eu.fayder.restcountries.v1.rest.CountryRestV1:131] Getting by capital Havana
2026-03-25 14:17:51,873 INFO  [eu.fayder.restcountries.v1.rest.CountryRestV1:131] Getting by capital Kiev
2026-03-25 14:17:51,905 INFO  [eu.fayder.restcountries.v1.rest.CountryRestV1:131] Getting by capital Santiago
2026-03-25 14:17:51,936 INFO  [eu.fayder.restcountries.v1.rest.CountryRestV1:131] Getting by capital Zagreb
2026-03-25 14:17:51,969 INFO  [eu.fayder.restcountries.v1.rest.CountryRestV1:131] Getting by capital Brussels
2026-03-25 14:17:52,000 INFO  [eu.fayder.restcountries.v1.rest.CountryRestV1:131] Getting by capital Amsterdam
2026-03-25 14:17:52,030 INFO  [eu.fayder.restcountries.v1.rest.CountryRestV1:131] Getting by capital Luxembourg
2026-03-25 14:17:52,061 INFO  [eu.fayder.restcountries.v1.rest.CountryRestV1:131] Getting by capital Valletta
2026-03-25 14:17:52,092 INFO  [eu.fayder.restcountries.v1.rest.CountryRestV1:131] Getting by capital Reykjavik
2026-03-25 14:17:52,102 INFO  [eu.fayder.restcountries.v1.rest.CountryRestV1:131] Getting by capital Suva
2026-03-25 14:17:52,123 INFO  [eu.fayder.restcountries.v1.rest.CountryRestV1:131] Getting by capital Wellington
2026-03-25 14:17:52,155 INFO  [eu.fayder.restcountries.v1.rest.CountryRestV1:131] Getting by capital Kingston
2026-03-25 14:17:52,186 INFO  [eu.fayder.restcountries.v1.rest.CountryRestV1:131] Getting by capital Port Moresby
2026-03-25 14:17:52,195 INFO  [eu.fayder.restcountries.v1.rest.CountryRestV1:131] Getting by capital Helsinki
2026-03-25 14:18:33,553 INFO  [eu.fayder.restcountries.v1.rest.CountryRestV1:147] Getting by region us-west-1
2026-03-25 14:18:33,558 INFO  [eu.fayder.restcountries.v1.rest.CountryRestV1:147] Getting by region eu-central-1
2026-03-25 14:18:33,573 INFO  [eu.fayder.restcountries.v1.rest.CountryRestV1:147] Getting by region ap-southeast-2
2026-03-25 14:18:33,588 INFO  [eu.fayder.restcountries.v1.rest.CountryRestV1:147] Getting by region sa-east-1
2026-03-25 14:18:33,604 INFO  [eu.fayder.restcountries.v1.rest.CountryRestV1:147] Getting by region ca-central-1
2026-03-25 14:18:33,619 INFO  [eu.fayder.restcountries.v1.rest.CountryRestV1:147] Getting by region eu-west-3
2026-03-25 14:18:33,634 INFO  [eu.fayder.restcountries.v1.rest.CountryRestV1:147] Getting by region us-east-2
2026-03-25 14:18:33,650 INFO  [eu.fayder.restcountries.v1.rest.CountryRestV1:147] Getting by region ap-northeast-1
2026-03-25 14:18:33,665 INFO  [eu.fayder.restcountries.v1.rest.CountryRestV1:147] Getting by region eu-north-1
2026-03-25 14:18:33,670 INFO  [eu.fayder.restcountries.v1.rest.CountryRestV1:147] Getting by region af-south-1
2026-03-25 14:18:33,696 INFO  [eu.fayder.restcountries.v1.rest.CountryRestV1:147] Getting by region me-south-1
2026-03-25 14:18:33,726 INFO  [eu.fayder.restcountries.v1.rest.CountryRestV1:147] Getting by region us-gov-west-1
2026-03-25 14:18:33,742 INFO  [eu.fayder.restcountries.v1.rest.CountryRestV1:147] Getting by region cn-north-1
2026-03-25 14:18:33,758 INFO  [eu.fayder.restcountries.v1.rest.CountryRestV1:147] Getting by region cn-northwest-1
2026-03-25 14:18:33,772 INFO  [eu.fayder.restcountries.v1.rest.CountryRestV1:147] Getting by region us-west-2
2026-03-25 14:18:33,788 INFO  [eu.fayder.restcountries.v1.rest.CountryRestV1:147] Getting by region eu-west-1
2026-03-25 14:18:33,819 INFO  [eu.fayder.restcountries.v1.rest.CountryRestV1:147] Getting by region ap-south-1
2026-03-25 14:18:33,850 INFO  [eu.fayder.restcountries.v1.rest.CountryRestV1:147] Getting by region ap-northeast-2
2026-03-25 14:18:33,856 INFO  [eu.fayder.restcountries.v1.rest.CountryRestV1:147] Getting by region eu-west-2
2026-03-25 14:18:33,881 INFO  [eu.fayder.restcountries.v1.rest.CountryRestV1:147] Getting by region us-east-1
2026-03-25 14:18:33,896 INFO  [eu.fayder.restcountries.v1.rest.CountryRestV1:147] Getting by region ap-east-1
2026-03-25 14:18:33,912 INFO  [eu.fayder.restcountries.v1.rest.CountryRestV1:147] Getting by region eu-south-1
2026-03-25 14:18:33,942 INFO  [eu.fayder.restcountries.v1.rest.CountryRestV1:147] Getting by region me-central-1
2026-03-25 14:18:33,958 INFO  [eu.fayder.restcountries.v1.rest.CountryRestV1:147] Getting by region us-gov-east-1
2026-03-25 14:18:33,990 INFO  [eu.fayder.restcountries.v1.rest.CountryRestV1:147] Getting by region eu-central-2
2026-03-25 14:18:34,021 INFO  [eu.fayder.restcountries.v1.rest.CountryRestV1:147] Getting by region ap-southeast-1
2026-03-25 14:18:34,052 INFO  [eu.fayder.restcountries.v1.rest.CountryRestV1:147] Getting by region us-west-1
2026-03-25 14:18:34,082 INFO  [eu.fayder.restcountries.v1.rest.CountryRestV1:147] Getting by region eu-north-2
2026-03-25 14:18:34,113 INFO  [eu.fayder.restcountries.v1.rest.CountryRestV1:147] Getting by region ap-northeast-3
2026-03-25 14:18:34,145 INFO  [eu.fayder.restcountries.v1.rest.CountryRestV1:147] Getting by region sa-east-2
2026-03-25 14:18:34,176 INFO  [eu.fayder.restcountries.v1.rest.CountryRestV1:147] Getting by region ca-west-1
2026-03-25 14:18:34,207 INFO  [eu.fayder.restcountries.v1.rest.CountryRestV1:147] Getting by region af-north-1
2026-03-25 14:18:34,239 INFO  [eu.fayder.restcountries.v1.rest.CountryRestV1:147] Getting by region me-west-1
2026-03-25 14:18:34,247 INFO  [eu.fayder.restcountries.v1.rest.CountryRestV1:147] Getting by region us-east-3
2026-03-25 14:18:34,270 INFO  [eu.fayder.restcountries.v1.rest.CountryRestV1:147] Getting by region eu-west-4
2026-03-25 14:18:34,278 INFO  [eu.fayder.restcountries.v1.rest.CountryRestV1:147] Getting by region ap-south-2
2026-03-25 14:18:34,287 INFO  [eu.fayder.restcountries.v1.rest.CountryRestV1:147] Getting by region us-gov-central-1
2026-03-25 14:18:34,294 INFO  [eu.fayder.restcountries.v1.rest.CountryRestV1:147] Getting by region cn-south-1
2026-03-25 14:18:34,315 INFO  [eu.fayder.restcountries.v1.rest.CountryRestV1:147] Getting by region cn-east-1
2026-03-25 14:18:34,347 INFO  [eu.fayder.restcountries.v1.rest.CountryRestV1:147] Getting by region us-west-3
2026-03-25 14:18:34,356 INFO  [eu.fayder.restcountries.v1.rest.CountryRestV1:147] Getting by region eu-central-3
2026-03-25 14:18:34,364 INFO  [eu.fayder.restcountries.v1.rest.CountryRestV1:147] Getting by region ap-northeast-4
2026-03-25 14:18:34,373 INFO  [eu.fayder.restcountries.v1.rest.CountryRestV1:147] Getting by region eu-west-5
2026-03-25 14:18:34,394 INFO  [eu.fayder.restcountries.v1.rest.CountryRestV1:147] Getting by region us-east-4
2026-03-25 14:18:34,403 INFO  [eu.fayder.restcountries.v1.rest.CountryRestV1:147] Getting by region ap-east-2
2026-03-25 14:18:34,426 INFO  [eu.fayder.restcountries.v1.rest.CountryRestV1:147] Getting by region eu-south-2
2026-03-25 14:18:34,457 INFO  [eu.fayder.restcountries.v1.rest.CountryRestV1:147] Getting by region me-central-2
2026-03-25 14:18:34,466 INFO  [eu.fayder.restcountries.v1.rest.CountryRestV1:147] Getting by region us-gov-east-2
2026-03-25 14:18:34,488 INFO  [eu.fayder.restcountries.v1.rest.CountryRestV1:147] Getting by region invalid-region
2026-03-25 14:18:34,497 INFO  [eu.fayder.restcountries.v1.rest.CountryRestV1:147] Getting by region us-west-1
2026-03-25 14:18:34,520 INFO  [eu.fayder.restcountries.v1.rest.CountryRestV1:147] Getting by region eu-central-1
2026-03-25 14:18:34,551 INFO  [eu.fayder.restcountries.v1.rest.CountryRestV1:147] Getting by region ap-southeast-2
2026-03-25 14:18:34,581 INFO  [eu.fayder.restcountries.v1.rest.CountryRestV1:147] Getting by region sa-east-1
2026-03-25 14:18:34,612 INFO  [eu.fayder.restcountries.v1.rest.CountryRestV1:147] Getting by region ca-central-1
2026-03-25 14:18:34,643 INFO  [eu.fayder.restcountries.v1.rest.CountryRestV1:147] Getting by region invalid-region-2
2026-03-25 14:18:34,659 INFO  [eu.fayder.restcountries.v1.rest.CountryRestV1:147] Getting by region eu-west-3
2026-03-25 14:19:01,571 INFO  [eu.fayder.restcountries.v1.rest.CountryRestV1:163] Getting by region Eastern Europe
2026-03-25 14:19:01,594 INFO  [eu.fayder.restcountries.v1.rest.CountryRestV1:163] Getting by region Southeast Asia
2026-03-25 14:19:01,625 INFO  [eu.fayder.restcountries.v1.rest.CountryRestV1:163] Getting by region Northern Africa
2026-03-25 14:19:01,632 INFO  [eu.fayder.restcountries.v1.rest.CountryRestV1:163] Getting by region Caribbean
2026-03-25 14:19:01,656 INFO  [eu.fayder.restcountries.v1.rest.CountryRestV1:163] Getting by region InvalidSubregion123
2026-03-25 14:19:01,686 INFO  [eu.fayder.restcountries.v1.rest.CountryRestV1:163] Getting by region Western Europe
2026-03-25 14:19:01,717 INFO  [eu.fayder.restcountries.v1.rest.CountryRestV1:163] Getting by region Central America
2026-03-25 14:19:01,732 INFO  [eu.fayder.restcountries.v1.rest.CountryRestV1:163] Getting by region Middle East
2026-03-25 14:19:01,748 INFO  [eu.fayder.restcountries.v1.rest.CountryRestV1:163] Getting by region South America
2026-03-25 14:19:01,779 INFO  [eu.fayder.restcountries.v1.rest.CountryRestV1:163] Getting by region Southern Africa
2026-03-25 14:19:01,810 INFO  [eu.fayder.restcountries.v1.rest.CountryRestV1:163] Getting by region Polynesia
2026-03-25 14:19:01,841 INFO  [eu.fayder.restcountries.v1.rest.CountryRestV1:163] Getting by region Baltic States
2026-03-25 14:19:01,857 INFO  [eu.fayder.restcountries.v1.rest.CountryRestV1:163] Getting by region Scandinavia
2026-03-25 14:19:01,873 INFO  [eu.fayder.restcountries.v1.rest.CountryRestV1:163] Getting by region Central Asia
2026-03-25 14:19:01,879 INFO  [eu.fayder.restcountries.v1.rest.CountryRestV1:163] Getting by region Micronesia
2026-03-25 14:19:01,904 INFO  [eu.fayder.restcountries.v1.rest.CountryRestV1:163] Getting by region Melanesia
2026-03-25 14:19:01,936 INFO  [eu.fayder.restcountries.v1.rest.CountryRestV1:163] Getting by region Eastern Africa
2026-03-25 14:19:01,967 INFO  [eu.fayder.restcountries.v1.rest.CountryRestV1:163] Getting by region Northern Europe
2026-03-25 14:19:01,998 INFO  [eu.fayder.restcountries.v1.rest.CountryRestV1:163] Getting by region Southern Europe
2026-03-25 14:19:02,029 INFO  [eu.fayder.restcountries.v1.rest.CountryRestV1:163] Getting by region Western Africa
2026-03-25 14:19:02,060 INFO  [eu.fayder.restcountries.v1.rest.CountryRestV1:163] Getting by region Eastern Asia
2026-03-25 14:19:02,092 INFO  [eu.fayder.restcountries.v1.rest.CountryRestV1:163] Getting by region Central Europe
2026-03-25 14:19:02,123 INFO  [eu.fayder.restcountries.v1.rest.CountryRestV1:163] Getting by region Antarctica
2026-03-25 14:19:02,154 INFO  [eu.fayder.restcountries.v1.rest.CountryRestV1:163] Getting by region Northern America
2026-03-25 14:19:02,185 INFO  [eu.fayder.restcountries.v1.rest.CountryRestV1:163] Getting by region South-Eastern Europe
2026-03-25 14:19:02,217 INFO  [eu.fayder.restcountries.v1.rest.CountryRestV1:163] Getting by region Invalid-Subregion!
2026-03-25 14:19:02,224 INFO  [eu.fayder.restcountries.v1.rest.CountryRestV1:163] Getting by region Caribbean Islands
2026-03-25 14:19:02,248 INFO  [eu.fayder.restcountries.v1.rest.CountryRestV1:163] Getting by region South Asia
2026-03-25 14:19:02,279 INFO  [eu.fayder.restcountries.v1.rest.CountryRestV1:163] Getting by region Northern Pacific
2026-03-25 14:19:02,288 INFO  [eu.fayder.restcountries.v1.rest.CountryRestV1:163] Getting by region Western Pacific
2026-03-25 14:19:02,296 INFO  [eu.fayder.restcountries.v1.rest.CountryRestV1:163] Getting by region Eastern Mediterranean
2026-03-25 14:19:02,326 INFO  [eu.fayder.restcountries.v1.rest.CountryRestV1:163] Getting by region Southern Pacific
2026-03-25 14:19:02,335 INFO  [eu.fayder.restcountries.v1.rest.CountryRestV1:163] Getting by region Invalid
2026-03-25 14:19:02,342 INFO  [eu.fayder.restcountries.v1.rest.CountryRestV1:163] Getting by region Northern Andes
2026-03-25 14:19:02,373 INFO  [eu.fayder.restcountries.v1.rest.CountryRestV1:163] Getting by region Southern Andes
2026-03-25 14:19:02,404 INFO  [eu.fayder.restcountries.v1.rest.CountryRestV1:163] Getting by region Eastern Caribbean
2026-03-25 14:19:02,414 INFO  [eu.fayder.restcountries.v1.rest.CountryRestV1:163] Getting by region Western Caribbean
2026-03-25 14:19:02,435 INFO  [eu.fayder.restcountries.v1.rest.CountryRestV1:163] Getting by region Invalid_Region_01
2026-03-25 14:19:02,444 INFO  [eu.fayder.restcountries.v1.rest.CountryRestV1:163] Getting by region Northern Balkans
2026-03-25 14:19:02,453 INFO  [eu.fayder.restcountries.v1.rest.CountryRestV1:163] Getting by region Southern Balkans
2026-03-25 14:19:02,481 INFO  [eu.fayder.restcountries.v1.rest.CountryRestV1:163] Getting by region Western Balkans
2026-03-25 14:19:22,168 INFO  [eu.fayder.restcountries.v1.rest.CountryRestV1:179] Getting by language ml
2026-03-25 14:19:22,183 INFO  [eu.fayder.restcountries.v1.rest.CountryRestV1:179] Getting by language cy
2026-03-25 14:19:22,198 INFO  [eu.fayder.restcountries.v1.rest.CountryRestV1:179] Getting by language bo
2026-03-25 14:19:22,214 INFO  [eu.fayder.restcountries.v1.rest.CountryRestV1:179] Getting by language es
2026-03-25 14:19:22,221 INFO  [eu.fayder.restcountries.v1.rest.CountryRestV1:179] Getting by language pt
2026-03-25 14:19:22,245 INFO  [eu.fayder.restcountries.v1.rest.CountryRestV1:179] Getting by language pap
2026-03-25 14:19:22,261 INFO  [eu.fayder.restcountries.v1.rest.CountryRestV1:179] Getting by language quz
2026-03-25 14:19:22,277 INFO  [eu.fayder.restcountries.v1.rest.CountryRestV1:179] Getting by language es
2026-03-25 14:19:22,292 INFO  [eu.fayder.restcountries.v1.rest.CountryRestV1:179] Getting by language kw
2026-03-25 14:19:22,298 INFO  [eu.fayder.restcountries.v1.rest.CountryRestV1:179] Getting by language th
2026-03-25 14:19:22,323 INFO  [eu.fayder.restcountries.v1.rest.CountryRestV1:179] Getting by language tig
2026-03-25 14:19:22,354 INFO  [eu.fayder.restcountries.v1.rest.CountryRestV1:179] Getting by language it
2026-03-25 14:19:22,369 INFO  [eu.fayder.restcountries.v1.rest.CountryRestV1:179] Getting by language ar
2026-03-25 14:19:22,400 INFO  [eu.fayder.restcountries.v1.rest.CountryRestV1:179] Getting by language ik
2026-03-25 14:19:22,431 INFO  [eu.fayder.restcountries.v1.rest.CountryRestV1:179] Getting by language fy
2026-03-25 14:19:22,446 INFO  [eu.fayder.restcountries.v1.rest.CountryRestV1:179] Getting by language pap
2026-03-25 14:19:22,463 INFO  [eu.fayder.restcountries.v1.rest.CountryRestV1:179] Getting by language tn
2026-03-25 14:19:22,493 INFO  [eu.fayder.restcountries.v1.rest.CountryRestV1:179] Getting by language nr
2026-03-25 14:19:22,509 INFO  [eu.fayder.restcountries.v1.rest.CountryRestV1:179] Getting by language gu
2026-03-25 14:19:22,517 INFO  [eu.fayder.restcountries.v1.rest.CountryRestV1:179] Getting by language doi
2026-03-25 14:19:22,540 INFO  [eu.fayder.restcountries.v1.rest.CountryRestV1:179] Getting by language nr
2026-03-25 14:19:22,572 INFO  [eu.fayder.restcountries.v1.rest.CountryRestV1:179] Getting by language bg
2026-03-25 14:19:22,603 INFO  [eu.fayder.restcountries.v1.rest.CountryRestV1:179] Getting by language ti
2026-03-25 14:19:22,634 INFO  [eu.fayder.restcountries.v1.rest.CountryRestV1:179] Getting by language ckb
2026-03-25 14:19:22,665 INFO  [eu.fayder.restcountries.v1.rest.CountryRestV1:179] Getting by language fy
2026-03-25 14:19:22,696 INFO  [eu.fayder.restcountries.v1.rest.CountryRestV1:179] Getting by language ms
2026-03-25 14:19:22,727 INFO  [eu.fayder.restcountries.v1.rest.CountryRestV1:179] Getting by language wa
2026-03-25 14:19:22,758 INFO  [eu.fayder.restcountries.v1.rest.CountryRestV1:179] Getting by language wo
2026-03-25 14:19:22,790 INFO  [eu.fayder.restcountries.v1.rest.CountryRestV1:179] Getting by language niu
2026-03-25 14:19:22,820 INFO  [eu.fayder.restcountries.v1.rest.CountryRestV1:179] Getting by language gl
2026-03-25 14:19:22,828 INFO  [eu.fayder.restcountries.v1.rest.CountryRestV1:179] Getting by language bho
2026-03-25 14:19:22,835 INFO  [eu.fayder.restcountries.v1.rest.CountryRestV1:179] Getting by language mk
2026-03-25 14:19:22,842 INFO  [eu.fayder.restcountries.v1.rest.CountryRestV1:179] Getting by language pt
2026-03-25 14:19:22,850 INFO  [eu.fayder.restcountries.v1.rest.CountryRestV1:179] Getting by language lo
2026-03-25 14:19:22,883 INFO  [eu.fayder.restcountries.v1.rest.CountryRestV1:179] Getting by language vi
2026-03-25 14:19:22,914 INFO  [eu.fayder.restcountries.v1.rest.CountryRestV1:179] Getting by language nn
2026-03-25 14:19:22,945 INFO  [eu.fayder.restcountries.v1.rest.CountryRestV1:179] Getting by language tg
2026-03-25 14:19:22,975 INFO  [eu.fayder.restcountries.v1.rest.CountryRestV1:179] Getting by language ak
2026-03-25 14:19:22,987 INFO  [eu.fayder.restcountries.v1.rest.CountryRestV1:179] Getting by language he
2026-03-25 14:19:23,007 INFO  [eu.fayder.restcountries.v1.rest.CountryRestV1:179] Getting by language mg
2026-03-25 14:19:23,038 INFO  [eu.fayder.restcountries.v1.rest.CountryRestV1:179] Getting by language fo
2026-03-25 14:19:23,068 INFO  [eu.fayder.restcountries.v1.rest.CountryRestV1:179] Getting by language tcy
2026-03-25 14:19:23,078 INFO  [eu.fayder.restcountries.v1.rest.CountryRestV1:179] Getting by language ps
2026-03-25 14:19:23,100 INFO  [eu.fayder.restcountries.v1.rest.CountryRestV1:179] Getting by language fo
2026-03-25 14:19:23,131 INFO  [eu.fayder.restcountries.v1.rest.CountryRestV1:179] Getting by language niu
2026-03-25 14:19:23,162 INFO  [eu.fayder.restcountries.v1.rest.CountryRestV1:179] Getting by language lt
2026-03-25 14:19:23,192 INFO  [eu.fayder.restcountries.v1.rest.CountryRestV1:179] Getting by language uz
2026-03-25 14:19:23,224 INFO  [eu.fayder.restcountries.v1.rest.CountryRestV1:179] Getting by language tig
2026-03-25 14:19:23,254 INFO  [eu.fayder.restcountries.v1.rest.CountryRestV1:179] Getting by language ga
2026-03-25 14:19:23,286 INFO  [eu.fayder.restcountries.v1.rest.CountryRestV1:179] Getting by language fil
2026-03-25 14:19:49,384 INFO  [eu.fayder.restcountries.v2.rest.CountryRestV2:43] Getting by alpha GB
2026-03-25 14:19:49,391 INFO  [eu.fayder.restcountries.v2.rest.CountryRestV2:43] Getting by alpha GA
2026-03-25 14:19:49,415 INFO  [eu.fayder.restcountries.v2.rest.CountryRestV2:43] Getting by alpha KH
2026-03-25 14:19:49,420 INFO  [eu.fayder.restcountries.v2.rest.CountryRestV2:43] Getting by alpha SY
2026-03-25 14:19:49,446 INFO  [eu.fayder.restcountries.v2.rest.CountryRestV2:43] Getting by alpha JO
2026-03-25 14:19:49,477 INFO  [eu.fayder.restcountries.v2.rest.CountryRestV2:43] Getting by alpha PG
2026-03-25 14:19:49,482 INFO  [eu.fayder.restcountries.v2.rest.CountryRestV2:43] Getting by alpha MG
2026-03-25 14:19:49,508 INFO  [eu.fayder.restcountries.v2.rest.CountryRestV2:43] Getting by alpha LK
2026-03-25 14:19:49,523 INFO  [eu.fayder.restcountries.v2.rest.CountryRestV2:43] Getting by alpha SA
2026-03-25 14:19:49,539 INFO  [eu.fayder.restcountries.v2.rest.CountryRestV2:43] Getting by alpha GW
2026-03-25 14:19:49,554 INFO  [eu.fayder.restcountries.v2.rest.CountryRestV2:43] Getting by alpha CL
2026-03-25 14:19:49,559 INFO  [eu.fayder.restcountries.v2.rest.CountryRestV2:43] Getting by alpha IT
2026-03-25 14:19:49,585 INFO  [eu.fayder.restcountries.v2.rest.CountryRestV2:43] Getting by alpha BD
2026-03-25 14:19:49,600 INFO  [eu.fayder.restcountries.v2.rest.CountryRestV2:43] Getting by alpha PA
2026-03-25 14:19:49,616 INFO  [eu.fayder.restcountries.v2.rest.CountryRestV2:43] Getting by alpha SC
2026-03-25 14:19:49,632 INFO  [eu.fayder.restcountries.v2.rest.CountryRestV2:43] Getting by alpha BH
2026-03-25 14:19:49,647 INFO  [eu.fayder.restcountries.v2.rest.CountryRestV2:43] Getting by alpha SN
2026-03-25 14:19:49,663 INFO  [eu.fayder.restcountries.v2.rest.CountryRestV2:43] Getting by alpha VA
2026-03-25 14:19:49,679 INFO  [eu.fayder.restcountries.v2.rest.CountryRestV2:43] Getting by alpha FJ
2026-03-25 14:19:49,710 INFO  [eu.fayder.restcountries.v2.rest.CountryRestV2:43] Getting by alpha KE
2026-03-25 14:19:49,740 INFO  [eu.fayder.restcountries.v2.rest.CountryRestV2:43] Getting by alpha KW
2026-03-25 14:19:49,756 INFO  [eu.fayder.restcountries.v2.rest.CountryRestV2:43] Getting by alpha SE
2026-03-25 14:19:49,762 INFO  [eu.fayder.restcountries.v2.rest.CountryRestV2:43] Getting by alpha GH
2026-03-25 14:19:49,787 INFO  [eu.fayder.restcountries.v2.rest.CountryRestV2:43] Getting by alpha TR
2026-03-25 14:19:49,819 INFO  [eu.fayder.restcountries.v2.rest.CountryRestV2:43] Getting by alpha MX
2026-03-25 14:19:49,850 INFO  [eu.fayder.restcountries.v2.rest.CountryRestV2:43] Getting by alpha SD
2026-03-25 14:19:49,857 INFO  [eu.fayder.restcountries.v2.rest.CountryRestV2:43] Getting by alpha TM
2026-03-25 14:19:49,864 INFO  [eu.fayder.restcountries.v2.rest.CountryRestV2:43] Getting by alpha MU
2026-03-25 14:19:49,898 INFO  [eu.fayder.restcountries.v2.rest.CountryRestV2:43] Getting by alpha GW
2026-03-25 14:19:49,929 INFO  [eu.fayder.restcountries.v2.rest.CountryRestV2:43] Getting by alpha ST
2026-03-25 14:19:49,959 INFO  [eu.fayder.restcountries.v2.rest.CountryRestV2:43] Getting by alpha FI
2026-03-25 14:19:49,967 INFO  [eu.fayder.restcountries.v2.rest.CountryRestV2:43] Getting by alpha HN
2026-03-25 14:19:49,975 INFO  [eu.fayder.restcountries.v2.rest.CountryRestV2:43] Getting by alpha KP
2026-03-25 14:19:50,006 INFO  [eu.fayder.restcountries.v2.rest.CountryRestV2:43] Getting by alpha AZ
2026-03-25 14:19:50,037 INFO  [eu.fayder.restcountries.v2.rest.CountryRestV2:43] Getting by alpha MW
2026-03-25 14:19:50,068 INFO  [eu.fayder.restcountries.v2.rest.CountryRestV2:43] Getting by alpha KW
2026-03-25 14:19:50,099 INFO  [eu.fayder.restcountries.v2.rest.CountryRestV2:43] Getting by alpha TZ
2026-03-25 14:19:50,130 INFO  [eu.fayder.restcountries.v2.rest.CountryRestV2:43] Getting by alpha AF
2026-03-25 14:19:50,163 INFO  [eu.fayder.restcountries.v2.rest.CountryRestV2:43] Getting by alpha VU
2026-03-25 14:19:50,195 INFO  [eu.fayder.restcountries.v2.rest.CountryRestV2:43] Getting by alpha PH
2026-03-25 14:19:50,225 INFO  [eu.fayder.restcountries.v2.rest.CountryRestV2:43] Getting by alpha FI
2026-03-25 14:19:50,256 INFO  [eu.fayder.restcountries.v2.rest.CountryRestV2:43] Getting by alpha ST
2026-03-25 14:19:50,287 INFO  [eu.fayder.restcountries.v2.rest.CountryRestV2:43] Getting by alpha LR
2026-03-25 14:19:50,319 INFO  [eu.fayder.restcountries.v2.rest.CountryRestV2:43] Getting by alpha MD
2026-03-25 14:19:50,328 INFO  [eu.fayder.restcountries.v2.rest.CountryRestV2:43] Getting by alpha NZ
2026-03-25 14:19:50,339 INFO  [eu.fayder.restcountries.v2.rest.CountryRestV2:43] Getting by alpha GE
2026-03-25 14:19:50,364 INFO  [eu.fayder.restcountries.v2.rest.CountryRestV2:43] Getting by alpha NP
2026-03-25 14:19:50,396 INFO  [eu.fayder.restcountries.v2.rest.CountryRestV2:43] Getting by alpha ER
2026-03-25 14:19:50,427 INFO  [eu.fayder.restcountries.v2.rest.CountryRestV2:43] Getting by alpha ML
2026-03-25 14:19:50,437 INFO  [eu.fayder.restcountries.v2.rest.CountryRestV2:43] Getting by alpha SD
2026-03-25 14:20:15,228 INFO  [eu.fayder.restcountries.v2.rest.CountryRestV2:76] Getting by currency MZN
2026-03-25 14:20:15,258 INFO  [eu.fayder.restcountries.v2.rest.CountryRestV2:76] Getting by currency OMR
2026-03-25 14:20:15,273 INFO  [eu.fayder.restcountries.v2.rest.CountryRestV2:76] Getting by currency HKD
2026-03-25 14:20:15,289 INFO  [eu.fayder.restcountries.v2.rest.CountryRestV2:76] Getting by currency XOF
2026-03-25 14:20:15,305 INFO  [eu.fayder.restcountries.v2.rest.CountryRestV2:76] Getting by currency OMR
2026-03-25 14:20:15,320 INFO  [eu.fayder.restcountries.v2.rest.CountryRestV2:76] Getting by currency BSD
2026-03-25 14:20:15,335 INFO  [eu.fayder.restcountries.v2.rest.CountryRestV2:76] Getting by currency BSD
2026-03-25 14:20:15,351 INFO  [eu.fayder.restcountries.v2.rest.CountryRestV2:76] Getting by currency COP
2026-03-25 14:20:15,367 INFO  [eu.fayder.restcountries.v2.rest.CountryRestV2:76] Getting by currency CZK
2026-03-25 14:20:15,373 INFO  [eu.fayder.restcountries.v2.rest.CountryRestV2:76] Getting by currency AED
2026-03-25 14:20:15,397 INFO  [eu.fayder.restcountries.v2.rest.CountryRestV2:76] Getting by currency SRD
2026-03-25 14:20:15,428 INFO  [eu.fayder.restcountries.v2.rest.CountryRestV2:76] Getting by currency LYD
2026-03-25 14:20:15,459 INFO  [eu.fayder.restcountries.v2.rest.CountryRestV2:76] Getting by currency BAM
2026-03-25 14:20:15,490 INFO  [eu.fayder.restcountries.v2.rest.CountryRestV2:76] Getting by currency SLL
2026-03-25 14:20:15,521 INFO  [eu.fayder.restcountries.v2.rest.CountryRestV2:76] Getting by currency MWK
2026-03-25 14:20:15,551 INFO  [eu.fayder.restcountries.v2.rest.CountryRestV2:76] Getting by currency CNY
2026-03-25 14:20:15,582 INFO  [eu.fayder.restcountries.v2.rest.CountryRestV2:76] Getting by currency PGK
2026-03-25 14:20:15,614 INFO  [eu.fayder.restcountries.v2.rest.CountryRestV2:76] Getting by currency AFN
2026-03-25 14:20:15,645 INFO  [eu.fayder.restcountries.v2.rest.CountryRestV2:76] Getting by currency BAM
2026-03-25 14:20:15,676 INFO  [eu.fayder.restcountries.v2.rest.CountryRestV2:76] Getting by currency ILS
2026-03-25 14:20:15,706 INFO  [eu.fayder.restcountries.v2.rest.CountryRestV2:76] Getting by currency ANG
2026-03-25 14:20:15,737 INFO  [eu.fayder.restcountries.v2.rest.CountryRestV2:76] Getting by currency ETB
2026-03-25 14:20:15,745 INFO  [eu.fayder.restcountries.v2.rest.CountryRestV2:76] Getting by currency VND
2026-03-25 14:20:15,752 INFO  [eu.fayder.restcountries.v2.rest.CountryRestV2:76] Getting by currency BWP
2026-03-25 14:20:15,784 INFO  [eu.fayder.restcountries.v2.rest.CountryRestV2:76] Getting by currency BAM
2026-03-25 14:20:15,815 INFO  [eu.fayder.restcountries.v2.rest.CountryRestV2:76] Getting by currency HNL
2026-03-25 14:20:15,846 INFO  [eu.fayder.restcountries.v2.rest.CountryRestV2:76] Getting by currency PGK
2026-03-25 14:20:15,877 INFO  [eu.fayder.restcountries.v2.rest.CountryRestV2:76] Getting by currency CZK
2026-03-25 14:20:15,909 INFO  [eu.fayder.restcountries.v2.rest.CountryRestV2:76] Getting by currency PEN
2026-03-25 14:20:15,940 INFO  [eu.fayder.restcountries.v2.rest.CountryRestV2:76] Getting by currency JEP
2026-03-25 14:20:15,971 INFO  [eu.fayder.restcountries.v2.rest.CountryRestV2:76] Getting by currency BIF
2026-03-25 14:20:16,002 INFO  [eu.fayder.restcountries.v2.rest.CountryRestV2:76] Getting by currency HRK
2026-03-25 14:20:16,010 INFO  [eu.fayder.restcountries.v2.rest.CountryRestV2:76] Getting by currency DJF
2026-03-25 14:20:16,019 INFO  [eu.fayder.restcountries.v2.rest.CountryRestV2:76] Getting by currency JOD
2026-03-25 14:20:16,048 INFO  [eu.fayder.restcountries.v2.rest.CountryRestV2:76] Getting by currency BAM
2026-03-25 14:20:16,079 INFO  [eu.fayder.restcountries.v2.rest.CountryRestV2:76] Getting by currency CUP
2026-03-25 14:20:16,111 INFO  [eu.fayder.restcountries.v2.rest.CountryRestV2:76] Getting by currency STD
2026-03-25 14:20:16,141 INFO  [eu.fayder.restcountries.v2.rest.CountryRestV2:76] Getting by currency GTQ
2026-03-25 14:20:16,149 INFO  [eu.fayder.restcountries.v2.rest.CountryRestV2:76] Getting by currency MNT
2026-03-25 14:20:16,173 INFO  [eu.fayder.restcountries.v2.rest.CountryRestV2:76] Getting by currency RWF
2026-03-25 14:20:16,204 INFO  [eu.fayder.restcountries.v2.rest.CountryRestV2:76] Getting by currency ALL
2026-03-25 14:20:16,236 INFO  [eu.fayder.restcountries.v2.rest.CountryRestV2:76] Getting by currency CRC
2026-03-25 14:20:16,266 INFO  [eu.fayder.restcountries.v2.rest.CountryRestV2:76] Getting by currency BBD
2026-03-25 14:20:16,297 INFO  [eu.fayder.restcountries.v2.rest.CountryRestV2:76] Getting by currency CAD
2026-03-25 14:20:16,328 INFO  [eu.fayder.restcountries.v2.rest.CountryRestV2:76] Getting by currency CAD
2026-03-25 14:20:16,359 INFO  [eu.fayder.restcountries.v2.rest.CountryRestV2:76] Getting by currency BSD
2026-03-25 14:20:16,368 INFO  [eu.fayder.restcountries.v2.rest.CountryRestV2:76] Getting by currency SDG
2026-03-25 14:20:16,390 INFO  [eu.fayder.restcountries.v2.rest.CountryRestV2:76] Getting by currency PAB
2026-03-25 14:20:16,422 INFO  [eu.fayder.restcountries.v2.rest.CountryRestV2:76] Getting by currency BBD
2026-03-25 14:20:16,453 INFO  [eu.fayder.restcountries.v2.rest.CountryRestV2:76] Getting by currency MYR
2026-03-25 14:21:08,336 INFO  [eu.fayder.restcountries.v2.rest.CountryRestV2:95] Getting by name Alice
2026-03-25 14:21:08,362 INFO  [eu.fayder.restcountries.v2.rest.CountryRestV2:95] Getting by name Bob
2026-03-25 14:21:08,378 INFO  [eu.fayder.restcountries.v2.rest.CountryRestV2:95] Getting by name Charlie
2026-03-25 14:21:08,409 INFO  [eu.fayder.restcountries.v2.rest.CountryRestV2:95] Getting by name David
2026-03-25 14:21:08,440 INFO  [eu.fayder.restcountries.v2.rest.CountryRestV2:95] Getting by name Evelyn
2026-03-25 14:21:08,447 INFO  [eu.fayder.restcountries.v2.rest.CountryRestV2:95] Getting by name Frank
2026-03-25 14:21:08,452 INFO  [eu.fayder.restcountries.v2.rest.CountryRestV2:95] Getting by name Grace
2026-03-25 14:21:08,471 INFO  [eu.fayder.restcountries.v2.rest.CountryRestV2:95] Getting by name Hannah
2026-03-25 14:21:08,477 INFO  [eu.fayder.restcountries.v2.rest.CountryRestV2:95] Getting by name Ian
2026-03-25 14:21:08,503 INFO  [eu.fayder.restcountries.v2.rest.CountryRestV2:95] Getting by name Jane
2026-03-25 14:21:08,535 INFO  [eu.fayder.restcountries.v2.rest.CountryRestV2:95] Getting by name Kevin
2026-03-25 14:21:08,542 INFO  [eu.fayder.restcountries.v2.rest.CountryRestV2:95] Getting by name Laura
2026-03-25 14:21:08,550 INFO  [eu.fayder.restcountries.v2.rest.CountryRestV2:95] Getting by name Michael
2026-03-25 14:21:08,557 INFO  [eu.fayder.restcountries.v2.rest.CountryRestV2:95] Getting by name Nina
2026-03-25 14:21:08,581 INFO  [eu.fayder.restcountries.v2.rest.CountryRestV2:95] Getting by name Oliver
2026-03-25 14:21:08,612 INFO  [eu.fayder.restcountries.v2.rest.CountryRestV2:95] Getting by name Paula
2026-03-25 14:21:08,619 INFO  [eu.fayder.restcountries.v2.rest.CountryRestV2:95] Getting by name Quentin
2026-03-25 14:21:08,642 INFO  [eu.fayder.restcountries.v2.rest.CountryRestV2:95] Getting by name Rachel
2026-03-25 14:21:08,673 INFO  [eu.fayder.restcountries.v2.rest.CountryRestV2:95] Getting by name Steve
2026-03-25 14:21:08,682 INFO  [eu.fayder.restcountries.v2.rest.CountryRestV2:95] Getting by name Tina
2026-03-25 14:21:08,704 INFO  [eu.fayder.restcountries.v2.rest.CountryRestV2:95] Getting by name Ulysses
2026-03-25 14:21:08,714 INFO  [eu.fayder.restcountries.v2.rest.CountryRestV2:95] Getting by name Victoria
2026-03-25 14:21:08,721 INFO  [eu.fayder.restcountries.v2.rest.CountryRestV2:95] Getting by name Walter
2026-03-25 14:21:08,752 INFO  [eu.fayder.restcountries.v2.rest.CountryRestV2:95] Getting by name Xena
2026-03-25 14:21:08,783 INFO  [eu.fayder.restcountries.v2.rest.CountryRestV2:95] Getting by name Yvonne
2026-03-25 14:21:08,814 INFO  [eu.fayder.restcountries.v2.rest.CountryRestV2:95] Getting by name Zachary
2026-03-25 14:21:08,845 INFO  [eu.fayder.restcountries.v2.rest.CountryRestV2:95] Getting by name Aaron
2026-03-25 14:21:08,876 INFO  [eu.fayder.restcountries.v2.rest.CountryRestV2:95] Getting by name Beth
2026-03-25 14:21:08,885 INFO  [eu.fayder.restcountries.v2.rest.CountryRestV2:95] Getting by name Carl
2026-03-25 14:21:08,907 INFO  [eu.fayder.restcountries.v2.rest.CountryRestV2:95] Getting by name Diana
2026-03-25 14:21:08,918 INFO  [eu.fayder.restcountries.v2.rest.CountryRestV2:95] Getting by name Ethan
2026-03-25 14:21:08,939 INFO  [eu.fayder.restcountries.v2.rest.CountryRestV2:95] Getting by name Fiona
2026-03-25 14:21:08,971 INFO  [eu.fayder.restcountries.v2.rest.CountryRestV2:95] Getting by name George
2026-03-25 14:21:09,003 INFO  [eu.fayder.restcountries.v2.rest.CountryRestV2:95] Getting by name Holly
2026-03-25 14:21:09,034 INFO  [eu.fayder.restcountries.v2.rest.CountryRestV2:95] Getting by name Isaac
2026-03-25 14:21:09,064 INFO  [eu.fayder.restcountries.v2.rest.CountryRestV2:95] Getting by name Jasmine
2026-03-25 14:21:09,096 INFO  [eu.fayder.restcountries.v2.rest.CountryRestV2:95] Getting by name Kyle
2026-03-25 14:21:09,126 INFO  [eu.fayder.restcountries.v2.rest.CountryRestV2:95] Getting by name Lara
2026-03-25 14:21:09,158 INFO  [eu.fayder.restcountries.v2.rest.CountryRestV2:95] Getting by name Mark
2026-03-25 14:21:09,168 INFO  [eu.fayder.restcountries.v2.rest.CountryRestV2:95] Getting by name Nora
2026-03-25 14:21:09,190 INFO  [eu.fayder.restcountries.v2.rest.CountryRestV2:95] Getting by name Oscar
2026-03-25 14:21:09,221 INFO  [eu.fayder.restcountries.v2.rest.CountryRestV2:95] Getting by name Pamela
2026-03-25 14:21:09,252 INFO  [eu.fayder.restcountries.v2.rest.CountryRestV2:95] Getting by name Quincy
2026-03-25 14:21:09,284 INFO  [eu.fayder.restcountries.v2.rest.CountryRestV2:95] Getting by name Rita
2026-03-25 14:21:09,315 INFO  [eu.fayder.restcountries.v2.rest.CountryRestV2:95] Getting by name Sam
2026-03-25 14:21:09,325 INFO  [eu.fayder.restcountries.v2.rest.CountryRestV2:95] Getting by name Tara
2026-03-25 14:21:09,346 INFO  [eu.fayder.restcountries.v2.rest.CountryRestV2:95] Getting by name Umar
2026-03-25 14:21:09,378 INFO  [eu.fayder.restcountries.v2.rest.CountryRestV2:95] Getting by name Vera
2026-03-25 14:21:09,388 INFO  [eu.fayder.restcountries.v2.rest.CountryRestV2:95] Getting by name Will
2026-03-25 14:21:09,409 INFO  [eu.fayder.restcountries.v2.rest.CountryRestV2:95] Getting by name Xavier
2026-03-25 14:21:55,023 INFO  [eu.fayder.restcountries.v2.rest.CountryRestV2:111] Getting by calling code +9
2026-03-25 14:21:55,048 INFO  [eu.fayder.restcountries.v2.rest.CountryRestV2:111] Getting by calling code +6
2026-03-25 14:21:55,064 INFO  [eu.fayder.restcountries.v2.rest.CountryRestV2:111] Getting by calling code +1040
2026-03-25 14:21:55,069 INFO  [eu.fayder.restcountries.v2.rest.CountryRestV2:111] Getting by calling code +5780
2026-03-25 14:21:55,094 INFO  [eu.fayder.restcountries.v2.rest.CountryRestV2:111] Getting by calling code +6
2026-03-25 14:21:55,110 INFO  [eu.fayder.restcountries.v2.rest.CountryRestV2:111] Getting by calling code +74
2026-03-25 14:21:55,125 INFO  [eu.fayder.restcountries.v2.rest.CountryRestV2:111] Getting by calling code +0
2026-03-25 14:21:55,141 INFO  [eu.fayder.restcountries.v2.rest.CountryRestV2:111] Getting by calling code +4
2026-03-25 14:21:55,156 INFO  [eu.fayder.restcountries.v2.rest.CountryRestV2:111] Getting by calling code +04
2026-03-25 14:21:55,172 INFO  [eu.fayder.restcountries.v2.rest.CountryRestV2:111] Getting by calling code +55
2026-03-25 14:21:55,187 INFO  [eu.fayder.restcountries.v2.rest.CountryRestV2:111] Getting by calling code +5
2026-03-25 14:21:55,202 INFO  [eu.fayder.restcountries.v2.rest.CountryRestV2:111] Getting by calling code +0
2026-03-25 14:21:55,218 INFO  [eu.fayder.restcountries.v2.rest.CountryRestV2:111] Getting by calling code +0427
2026-03-25 14:21:55,234 INFO  [eu.fayder.restcountries.v2.rest.CountryRestV2:111] Getting by calling code +2804
2026-03-25 14:21:55,250 INFO  [eu.fayder.restcountries.v2.rest.CountryRestV2:111] Getting by calling code +8
2026-03-25 14:21:55,280 INFO  [eu.fayder.restcountries.v2.rest.CountryRestV2:111] Getting by calling code +4102
2026-03-25 14:21:55,296 INFO  [eu.fayder.restcountries.v2.rest.CountryRestV2:111] Getting by calling code +574
2026-03-25 14:21:55,328 INFO  [eu.fayder.restcountries.v2.rest.CountryRestV2:111] Getting by calling code +0
2026-03-25 14:21:55,344 INFO  [eu.fayder.restcountries.v2.rest.CountryRestV2:111] Getting by calling code +9
2026-03-25 14:21:55,375 INFO  [eu.fayder.restcountries.v2.rest.CountryRestV2:111] Getting by calling code +0419
2026-03-25 14:21:55,406 INFO  [eu.fayder.restcountries.v2.rest.CountryRestV2:111] Getting by calling code +3197
2026-03-25 14:21:55,437 INFO  [eu.fayder.restcountries.v2.rest.CountryRestV2:111] Getting by calling code +4
2026-03-25 14:21:55,454 INFO  [eu.fayder.restcountries.v2.rest.CountryRestV2:111] Getting by calling code +0635
2026-03-25 14:21:55,470 INFO  [eu.fayder.restcountries.v2.rest.CountryRestV2:111] Getting by calling code +6
2026-03-25 14:21:55,501 INFO  [eu.fayder.restcountries.v2.rest.CountryRestV2:111] Getting by calling code +0225
2026-03-25 14:21:55,533 INFO  [eu.fayder.restcountries.v2.rest.CountryRestV2:111] Getting by calling code +9
2026-03-25 14:21:55,539 INFO  [eu.fayder.restcountries.v2.rest.CountryRestV2:111] Getting by calling code +3
2026-03-25 14:21:55,563 INFO  [eu.fayder.restcountries.v2.rest.CountryRestV2:111] Getting by calling code +372
2026-03-25 14:21:55,595 INFO  [eu.fayder.restcountries.v2.rest.CountryRestV2:111] Getting by calling code +9
2026-03-25 14:21:55,625 INFO  [eu.fayder.restcountries.v2.rest.CountryRestV2:111] Getting by calling code +14
2026-03-25 14:21:55,656 INFO  [eu.fayder.restcountries.v2.rest.CountryRestV2:111] Getting by calling code +4
2026-03-25 14:21:55,686 INFO  [eu.fayder.restcountries.v2.rest.CountryRestV2:111] Getting by calling code +1565
2026-03-25 14:21:55,694 INFO  [eu.fayder.restcountries.v2.rest.CountryRestV2:111] Getting by calling code +7027
2026-03-25 14:21:55,717 INFO  [eu.fayder.restcountries.v2.rest.CountryRestV2:111] Getting by calling code +3035
2026-03-25 14:21:55,750 INFO  [eu.fayder.restcountries.v2.rest.CountryRestV2:111] Getting by calling code +645
2026-03-25 14:21:55,758 INFO  [eu.fayder.restcountries.v2.rest.CountryRestV2:111] Getting by calling code +6
2026-03-25 14:21:55,766 INFO  [eu.fayder.restcountries.v2.rest.CountryRestV2:111] Getting by calling code +2
2026-03-25 14:21:55,774 INFO  [eu.fayder.restcountries.v2.rest.CountryRestV2:111] Getting by calling code +4
2026-03-25 14:21:55,782 INFO  [eu.fayder.restcountries.v2.rest.CountryRestV2:111] Getting by calling code +86
2026-03-25 14:21:55,790 INFO  [eu.fayder.restcountries.v2.rest.CountryRestV2:111] Getting by calling code +0
2026-03-25 14:21:55,812 INFO  [eu.fayder.restcountries.v2.rest.CountryRestV2:111] Getting by calling code +188
2026-03-25 14:21:55,842 INFO  [eu.fayder.restcountries.v2.rest.CountryRestV2:111] Getting by calling code +55
2026-03-25 14:21:55,852 INFO  [eu.fayder.restcountries.v2.rest.CountryRestV2:111] Getting by calling code +5
2026-03-25 14:21:55,874 INFO  [eu.fayder.restcountries.v2.rest.CountryRestV2:111] Getting by calling code +26
2026-03-25 14:21:55,905 INFO  [eu.fayder.restcountries.v2.rest.CountryRestV2:111] Getting by calling code +2902
2026-03-25 14:21:55,935 INFO  [eu.fayder.restcountries.v2.rest.CountryRestV2:111] Getting by calling code +58
2026-03-25 14:21:55,967 INFO  [eu.fayder.restcountries.v2.rest.CountryRestV2:111] Getting by calling code +0
2026-03-25 14:21:55,998 INFO  [eu.fayder.restcountries.v2.rest.CountryRestV2:111] Getting by calling code +8577
2026-03-25 14:21:56,028 INFO  [eu.fayder.restcountries.v2.rest.CountryRestV2:111] Getting by calling code +7633
2026-03-25 14:21:56,058 INFO  [eu.fayder.restcountries.v2.rest.CountryRestV2:111] Getting by calling code +1
2026-03-25 14:22:31,542 INFO  [eu.fayder.restcountries.v2.rest.CountryRestV2:127] Getting by capital Paris
2026-03-25 14:22:31,573 INFO  [eu.fayder.restcountries.v2.rest.CountryRestV2:127] Getting by capital Tokyo
2026-03-25 14:22:31,603 INFO  [eu.fayder.restcountries.v2.rest.CountryRestV2:127] Getting by capital Berlin
2026-03-25 14:22:31,609 INFO  [eu.fayder.restcountries.v2.rest.CountryRestV2:127] Getting by capital Ottawa
2026-03-25 14:22:31,613 INFO  [eu.fayder.restcountries.v2.rest.CountryRestV2:127] Getting by capital InvalidCapital123
2026-03-25 14:22:31,635 INFO  [eu.fayder.restcountries.v2.rest.CountryRestV2:127] Getting by capital Canberra
2026-03-25 14:22:31,651 INFO  [eu.fayder.restcountries.v2.rest.CountryRestV2:127] Getting by capital Madrid
2026-03-25 14:22:31,682 INFO  [eu.fayder.restcountries.v2.rest.CountryRestV2:127] Getting by capital Rome
2026-03-25 14:22:31,712 INFO  [eu.fayder.restcountries.v2.rest.CountryRestV2:127] Getting by capital Brasilia
2026-03-25 14:22:31,718 INFO  [eu.fayder.restcountries.v2.rest.CountryRestV2:127] Getting by capital Cairo
2026-03-25 14:22:31,743 INFO  [eu.fayder.restcountries.v2.rest.CountryRestV2:127] Getting by capital Bangkok
2026-03-25 14:22:31,774 INFO  [eu.fayder.restcountries.v2.rest.CountryRestV2:127] Getting by capital Helsinki
2026-03-25 14:22:31,805 INFO  [eu.fayder.restcountries.v2.rest.CountryRestV2:127] Getting by capital Lisbon
2026-03-25 14:22:31,837 INFO  [eu.fayder.restcountries.v2.rest.CountryRestV2:127] Getting by capital Vienna
2026-03-25 14:22:31,868 INFO  [eu.fayder.restcountries.v2.rest.CountryRestV2:127] Getting by capital Athens
2026-03-25 14:22:31,875 INFO  [eu.fayder.restcountries.v2.rest.CountryRestV2:127] Getting by capital Stockholm
2026-03-25 14:22:31,882 INFO  [eu.fayder.restcountries.v2.rest.CountryRestV2:127] Getting by capital Oslo
2026-03-25 14:22:31,914 INFO  [eu.fayder.restcountries.v2.rest.CountryRestV2:127] Getting by capital Seoul
2026-03-25 14:22:31,920 INFO  [eu.fayder.restcountries.v2.rest.CountryRestV2:127] Getting by capital Kuala Lumpur
2026-03-25 14:22:31,927 INFO  [eu.fayder.restcountries.v2.rest.CountryRestV2:127] Getting by capital Mexico City
2026-03-25 14:22:31,945 INFO  [eu.fayder.restcountries.v2.rest.CountryRestV2:127] Getting by capital Amsterdam
2026-03-25 14:22:31,952 INFO  [eu.fayder.restcountries.v2.rest.CountryRestV2:127] Getting by capital Brussels
2026-03-25 14:22:31,976 INFO  [eu.fayder.restcountries.v2.rest.CountryRestV2:127] Getting by capital Dublin
2026-03-25 14:22:31,983 INFO  [eu.fayder.restcountries.v2.rest.CountryRestV2:127] Getting by capital Bern
2026-03-25 14:22:32,008 INFO  [eu.fayder.restcountries.v2.rest.CountryRestV2:127] Getting by capital Lisbon
2026-03-25 14:22:32,038 INFO  [eu.fayder.restcountries.v2.rest.CountryRestV2:127] Getting by capital Havana
2026-03-25 14:22:32,046 INFO  [eu.fayder.restcountries.v2.rest.CountryRestV2:127] Getting by capital Lima
2026-03-25 14:22:32,069 INFO  [eu.fayder.restcountries.v2.rest.CountryRestV2:127] Getting by capital Riyadh
2026-03-25 14:22:32,101 INFO  [eu.fayder.restcountries.v2.rest.CountryRestV2:127] Getting by capital Jakarta
2026-03-25 14:22:32,132 INFO  [eu.fayder.restcountries.v2.rest.CountryRestV2:127] Getting by capital Nairobi
2026-03-25 14:22:32,163 INFO  [eu.fayder.restcountries.v2.rest.CountryRestV2:127] Getting by capital Tehran
2026-03-25 14:22:32,195 INFO  [eu.fayder.restcountries.v2.rest.CountryRestV2:127] Getting by capital Helsinki
2026-03-25 14:22:32,204 INFO  [eu.fayder.restcountries.v2.rest.CountryRestV2:127] Getting by capital Kigali
2026-03-25 14:22:32,226 INFO  [eu.fayder.restcountries.v2.rest.CountryRestV2:127] Getting by capital Hanoi
2026-03-25 14:22:32,233 INFO  [eu.fayder.restcountries.v2.rest.CountryRestV2:127] Getting by capital Vienna
2026-03-25 14:22:32,257 INFO  [eu.fayder.restcountries.v2.rest.CountryRestV2:127] Getting by capital InvalidCapital456
2026-03-25 14:22:32,288 INFO  [eu.fayder.restcountries.v2.rest.CountryRestV2:127] Getting by capital Helsinki
2026-03-25 14:22:32,319 INFO  [eu.fayder.restcountries.v2.rest.CountryRestV2:127] Getting by capital Oslo
2026-03-25 14:22:32,350 INFO  [eu.fayder.restcountries.v2.rest.CountryRestV2:127] Getting by capital Quito
2026-03-25 14:22:32,381 INFO  [eu.fayder.restcountries.v2.rest.CountryRestV2:127] Getting by capital Helsinki
2026-03-25 14:22:32,412 INFO  [eu.fayder.restcountries.v2.rest.CountryRestV2:127] Getting by capital Helsinki
2026-03-25 14:22:32,443 INFO  [eu.fayder.restcountries.v2.rest.CountryRestV2:127] Getting by capital Helsinki
2026-03-25 14:22:32,474 INFO  [eu.fayder.restcountries.v2.rest.CountryRestV2:127] Getting by capital Helsinki
2026-03-25 14:22:32,506 INFO  [eu.fayder.restcountries.v2.rest.CountryRestV2:127] Getting by capital Helsinki
2026-03-25 14:22:32,536 INFO  [eu.fayder.restcountries.v2.rest.CountryRestV2:127] Getting by capital InvalidCapital789
2026-03-25 14:22:32,567 INFO  [eu.fayder.restcountries.v2.rest.CountryRestV2:127] Getting by capital Helsinki
2026-03-25 14:22:32,598 INFO  [eu.fayder.restcountries.v2.rest.CountryRestV2:127] Getting by capital Helsinki
2026-03-25 14:22:32,629 INFO  [eu.fayder.restcountries.v2.rest.CountryRestV2:127] Getting by capital Helsinki
2026-03-25 14:22:32,638 INFO  [eu.fayder.restcountries.v2.rest.CountryRestV2:127] Getting by capital Helsinki
2026-03-25 14:23:03,472 INFO  [eu.fayder.restcountries.v2.rest.CountryRestV2:143] Getting by region us-west-1
2026-03-25 14:23:03,490 INFO  [eu.fayder.restcountries.v2.rest.CountryRestV2:143] Getting by region eu-central-1
2026-03-25 14:23:03,506 INFO  [eu.fayder.restcountries.v2.rest.CountryRestV2:143] Getting by region ap-southeast-2
2026-03-25 14:23:03,522 INFO  [eu.fayder.restcountries.v2.rest.CountryRestV2:143] Getting by region sa-east-1
2026-03-25 14:23:03,527 INFO  [eu.fayder.restcountries.v2.rest.CountryRestV2:143] Getting by region ca-central-1
2026-03-25 14:23:03,553 INFO  [eu.fayder.restcountries.v2.rest.CountryRestV2:143] Getting by region eu-west-3
2026-03-25 14:23:03,569 INFO  [eu.fayder.restcountries.v2.rest.CountryRestV2:143] Getting by region us-east-2
2026-03-25 14:23:03,584 INFO  [eu.fayder.restcountries.v2.rest.CountryRestV2:143] Getting by region ap-northeast-1
2026-03-25 14:23:03,599 INFO  [eu.fayder.restcountries.v2.rest.CountryRestV2:143] Getting by region eu-north-1
2026-03-25 14:23:03,615 INFO  [eu.fayder.restcountries.v2.rest.CountryRestV2:143] Getting by region me-south-1
2026-03-25 14:23:03,631 INFO  [eu.fayder.restcountries.v2.rest.CountryRestV2:143] Getting by region af-south-1
2026-03-25 14:23:03,646 INFO  [eu.fayder.restcountries.v2.rest.CountryRestV2:143] Getting by region us-gov-west-1
2026-03-25 14:23:03,661 INFO  [eu.fayder.restcountries.v2.rest.CountryRestV2:143] Getting by region ap-east-1
2026-03-25 14:23:03,677 INFO  [eu.fayder.restcountries.v2.rest.CountryRestV2:143] Getting by region eu-west-1
2026-03-25 14:23:03,682 INFO  [eu.fayder.restcountries.v2.rest.CountryRestV2:143] Getting by region us-west-2
2026-03-25 14:23:03,709 INFO  [eu.fayder.restcountries.v2.rest.CountryRestV2:143] Getting by region ap-south-1
2026-03-25 14:23:03,714 INFO  [eu.fayder.restcountries.v2.rest.CountryRestV2:143] Getting by region eu-central-2
2026-03-25 14:23:03,721 INFO  [eu.fayder.restcountries.v2.rest.CountryRestV2:143] Getting by region us-east-1
2026-03-25 14:23:03,741 INFO  [eu.fayder.restcountries.v2.rest.CountryRestV2:143] Getting by region ap-northeast-2
2026-03-25 14:23:03,756 INFO  [eu.fayder.restcountries.v2.rest.CountryRestV2:143] Getting by region eu-west-2
2026-03-25 14:23:03,787 INFO  [eu.fayder.restcountries.v2.rest.CountryRestV2:143] Getting by region sa-east-2
2026-03-25 14:23:03,818 INFO  [eu.fayder.restcountries.v2.rest.CountryRestV2:143] Getting by region ap-southeast-1
2026-03-25 14:23:03,834 INFO  [eu.fayder.restcountries.v2.rest.CountryRestV2:143] Getting by region eu-north-2
2026-03-25 14:23:03,840 INFO  [eu.fayder.restcountries.v2.rest.CountryRestV2:143] Getting by region us-west-3
2026-03-25 14:23:03,864 INFO  [eu.fayder.restcountries.v2.rest.CountryRestV2:143] Getting by region ca-east-1
2026-03-25 14:23:03,895 INFO  [eu.fayder.restcountries.v2.rest.CountryRestV2:143] Getting by region ap-southeast-3
2026-03-25 14:23:03,926 INFO  [eu.fayder.restcountries.v2.rest.CountryRestV2:143] Getting by region me-central-1
2026-03-25 14:23:03,956 INFO  [eu.fayder.restcountries.v2.rest.CountryRestV2:143] Getting by region eu-central-3
2026-03-25 14:23:03,987 INFO  [eu.fayder.restcountries.v2.rest.CountryRestV2:143] Getting by region us-east-3
2026-03-25 14:23:04,020 INFO  [eu.fayder.restcountries.v2.rest.CountryRestV2:143] Getting by region ap-northeast-3
2026-03-25 14:23:04,051 INFO  [eu.fayder.restcountries.v2.rest.CountryRestV2:143] Getting by region eu-west-4
2026-03-25 14:23:04,082 INFO  [eu.fayder.restcountries.v2.rest.CountryRestV2:143] Getting by region us-gov-east-1
2026-03-25 14:23:04,089 INFO  [eu.fayder.restcountries.v2.rest.CountryRestV2:143] Getting by region ap-east-2
2026-03-25 14:23:04,113 INFO  [eu.fayder.restcountries.v2.rest.CountryRestV2:143] Getting by region eu-north-3
2026-03-25 14:23:04,121 INFO  [eu.fayder.restcountries.v2.rest.CountryRestV2:143] Getting by region us-west-4
2026-03-25 14:23:04,146 INFO  [eu.fayder.restcountries.v2.rest.CountryRestV2:143] Getting by region ca-central-2
2026-03-25 14:23:04,153 INFO  [eu.fayder.restcountries.v2.rest.CountryRestV2:143] Getting by region ap-south-2
2026-03-25 14:23:04,161 INFO  [eu.fayder.restcountries.v2.rest.CountryRestV2:143] Getting by region eu-central-4
2026-03-25 14:23:04,191 INFO  [eu.fayder.restcountries.v2.rest.CountryRestV2:143] Getting by region us-east-4
2026-03-25 14:23:04,223 INFO  [eu.fayder.restcountries.v2.rest.CountryRestV2:143] Getting by region ap-northeast-4
2026-03-25 14:23:04,254 INFO  [eu.fayder.restcountries.v2.rest.CountryRestV2:143] Getting by region eu-west-5
2026-03-25 14:23:04,285 INFO  [eu.fayder.restcountries.v2.rest.CountryRestV2:143] Getting by region me-south-2
2026-03-25 14:23:04,316 INFO  [eu.fayder.restcountries.v2.rest.CountryRestV2:143] Getting by region sa-east-3
2026-03-25 14:23:04,348 INFO  [eu.fayder.restcountries.v2.rest.CountryRestV2:143] Getting by region ap-southeast-4
2026-03-25 14:23:04,357 INFO  [eu.fayder.restcountries.v2.rest.CountryRestV2:143] Getting by region eu-north-4
2026-03-25 14:23:04,365 INFO  [eu.fayder.restcountries.v2.rest.CountryRestV2:143] Getting by region us-west-5
2026-03-25 14:23:04,373 INFO  [eu.fayder.restcountries.v2.rest.CountryRestV2:143] Getting by region ap-east-3
2026-03-25 14:23:04,384 INFO  [eu.fayder.restcountries.v2.rest.CountryRestV2:143] Getting by region ca-east-2
2026-03-25 14:23:04,397 INFO  [eu.fayder.restcountries.v2.rest.CountryRestV2:143] Getting by region eu-west-6
2026-03-25 14:23:04,407 INFO  [eu.fayder.restcountries.v2.rest.CountryRestV2:143] Getting by region us-east-5
2026-03-25 14:23:36,470 INFO  [eu.fayder.restcountries.v2.rest.CountryRestV2:159] Getting by sub region europe-west1
2026-03-25 14:23:36,487 INFO  [eu.fayder.restcountries.v2.rest.CountryRestV2:159] Getting by sub region asia-east2
2026-03-25 14:23:36,491 INFO  [eu.fayder.restcountries.v2.rest.CountryRestV2:159] Getting by sub region northamerica-northeast1
2026-03-25 14:23:36,519 INFO  [eu.fayder.restcountries.v2.rest.CountryRestV2:159] Getting by sub region southamerica-east1
2026-03-25 14:23:36,535 INFO  [eu.fayder.restcountries.v2.rest.CountryRestV2:159] Getting by sub region australia-southeast1
2026-03-25 14:23:36,550 INFO  [eu.fayder.restcountries.v2.rest.CountryRestV2:159] Getting by sub region europe-north1
2026-03-25 14:23:36,565 INFO  [eu.fayder.restcountries.v2.rest.CountryRestV2:159] Getting by sub region asia-south1
2026-03-25 14:23:36,580 INFO  [eu.fayder.restcountries.v2.rest.CountryRestV2:159] Getting by sub region europe-west3
2026-03-25 14:23:36,612 INFO  [eu.fayder.restcountries.v2.rest.CountryRestV2:159] Getting by sub region northamerica-west1
2026-03-25 14:23:36,619 INFO  [eu.fayder.restcountries.v2.rest.CountryRestV2:159] Getting by sub region asia-northeast1
2026-03-25 14:23:36,643 INFO  [eu.fayder.restcountries.v2.rest.CountryRestV2:159] Getting by sub region europe-central2
2026-03-25 14:23:36,675 INFO  [eu.fayder.restcountries.v2.rest.CountryRestV2:159] Getting by sub region southamerica-west1
2026-03-25 14:23:36,691 INFO  [eu.fayder.restcountries.v2.rest.CountryRestV2:159] Getting by sub region asia-southeast2
2026-03-25 14:23:36,722 INFO  [eu.fayder.restcountries.v2.rest.CountryRestV2:159] Getting by sub region australia-east1
2026-03-25 14:23:36,752 INFO  [eu.fayder.restcountries.v2.rest.CountryRestV2:159] Getting by sub region europe-west2
2026-03-25 14:23:36,783 INFO  [eu.fayder.restcountries.v2.rest.CountryRestV2:159] Getting by sub region northamerica-east1
2026-03-25 14:23:36,815 INFO  [eu.fayder.restcountries.v2.rest.CountryRestV2:159] Getting by sub region asia-northeast2
2026-03-25 14:23:36,846 INFO  [eu.fayder.restcountries.v2.rest.CountryRestV2:159] Getting by sub region europe-southwest1
2026-03-25 14:23:36,877 INFO  [eu.fayder.restcountries.v2.rest.CountryRestV2:159] Getting by sub region southamerica-north1
2026-03-25 14:23:36,883 INFO  [eu.fayder.restcountries.v2.rest.CountryRestV2:159] Getting by sub region asia-east1
2026-03-25 14:23:36,908 INFO  [eu.fayder.restcountries.v2.rest.CountryRestV2:159] Getting by sub region europe-north2
2026-03-25 14:23:36,938 INFO  [eu.fayder.restcountries.v2.rest.CountryRestV2:159] Getting by sub region northamerica-central1
2026-03-25 14:23:36,969 INFO  [eu.fayder.restcountries.v2.rest.CountryRestV2:159] Getting by sub region asia-south2
2026-03-25 14:23:37,000 INFO  [eu.fayder.restcountries.v2.rest.CountryRestV2:159] Getting by sub region europe-west4
2026-03-25 14:23:37,030 INFO  [eu.fayder.restcountries.v2.rest.CountryRestV2:159] Getting by sub region southamerica-east2
2026-03-25 14:23:37,062 INFO  [eu.fayder.restcountries.v2.rest.CountryRestV2:159] Getting by sub region asia-northeast3
2026-03-25 14:23:37,092 INFO  [eu.fayder.restcountries.v2.rest.CountryRestV2:159] Getting by sub region europe-central1
2026-03-25 14:23:37,123 INFO  [eu.fayder.restcountries.v2.rest.CountryRestV2:159] Getting by sub region northamerica-northeast2
2026-03-25 14:23:37,154 INFO  [eu.fayder.restcountries.v2.rest.CountryRestV2:159] Getting by sub region asia-east3
2026-03-25 14:23:37,162 INFO  [eu.fayder.restcountries.v2.rest.CountryRestV2:159] Getting by sub region southamerica-west2
2026-03-25 14:23:37,185 INFO  [eu.fayder.restcountries.v2.rest.CountryRestV2:159] Getting by sub region europe-west5
2026-03-25 14:23:37,216 INFO  [eu.fayder.restcountries.v2.rest.CountryRestV2:159] Getting by sub region asia-southeast3
2026-03-25 14:23:37,247 INFO  [eu.fayder.restcountries.v2.rest.CountryRestV2:159] Getting by sub region northamerica-west2
2026-03-25 14:23:37,278 INFO  [eu.fayder.restcountries.v2.rest.CountryRestV2:159] Getting by sub region europe-north3
2026-03-25 14:23:37,309 INFO  [eu.fayder.restcountries.v2.rest.CountryRestV2:159] Getting by sub region asia-east4
2026-03-25 14:23:37,340 INFO  [eu.fayder.restcountries.v2.rest.CountryRestV2:159] Getting by sub region southamerica-north2
2026-03-25 14:23:37,372 INFO  [eu.fayder.restcountries.v2.rest.CountryRestV2:159] Getting by sub region europe-west6
2026-03-25 14:23:37,402 INFO  [eu.fayder.restcountries.v2.rest.CountryRestV2:159] Getting by sub region northamerica-east2
2026-03-25 14:23:37,410 INFO  [eu.fayder.restcountries.v2.rest.CountryRestV2:159] Getting by sub region asia-south3
2026-03-25 14:23:37,418 INFO  [eu.fayder.restcountries.v2.rest.CountryRestV2:159] Getting by sub region europe-central3
2026-03-25 14:23:37,448 INFO  [eu.fayder.restcountries.v2.rest.CountryRestV2:159] Getting by sub region southamerica-east3
2026-03-25 14:23:37,479 INFO  [eu.fayder.restcountries.v2.rest.CountryRestV2:159] Getting by sub region asia-northeast4
2026-03-25 14:23:37,510 INFO  [eu.fayder.restcountries.v2.rest.CountryRestV2:159] Getting by sub region europe-west7
2026-03-25 14:23:37,542 INFO  [eu.fayder.restcountries.v2.rest.CountryRestV2:159] Getting by sub region northamerica-northeast3
2026-03-25 14:23:37,552 INFO  [eu.fayder.restcountries.v2.rest.CountryRestV2:159] Getting by sub region asia-east5
2026-03-25 14:23:37,562 INFO  [eu.fayder.restcountries.v2.rest.CountryRestV2:159] Getting by sub region europe-central4
2026-03-25 14:23:37,588 INFO  [eu.fayder.restcountries.v2.rest.CountryRestV2:159] Getting by sub region southamerica-west3
2026-03-25 14:23:37,619 INFO  [eu.fayder.restcountries.v2.rest.CountryRestV2:159] Getting by sub region asia-southeast4
2026-03-25 14:23:37,650 INFO  [eu.fayder.restcountries.v2.rest.CountryRestV2:159] Getting by sub region europe-north4
2026-03-25 14:23:37,681 INFO  [eu.fayder.restcountries.v2.rest.CountryRestV2:159] Getting by sub region northamerica-west3
2026-03-25 14:23:37,713 INFO  [eu.fayder.restcountries.v2.rest.CountryRestV2:159] Getting by sub region asia-northeast5
2026-03-25 14:24:37,825 INFO  [eu.fayder.restcountries.v2.rest.CountryRestV2:175] Getting by language mi
2026-03-25 14:24:37,841 INFO  [eu.fayder.restcountries.v2.rest.CountryRestV2:175] Getting by language cs
2026-03-25 14:24:37,856 INFO  [eu.fayder.restcountries.v2.rest.CountryRestV2:175] Getting by language dv
2026-03-25 14:24:37,863 INFO  [eu.fayder.restcountries.v2.rest.CountryRestV2:175] Getting by language cs
2026-03-25 14:24:37,869 INFO  [eu.fayder.restcountries.v2.rest.CountryRestV2:175] Getting by language id
2026-03-25 14:24:37,874 INFO  [eu.fayder.restcountries.v2.rest.CountryRestV2:175] Getting by language be
2026-03-25 14:24:37,903 INFO  [eu.fayder.restcountries.v2.rest.CountryRestV2:175] Getting by language mai
2026-03-25 14:24:37,934 INFO  [eu.fayder.restcountries.v2.rest.CountryRestV2:175] Getting by language hr
2026-03-25 14:24:37,965 INFO  [eu.fayder.restcountries.v2.rest.CountryRestV2:175] Getting by language ur
2026-03-25 14:24:37,972 INFO  [eu.fayder.restcountries.v2.rest.CountryRestV2:175] Getting by language nds
2026-03-25 14:24:37,979 INFO  [eu.fayder.restcountries.v2.rest.CountryRestV2:175] Getting by language quz
2026-03-25 14:24:37,985 INFO  [eu.fayder.restcountries.v2.rest.CountryRestV2:175] Getting by language ia
2026-03-25 14:24:38,011 INFO  [eu.fayder.restcountries.v2.rest.CountryRestV2:175] Getting by language ky
2026-03-25 14:24:38,042 INFO  [eu.fayder.restcountries.v2.rest.CountryRestV2:175] Getting by language tl
2026-03-25 14:24:38,057 INFO  [eu.fayder.restcountries.v2.rest.CountryRestV2:175] Getting by language az
2026-03-25 14:24:38,073 INFO  [eu.fayder.restcountries.v2.rest.CountryRestV2:175] Getting by language kok
2026-03-25 14:24:38,078 INFO  [eu.fayder.restcountries.v2.rest.CountryRestV2:175] Getting by language st
2026-03-25 14:24:38,103 INFO  [eu.fayder.restcountries.v2.rest.CountryRestV2:175] Getting by language nb
2026-03-25 14:24:38,134 INFO  [eu.fayder.restcountries.v2.rest.CountryRestV2:175] Getting by language lt
2026-03-25 14:24:38,149 INFO  [eu.fayder.restcountries.v2.rest.CountryRestV2:175] Getting by language fo
2026-03-25 14:24:38,180 INFO  [eu.fayder.restcountries.v2.rest.CountryRestV2:175] Getting by language mg
2026-03-25 14:24:38,211 INFO  [eu.fayder.restcountries.v2.rest.CountryRestV2:175] Getting by language am
2026-03-25 14:24:38,241 INFO  [eu.fayder.restcountries.v2.rest.CountryRestV2:175] Getting by language ka
2026-03-25 14:24:38,273 INFO  [eu.fayder.restcountries.v2.rest.CountryRestV2:175] Getting by language lb
2026-03-25 14:24:38,304 INFO  [eu.fayder.restcountries.v2.rest.CountryRestV2:175] Getting by language gd
2026-03-25 14:24:38,335 INFO  [eu.fayder.restcountries.v2.rest.CountryRestV2:175] Getting by language mn
2026-03-25 14:24:38,366 INFO  [eu.fayder.restcountries.v2.rest.CountryRestV2:175] Getting by language be
2026-03-25 14:24:38,372 INFO  [eu.fayder.restcountries.v2.rest.CountryRestV2:175] Getting by language bem
2026-03-25 14:24:38,380 INFO  [eu.fayder.restcountries.v2.rest.CountryRestV2:175] Getting by language iu
2026-03-25 14:24:38,412 INFO  [eu.fayder.restcountries.v2.rest.CountryRestV2:175] Getting by language so
2026-03-25 14:24:38,419 INFO  [eu.fayder.restcountries.v2.rest.CountryRestV2:175] Getting by language mni
2026-03-25 14:24:38,443 INFO  [eu.fayder.restcountries.v2.rest.CountryRestV2:175] Getting by language it
2026-03-25 14:24:38,474 INFO  [eu.fayder.restcountries.v2.rest.CountryRestV2:175] Getting by language lt
2026-03-25 14:24:38,482 INFO  [eu.fayder.restcountries.v2.rest.CountryRestV2:175] Getting by language ar
2026-03-25 14:24:38,490 INFO  [eu.fayder.restcountries.v2.rest.CountryRestV2:175] Getting by language be
2026-03-25 14:24:38,499 INFO  [eu.fayder.restcountries.v2.rest.CountryRestV2:175] Getting by language ka
2026-03-25 14:24:38,522 INFO  [eu.fayder.restcountries.v2.rest.CountryRestV2:175] Getting by language ckb
2026-03-25 14:24:38,530 INFO  [eu.fayder.restcountries.v2.rest.CountryRestV2:175] Getting by language ur
2026-03-25 14:24:38,552 INFO  [eu.fayder.restcountries.v2.rest.CountryRestV2:175] Getting by language ha
2026-03-25 14:24:38,584 INFO  [eu.fayder.restcountries.v2.rest.CountryRestV2:175] Getting by language wo
2026-03-25 14:24:38,615 INFO  [eu.fayder.restcountries.v2.rest.CountryRestV2:175] Getting by language th
2026-03-25 14:24:38,646 INFO  [eu.fayder.restcountries.v2.rest.CountryRestV2:175] Getting by language aa
2026-03-25 14:24:38,677 INFO  [eu.fayder.restcountries.v2.rest.CountryRestV2:175] Getting by language nl
2026-03-25 14:24:38,708 INFO  [eu.fayder.restcountries.v2.rest.CountryRestV2:175] Getting by language ku
2026-03-25 14:24:38,739 INFO  [eu.fayder.restcountries.v2.rest.CountryRestV2:175] Getting by language ayc
2026-03-25 14:24:38,770 INFO  [eu.fayder.restcountries.v2.rest.CountryRestV2:175] Getting by language fo
2026-03-25 14:24:38,801 INFO  [eu.fayder.restcountries.v2.rest.CountryRestV2:175] Getting by language doi
2026-03-25 14:24:38,811 INFO  [eu.fayder.restcountries.v2.rest.CountryRestV2:175] Getting by language sk
2026-03-25 14:24:38,831 INFO  [eu.fayder.restcountries.v2.rest.CountryRestV2:175] Getting by language gv
2026-03-25 14:24:38,862 INFO  [eu.fayder.restcountries.v2.rest.CountryRestV2:175] Getting by language tig
2026-03-25 14:25:08,171 INFO  [eu.fayder.restcountries.v2.rest.CountryRestV2:191] Getting by demonym Canadian
2026-03-25 14:25:08,195 INFO  [eu.fayder.restcountries.v2.rest.CountryRestV2:191] Getting by demonym Brazilian
2026-03-25 14:25:08,226 INFO  [eu.fayder.restcountries.v2.rest.CountryRestV2:191] Getting by demonym Japanese
2026-03-25 14:25:08,256 INFO  [eu.fayder.restcountries.v2.rest.CountryRestV2:191] Getting by demonym French
2026-03-25 14:25:08,287 INFO  [eu.fayder.restcountries.v2.rest.CountryRestV2:191] Getting by demonym Mexican
2026-03-25 14:25:08,293 INFO  [eu.fayder.restcountries.v2.rest.CountryRestV2:191] Getting by demonym Italian
2026-03-25 14:25:08,318 INFO  [eu.fayder.restcountries.v2.rest.CountryRestV2:191] Getting by demonym Unknown
2026-03-25 14:25:08,322 INFO  [eu.fayder.restcountries.v2.rest.CountryRestV2:191] Getting by demonym German
2026-03-25 14:25:08,348 INFO  [eu.fayder.restcountries.v2.rest.CountryRestV2:191] Getting by demonym Indian
2026-03-25 14:25:08,364 INFO  [eu.fayder.restcountries.v2.rest.CountryRestV2:191] Getting by demonym Australian
2026-03-25 14:25:08,395 INFO  [eu.fayder.restcountries.v2.rest.CountryRestV2:191] Getting by demonym Russian
2026-03-25 14:25:08,401 INFO  [eu.fayder.restcountries.v2.rest.CountryRestV2:191] Getting by demonym Egyptian
2026-03-25 14:25:08,406 INFO  [eu.fayder.restcountries.v2.rest.CountryRestV2:191] Getting by demonym Spanish
2026-03-25 14:25:08,426 INFO  [eu.fayder.restcountries.v2.rest.CountryRestV2:191] Getting by demonym Norwegian
2026-03-25 14:25:08,458 INFO  [eu.fayder.restcountries.v2.rest.CountryRestV2:191] Getting by demonym Swedish
2026-03-25 14:25:08,474 INFO  [eu.fayder.restcountries.v2.rest.CountryRestV2:191] Getting by demonym Dutch
2026-03-25 14:25:08,505 INFO  [eu.fayder.restcountries.v2.rest.CountryRestV2:191] Getting by demonym Greek
2026-03-25 14:25:08,535 INFO  [eu.fayder.restcountries.v2.rest.CountryRestV2:191] Getting by demonym Portuguese
2026-03-25 14:25:08,567 INFO  [eu.fayder.restcountries.v2.rest.CountryRestV2:191] Getting by demonym Irish
2026-03-25 14:25:08,598 INFO  [eu.fayder.restcountries.v2.rest.CountryRestV2:191] Getting by demonym Polish
2026-03-25 14:25:08,630 INFO  [eu.fayder.restcountries.v2.rest.CountryRestV2:191] Getting by demonym Turkish
2026-03-25 14:25:08,661 INFO  [eu.fayder.restcountries.v2.rest.CountryRestV2:191] Getting by demonym Argentinian
2026-03-25 14:25:08,691 INFO  [eu.fayder.restcountries.v2.rest.CountryRestV2:191] Getting by demonym Chilean
2026-03-25 14:25:08,722 INFO  [eu.fayder.restcountries.v2.rest.CountryRestV2:191] Getting by demonym Colombian
2026-03-25 14:25:08,731 INFO  [eu.fayder.restcountries.v2.rest.CountryRestV2:191] Getting by demonym Venezuelan
2026-03-25 14:25:08,767 INFO  [eu.fayder.restcountries.v2.rest.CountryRestV2:191] Getting by demonym Peruvian
2026-03-25 14:25:08,798 INFO  [eu.fayder.restcountries.v2.rest.CountryRestV2:191] Getting by demonym South African
2026-03-25 14:25:08,829 INFO  [eu.fayder.restcountries.v2.rest.CountryRestV2:191] Getting by demonym New Zealander
2026-03-25 14:25:08,860 INFO  [eu.fayder.restcountries.v2.rest.CountryRestV2:191] Getting by demonym Finnish
2026-03-25 14:25:08,892 INFO  [eu.fayder.restcountries.v2.rest.CountryRestV2:191] Getting by demonym Hungarian
2026-03-25 14:25:08,923 INFO  [eu.fayder.restcountries.v2.rest.CountryRestV2:191] Getting by demonym Czech
2026-03-25 14:25:08,953 INFO  [eu.fayder.restcountries.v2.rest.CountryRestV2:191] Getting by demonym Slovak
2026-03-25 14:25:08,964 INFO  [eu.fayder.restcountries.v2.rest.CountryRestV2:191] Getting by demonym Bulgarian
2026-03-25 14:25:09,000 INFO  [eu.fayder.restcountries.v2.rest.CountryRestV2:191] Getting by demonym Romanian
2026-03-25 14:25:09,030 INFO  [eu.fayder.restcountries.v2.rest.CountryRestV2:191] Getting by demonym Croatian
2026-03-25 14:25:09,039 INFO  [eu.fayder.restcountries.v2.rest.CountryRestV2:191] Getting by demonym Serbian
2026-03-25 14:25:09,049 INFO  [eu.fayder.restcountries.v2.rest.CountryRestV2:191] Getting by demonym Slovenian
2026-03-25 14:25:09,057 INFO  [eu.fayder.restcountries.v2.rest.CountryRestV2:191] Getting by demonym Lithuanian
2026-03-25 14:25:09,067 INFO  [eu.fayder.restcountries.v2.rest.CountryRestV2:191] Getting by demonym Latvian
2026-03-25 14:25:09,074 INFO  [eu.fayder.restcountries.v2.rest.CountryRestV2:191] Getting by demonym Estonian
2026-03-25 14:25:09,084 INFO  [eu.fayder.restcountries.v2.rest.CountryRestV2:191] Getting by demonym Icelandic
2026-03-25 14:25:09,108 INFO  [eu.fayder.restcountries.v2.rest.CountryRestV2:191] Getting by demonym Maltese
2026-03-25 14:25:09,117 INFO  [eu.fayder.restcountries.v2.rest.CountryRestV2:191] Getting by demonym Cypriot
2026-03-25 14:25:09,139 INFO  [eu.fayder.restcountries.v2.rest.CountryRestV2:191] Getting by demonym Luxembourgish
2026-03-25 14:25:09,170 INFO  [eu.fayder.restcountries.v2.rest.CountryRestV2:191] Getting by demonym Monacan
2026-03-25 14:25:09,181 INFO  [eu.fayder.restcountries.v2.rest.CountryRestV2:191] Getting by demonym Andorran
2026-03-25 14:25:09,196 INFO  [eu.fayder.restcountries.v2.rest.CountryRestV2:191] Getting by demonym San Marinese
2026-03-25 14:25:09,217 INFO  [eu.fayder.restcountries.v2.rest.CountryRestV2:191] Getting by demonym Liechtensteiner
2026-03-25 14:25:09,248 INFO  [eu.fayder.restcountries.v2.rest.CountryRestV2:191] Getting by demonym Maldivian
2026-03-25 14:25:09,278 INFO  [eu.fayder.restcountries.v2.rest.CountryRestV2:191] Getting by demonym Bhutanese
2026-03-25 14:25:47,847 INFO  [eu.fayder.restcountries.v2.rest.CountryRestV2:207] Getting by regional bloc EU
2026-03-25 14:25:47,871 INFO  [eu.fayder.restcountries.v2.rest.CountryRestV2:207] Getting by regional bloc NAFTA
2026-03-25 14:25:47,876 INFO  [eu.fayder.restcountries.v2.rest.CountryRestV2:207] Getting by regional bloc AU
2026-03-25 14:25:47,883 INFO  [eu.fayder.restcountries.v2.rest.CountryRestV2:207] Getting by regional bloc ASEAN
2026-03-25 14:25:47,888 INFO  [eu.fayder.restcountries.v2.rest.CountryRestV2:207] Getting by regional bloc CARICOM
2026-03-25 14:25:47,918 INFO  [eu.fayder.restcountries.v2.rest.CountryRestV2:207] Getting by regional bloc PA
2026-03-25 14:25:47,924 INFO  [eu.fayder.restcountries.v2.rest.CountryRestV2:207] Getting by regional bloc SAARC
2026-03-25 14:25:47,930 INFO  [eu.fayder.restcountries.v2.rest.CountryRestV2:207] Getting by regional bloc AL
2026-03-25 14:25:47,950 INFO  [eu.fayder.restcountries.v2.rest.CountryRestV2:207] Getting by regional bloc CEFTA
2026-03-25 14:25:47,980 INFO  [eu.fayder.restcountries.v2.rest.CountryRestV2:207] Getting by regional bloc EFTA
2026-03-25 14:25:47,996 INFO  [eu.fayder.restcountries.v2.rest.CountryRestV2:207] Getting by regional bloc NAFTA
2026-03-25 14:25:48,012 INFO  [eu.fayder.restcountries.v2.rest.CountryRestV2:207] Getting by regional bloc EU
2026-03-25 14:25:48,042 INFO  [eu.fayder.restcountries.v2.rest.CountryRestV2:207] Getting by regional bloc AU
2026-03-25 14:25:48,072 INFO  [eu.fayder.restcountries.v2.rest.CountryRestV2:207] Getting by regional bloc ASEAN
2026-03-25 14:25:48,104 INFO  [eu.fayder.restcountries.v2.rest.CountryRestV2:207] Getting by regional bloc CARICOM
2026-03-25 14:25:48,135 INFO  [eu.fayder.restcountries.v2.rest.CountryRestV2:207] Getting by regional bloc PA
2026-03-25 14:25:48,166 INFO  [eu.fayder.restcountries.v2.rest.CountryRestV2:207] Getting by regional bloc SAARC
2026-03-25 14:25:48,196 INFO  [eu.fayder.restcountries.v2.rest.CountryRestV2:207] Getting by regional bloc AL
2026-03-25 14:25:48,227 INFO  [eu.fayder.restcountries.v2.rest.CountryRestV2:207] Getting by regional bloc CEFTA
2026-03-25 14:25:48,259 INFO  [eu.fayder.restcountries.v2.rest.CountryRestV2:207] Getting by regional bloc EFTA
2026-03-25 14:25:48,290 INFO  [eu.fayder.restcountries.v2.rest.CountryRestV2:207] Getting by regional bloc NAFTA
2026-03-25 14:25:48,322 INFO  [eu.fayder.restcountries.v2.rest.CountryRestV2:207] Getting by regional bloc EU
2026-03-25 14:25:48,353 INFO  [eu.fayder.restcountries.v2.rest.CountryRestV2:207] Getting by regional bloc AU
2026-03-25 14:25:48,384 INFO  [eu.fayder.restcountries.v2.rest.CountryRestV2:207] Getting by regional bloc ASEAN
2026-03-25 14:25:48,393 INFO  [eu.fayder.restcountries.v2.rest.CountryRestV2:207] Getting by regional bloc CARICOM
2026-03-25 14:25:48,401 INFO  [eu.fayder.restcountries.v2.rest.CountryRestV2:207] Getting by regional bloc PA
2026-03-25 14:25:48,409 INFO  [eu.fayder.restcountries.v2.rest.CountryRestV2:207] Getting by regional bloc SAARC
2026-03-25 14:25:48,431 INFO  [eu.fayder.restcountries.v2.rest.CountryRestV2:207] Getting by regional bloc AL
2026-03-25 14:25:48,461 INFO  [eu.fayder.restcountries.v2.rest.CountryRestV2:207] Getting by regional bloc CEFTA
2026-03-25 14:25:48,492 INFO  [eu.fayder.restcountries.v2.rest.CountryRestV2:207] Getting by regional bloc EFTA
2026-03-25 14:25:48,524 INFO  [eu.fayder.restcountries.v2.rest.CountryRestV2:207] Getting by regional bloc NAFTA
2026-03-25 14:25:48,555 INFO  [eu.fayder.restcountries.v2.rest.CountryRestV2:207] Getting by regional bloc EU
2026-03-25 14:25:48,586 INFO  [eu.fayder.restcountries.v2.rest.CountryRestV2:207] Getting by regional bloc AU
2026-03-25 14:25:48,617 INFO  [eu.fayder.restcountries.v2.rest.CountryRestV2:207] Getting by regional bloc ASEAN
2026-03-25 14:25:48,649 INFO  [eu.fayder.restcountries.v2.rest.CountryRestV2:207] Getting by regional bloc CARICOM
2026-03-25 14:25:48,659 INFO  [eu.fayder.restcountries.v2.rest.CountryRestV2:207] Getting by regional bloc PA
2026-03-25 14:25:48,670 INFO  [eu.fayder.restcountries.v2.rest.CountryRestV2:207] Getting by regional bloc SAARC
2026-03-25 14:25:48,694 INFO  [eu.fayder.restcountries.v2.rest.CountryRestV2:207] Getting by regional bloc AL
2026-03-25 14:25:48,725 INFO  [eu.fayder.restcountries.v2.rest.CountryRestV2:207] Getting by regional bloc CEFTA
2026-03-25 14:25:48,756 INFO  [eu.fayder.restcountries.v2.rest.CountryRestV2:207] Getting by regional bloc EFTA
2026-03-25 14:25:48,766 INFO  [eu.fayder.restcountries.v2.rest.CountryRestV2:207] Getting by regional bloc NAFTA
2026-03-25 14:25:48,776 INFO  [eu.fayder.restcountries.v2.rest.CountryRestV2:207] Getting by regional bloc EU
2026-03-25 14:25:48,803 INFO  [eu.fayder.restcountries.v2.rest.CountryRestV2:207] Getting by regional bloc AU
2026-03-25 14:25:48,817 INFO  [eu.fayder.restcountries.v2.rest.CountryRestV2:207] Getting by regional bloc ASEAN
2026-03-25 14:25:48,850 INFO  [eu.fayder.restcountries.v2.rest.CountryRestV2:207] Getting by regional bloc CARICOM
2026-03-25 14:25:48,862 INFO  [eu.fayder.restcountries.v2.rest.CountryRestV2:207] Getting by regional bloc PA
2026-03-25 14:25:48,874 INFO  [eu.fayder.restcountries.v2.rest.CountryRestV2:207] Getting by regional bloc SAARC
2026-03-25 14:25:48,898 INFO  [eu.fayder.restcountries.v2.rest.CountryRestV2:207] Getting by regional bloc AL
2026-03-25 14:25:48,911 INFO  [eu.fayder.restcountries.v2.rest.CountryRestV2:207] Getting by regional bloc CEFTA
2026-03-25 14:25:48,925 INFO  [eu.fayder.restcountries.v2.rest.CountryRestV2:207] Getting by regional bloc EFTA
2026-03-25 14:25:49,082 INFO  [eu.fayder.restcountries.v1.rest.CountryRestV1:40] Getting all
2026-03-25 14:26:07,581 INFO  [eu.fayder.restcountries.v1.rest.CountryRestV1:61] Getting by list MG
2026-03-25 14:26:07,605 INFO  [eu.fayder.restcountries.v1.rest.CountryRestV1:61] Getting by list TW
2026-03-25 14:26:07,620 INFO  [eu.fayder.restcountries.v1.rest.CountryRestV1:61] Getting by list CN
2026-03-25 14:26:07,636 INFO  [eu.fayder.restcountries.v1.rest.CountryRestV1:61] Getting by list GR
2026-03-25 14:26:07,651 INFO  [eu.fayder.restcountries.v1.rest.CountryRestV1:61] Getting by list NI
2026-03-25 14:26:07,667 INFO  [eu.fayder.restcountries.v1.rest.CountryRestV1:61] Getting by list CN
2026-03-25 14:26:07,683 INFO  [eu.fayder.restcountries.v1.rest.CountryRestV1:61] Getting by list CV
2026-03-25 14:26:07,687 INFO  [eu.fayder.restcountries.v1.rest.CountryRestV1:61] Getting by list BE
2026-03-25 14:26:07,713 INFO  [eu.fayder.restcountries.v1.rest.CountryRestV1:61] Getting by list DM
2026-03-25 14:26:07,729 INFO  [eu.fayder.restcountries.v1.rest.CountryRestV1:61] Getting by list PL
2026-03-25 14:26:07,745 INFO  [eu.fayder.restcountries.v1.rest.CountryRestV1:61] Getting by list GQ
2026-03-25 14:26:07,761 INFO  [eu.fayder.restcountries.v1.rest.CountryRestV1:61] Getting by list TM
2026-03-25 14:26:07,775 INFO  [eu.fayder.restcountries.v1.rest.CountryRestV1:61] Getting by list BS
2026-03-25 14:26:07,806 INFO  [eu.fayder.restcountries.v1.rest.CountryRestV1:61] Getting by list BN
2026-03-25 14:26:07,822 INFO  [eu.fayder.restcountries.v1.rest.CountryRestV1:61] Getting by list MZ
2026-03-25 14:26:07,853 INFO  [eu.fayder.restcountries.v1.rest.CountryRestV1:61] Getting by list TL
2026-03-25 14:26:07,859 INFO  [eu.fayder.restcountries.v1.rest.CountryRestV1:61] Getting by list MH
2026-03-25 14:26:07,884 INFO  [eu.fayder.restcountries.v1.rest.CountryRestV1:61] Getting by list CG
2026-03-25 14:26:07,915 INFO  [eu.fayder.restcountries.v1.rest.CountryRestV1:61] Getting by list SE
2026-03-25 14:26:07,946 INFO  [eu.fayder.restcountries.v1.rest.CountryRestV1:61] Getting by list SN
2026-03-25 14:26:07,962 INFO  [eu.fayder.restcountries.v1.rest.CountryRestV1:61] Getting by list SV
2026-03-25 14:26:07,994 INFO  [eu.fayder.restcountries.v1.rest.CountryRestV1:61] Getting by list AL
2026-03-25 14:26:08,000 INFO  [eu.fayder.restcountries.v1.rest.CountryRestV1:61] Getting by list RS
2026-03-25 14:26:08,006 INFO  [eu.fayder.restcountries.v1.rest.CountryRestV1:61] Getting by list MW
2026-03-25 14:26:08,013 INFO  [eu.fayder.restcountries.v1.rest.CountryRestV1:61] Getting by list CV
2026-03-25 14:26:08,039 INFO  [eu.fayder.restcountries.v1.rest.CountryRestV1:61] Getting by list AD
2026-03-25 14:26:08,071 INFO  [eu.fayder.restcountries.v1.rest.CountryRestV1:61] Getting by list SB
2026-03-25 14:26:08,102 INFO  [eu.fayder.restcountries.v1.rest.CountryRestV1:61] Getting by list CM
2026-03-25 14:26:08,133 INFO  [eu.fayder.restcountries.v1.rest.CountryRestV1:61] Getting by list TG
2026-03-25 14:26:08,164 INFO  [eu.fayder.restcountries.v1.rest.CountryRestV1:61] Getting by list MW
2026-03-25 14:26:08,194 INFO  [eu.fayder.restcountries.v1.rest.CountryRestV1:61] Getting by list LB
2026-03-25 14:26:08,225 INFO  [eu.fayder.restcountries.v1.rest.CountryRestV1:61] Getting by list AD
2026-03-25 14:26:08,233 INFO  [eu.fayder.restcountries.v1.rest.CountryRestV1:61] Getting by list HU
2026-03-25 14:26:08,257 INFO  [eu.fayder.restcountries.v1.rest.CountryRestV1:61] Getting by list PS
2026-03-25 14:26:08,288 INFO  [eu.fayder.restcountries.v1.rest.CountryRestV1:61] Getting by list MV
2026-03-25 14:26:08,318 INFO  [eu.fayder.restcountries.v1.rest.CountryRestV1:61] Getting by list CM
2026-03-25 14:26:08,326 INFO  [eu.fayder.restcountries.v1.rest.CountryRestV1:61] Getting by list LC
2026-03-25 14:26:08,334 INFO  [eu.fayder.restcountries.v1.rest.CountryRestV1:61] Getting by list GH
2026-03-25 14:26:08,343 INFO  [eu.fayder.restcountries.v1.rest.CountryRestV1:61] Getting by list IL
2026-03-25 14:26:08,352 INFO  [eu.fayder.restcountries.v1.rest.CountryRestV1:61] Getting by list AG
2026-03-25 14:26:08,381 INFO  [eu.fayder.restcountries.v1.rest.CountryRestV1:61] Getting by list KZ
2026-03-25 14:26:08,412 INFO  [eu.fayder.restcountries.v1.rest.CountryRestV1:61] Getting by list IE
2026-03-25 14:26:08,442 INFO  [eu.fayder.restcountries.v1.rest.CountryRestV1:61] Getting by list DM
2026-03-25 14:26:08,472 INFO  [eu.fayder.restcountries.v1.rest.CountryRestV1:61] Getting by list KR
2026-03-25 14:26:08,481 INFO  [eu.fayder.restcountries.v1.rest.CountryRestV1:61] Getting by list BF
2026-03-25 14:26:08,504 INFO  [eu.fayder.restcountries.v1.rest.CountryRestV1:61] Getting by list SC
2026-03-25 14:26:08,536 INFO  [eu.fayder.restcountries.v1.rest.CountryRestV1:61] Getting by list TM
2026-03-25 14:26:08,566 INFO  [eu.fayder.restcountries.v1.rest.CountryRestV1:61] Getting by list AF
2026-03-25 14:26:08,576 INFO  [eu.fayder.restcountries.v1.rest.CountryRestV1:61] Getting by list US
2026-03-25 14:26:08,596 INFO  [eu.fayder.restcountries.v1.rest.CountryRestV1:61] Getting by list MZ
2026-03-25 14:32:40,487 INFO  [eu.fayder.restcountries.v1.rest.CountryRestV1:40] Getting all
2026-03-25 14:32:57,072 INFO  [eu.fayder.restcountries.v1.rest.CountryRestV1:61] Getting by list EC
2026-03-25 14:32:57,077 INFO  [eu.fayder.restcountries.v1.rest.CountryRestV1:61] Getting by list UY
2026-03-25 14:32:57,081 INFO  [eu.fayder.restcountries.v1.rest.CountryRestV1:61] Getting by list TUR
2026-03-25 14:32:57,085 INFO  [eu.fayder.restcountries.v1.rest.CountryRestV1:61] Getting by list FR
2026-03-25 14:32:57,090 INFO  [eu.fayder.restcountries.v1.rest.CountryRestV1:61] Getting by list MH
2026-03-25 14:32:57,094 INFO  [eu.fayder.restcountries.v1.rest.CountryRestV1:61] Getting by list KH
2026-03-25 14:32:57,114 INFO  [eu.fayder.restcountries.v1.rest.CountryRestV1:61] Getting by list CR
2026-03-25 14:32:57,145 INFO  [eu.fayder.restcountries.v1.rest.CountryRestV1:61] Getting by list NPL
2026-03-25 14:32:57,150 INFO  [eu.fayder.restcountries.v1.rest.CountryRestV1:61] Getting by list BL
2026-03-25 14:32:57,155 INFO  [eu.fayder.restcountries.v1.rest.CountryRestV1:61] Getting by list SYR
2026-03-25 14:32:57,175 INFO  [eu.fayder.restcountries.v1.rest.CountryRestV1:61] Getting by list JM
2026-03-25 14:32:57,182 INFO  [eu.fayder.restcountries.v1.rest.CountryRestV1:61] Getting by list PRK
2026-03-25 14:32:57,187 INFO  [eu.fayder.restcountries.v1.rest.CountryRestV1:61] Getting by list SLE
2026-03-25 14:32:57,208 INFO  [eu.fayder.restcountries.v1.rest.CountryRestV1:61] Getting by list CN
2026-03-25 14:32:57,215 INFO  [eu.fayder.restcountries.v1.rest.CountryRestV1:61] Getting by list TV
2026-03-25 14:32:57,220 INFO  [eu.fayder.restcountries.v1.rest.CountryRestV1:61] Getting by list FO
2026-03-25 14:32:57,226 INFO  [eu.fayder.restcountries.v1.rest.CountryRestV1:61] Getting by list NOR
2026-03-25 14:32:57,254 INFO  [eu.fayder.restcountries.v1.rest.CountryRestV1:61] Getting by list WS
2026-03-25 14:32:57,285 INFO  [eu.fayder.restcountries.v1.rest.CountryRestV1:61] Getting by list CU
2026-03-25 14:32:57,291 INFO  [eu.fayder.restcountries.v1.rest.CountryRestV1:61] Getting by list WF
2026-03-25 14:32:57,298 INFO  [eu.fayder.restcountries.v1.rest.CountryRestV1:61] Getting by list CO
2026-03-25 14:32:57,304 INFO  [eu.fayder.restcountries.v1.rest.CountryRestV1:61] Getting by list ECU
2026-03-25 14:32:57,332 INFO  [eu.fayder.restcountries.v1.rest.CountryRestV1:61] Getting by list MNP
2026-03-25 14:32:57,363 INFO  [eu.fayder.restcountries.v1.rest.CountryRestV1:61] Getting by list MW
2026-03-25 14:32:57,395 INFO  [eu.fayder.restcountries.v1.rest.CountryRestV1:61] Getting by list YE
2026-03-25 14:32:57,427 INFO  [eu.fayder.restcountries.v1.rest.CountryRestV1:61] Getting by list SX
2026-03-25 14:32:57,458 INFO  [eu.fayder.restcountries.v1.rest.CountryRestV1:61] Getting by list GIB
2026-03-25 14:32:57,466 INFO  [eu.fayder.restcountries.v1.rest.CountryRestV1:61] Getting by list TJK
2026-03-25 14:32:57,472 INFO  [eu.fayder.restcountries.v1.rest.CountryRestV1:61] Getting by list GLP
2026-03-25 14:32:57,480 INFO  [eu.fayder.restcountries.v1.rest.CountryRestV1:61] Getting by list MU
2026-03-25 14:32:57,505 INFO  [eu.fayder.restcountries.v1.rest.CountryRestV1:61] Getting by list MOZ
2026-03-25 14:32:57,536 INFO  [eu.fayder.restcountries.v1.rest.CountryRestV1:61] Getting by list NZL
2026-03-25 14:32:57,544 INFO  [eu.fayder.restcountries.v1.rest.CountryRestV1:61] Getting by list GB
2026-03-25 14:32:57,567 INFO  [eu.fayder.restcountries.v1.rest.CountryRestV1:61] Getting by list LV
2026-03-25 14:32:57,598 INFO  [eu.fayder.restcountries.v1.rest.CountryRestV1:61] Getting by list DK
2026-03-25 14:32:57,605 INFO  [eu.fayder.restcountries.v1.rest.CountryRestV1:61] Getting by list UY
2026-03-25 14:32:57,629 INFO  [eu.fayder.restcountries.v1.rest.CountryRestV1:61] Getting by list BO
2026-03-25 14:32:57,637 INFO  [eu.fayder.restcountries.v1.rest.CountryRestV1:61] Getting by list PM
2026-03-25 14:32:57,648 INFO  [eu.fayder.restcountries.v1.rest.CountryRestV1:61] Getting by list TKM
2026-03-25 14:32:57,658 INFO  [eu.fayder.restcountries.v1.rest.CountryRestV1:61] Getting by list SLB
2026-03-25 14:32:57,668 INFO  [eu.fayder.restcountries.v1.rest.CountryRestV1:61] Getting by list AE
2026-03-25 14:32:57,677 INFO  [eu.fayder.restcountries.v1.rest.CountryRestV1:61] Getting by list SRB
2026-03-25 14:32:57,688 INFO  [eu.fayder.restcountries.v1.rest.CountryRestV1:61] Getting by list GRL
2026-03-25 14:32:57,700 INFO  [eu.fayder.restcountries.v1.rest.CountryRestV1:61] Getting by list BB
2026-03-25 14:32:57,708 INFO  [eu.fayder.restcountries.v1.rest.CountryRestV1:61] Getting by list PY
2026-03-25 14:32:57,719 INFO  [eu.fayder.restcountries.v1.rest.CountryRestV1:61] Getting by list AIA
2026-03-25 14:32:57,753 INFO  [eu.fayder.restcountries.v1.rest.CountryRestV1:61] Getting by list SUR
2026-03-25 14:32:57,784 INFO  [eu.fayder.restcountries.v1.rest.CountryRestV1:61] Getting by list PE
2026-03-25 14:32:57,815 INFO  [eu.fayder.restcountries.v1.rest.CountryRestV1:61] Getting by list MY
2026-03-25 14:32:57,846 INFO  [eu.fayder.restcountries.v1.rest.CountryRestV1:61] Getting by list SO
2026-03-25 14:33:24,506 INFO  [eu.fayder.restcountries.v2.rest.CountryRestV2:35] Getting all
2026-03-25 14:33:24,519 INFO  [eu.fayder.restcountries.v2.rest.CountryRestV2:35] Getting all
2026-03-25 14:33:24,533 INFO  [eu.fayder.restcountries.v2.rest.CountryRestV2:35] Getting all
2026-03-25 14:33:24,549 INFO  [eu.fayder.restcountries.v2.rest.CountryRestV2:35] Getting all
2026-03-25 14:33:24,567 INFO  [eu.fayder.restcountries.v2.rest.CountryRestV2:35] Getting all
2026-03-25 14:33:24,584 INFO  [eu.fayder.restcountries.v2.rest.CountryRestV2:35] Getting all
2026-03-25 14:33:24,601 INFO  [eu.fayder.restcountries.v2.rest.CountryRestV2:35] Getting all
2026-03-25 14:33:24,617 INFO  [eu.fayder.restcountries.v2.rest.CountryRestV2:35] Getting all
2026-03-25 14:33:24,632 INFO  [eu.fayder.restcountries.v2.rest.CountryRestV2:35] Getting all
2026-03-25 14:33:24,651 INFO  [eu.fayder.restcountries.v2.rest.CountryRestV2:35] Getting all
2026-03-25 14:33:24,669 INFO  [eu.fayder.restcountries.v2.rest.CountryRestV2:35] Getting all
2026-03-25 14:33:24,687 INFO  [eu.fayder.restcountries.v2.rest.CountryRestV2:35] Getting all
2026-03-25 14:33:24,709 INFO  [eu.fayder.restcountries.v2.rest.CountryRestV2:35] Getting all
2026-03-25 14:33:24,754 INFO  [eu.fayder.restcountries.v2.rest.CountryRestV2:35] Getting all
2026-03-25 14:33:24,800 INFO  [eu.fayder.restcountries.v2.rest.CountryRestV2:35] Getting all
2026-03-25 14:33:24,824 INFO  [eu.fayder.restcountries.v2.rest.CountryRestV2:35] Getting all
2026-03-25 14:33:24,853 INFO  [eu.fayder.restcountries.v2.rest.CountryRestV2:35] Getting all
2026-03-25 14:33:24,880 INFO  [eu.fayder.restcountries.v2.rest.CountryRestV2:35] Getting all
2026-03-25 14:33:24,916 INFO  [eu.fayder.restcountries.v2.rest.CountryRestV2:35] Getting all
2026-03-25 14:33:24,971 INFO  [eu.fayder.restcountries.v2.rest.CountryRestV2:35] Getting all
2026-03-25 14:33:25,018 INFO  [eu.fayder.restcountries.v2.rest.CountryRestV2:35] Getting all
2026-03-25 14:33:25,079 INFO  [eu.fayder.restcountries.v2.rest.CountryRestV2:35] Getting all
2026-03-25 14:33:25,119 INFO  [eu.fayder.restcountries.v2.rest.CountryRestV2:35] Getting all
2026-03-25 14:33:25,162 INFO  [eu.fayder.restcountries.v2.rest.CountryRestV2:35] Getting all
2026-03-25 14:33:25,210 INFO  [eu.fayder.restcountries.v2.rest.CountryRestV2:35] Getting all
2026-03-25 14:33:25,267 INFO  [eu.fayder.restcountries.v2.rest.CountryRestV2:35] Getting all
2026-03-25 14:33:25,330 INFO  [eu.fayder.restcountries.v2.rest.CountryRestV2:35] Getting all
2026-03-25 14:33:25,367 INFO  [eu.fayder.restcountries.v2.rest.CountryRestV2:35] Getting all
2026-03-25 14:33:25,405 INFO  [eu.fayder.restcountries.v2.rest.CountryRestV2:35] Getting all
2026-03-25 14:33:25,452 INFO  [eu.fayder.restcountries.v2.rest.CountryRestV2:35] Getting all
2026-03-25 14:33:25,489 INFO  [eu.fayder.restcountries.v2.rest.CountryRestV2:35] Getting all
2026-03-25 14:33:25,534 INFO  [eu.fayder.restcountries.v2.rest.CountryRestV2:35] Getting all
2026-03-25 14:33:25,593 INFO  [eu.fayder.restcountries.v2.rest.CountryRestV2:35] Getting all
2026-03-25 14:33:25,641 INFO  [eu.fayder.restcountries.v2.rest.CountryRestV2:35] Getting all
2026-03-25 14:33:25,683 INFO  [eu.fayder.restcountries.v2.rest.CountryRestV2:35] Getting all
2026-03-25 14:33:25,723 INFO  [eu.fayder.restcountries.v2.rest.CountryRestV2:35] Getting all
2026-03-25 14:33:25,763 INFO  [eu.fayder.restcountries.v2.rest.CountryRestV2:35] Getting all
2026-03-25 14:33:25,827 INFO  [eu.fayder.restcountries.v2.rest.CountryRestV2:35] Getting all
2026-03-25 14:33:25,889 INFO  [eu.fayder.restcountries.v2.rest.CountryRestV2:35] Getting all
2026-03-25 14:33:25,932 INFO  [eu.fayder.restcountries.v2.rest.CountryRestV2:35] Getting all
2026-03-25 14:33:25,981 INFO  [eu.fayder.restcountries.v2.rest.CountryRestV2:35] Getting all
2026-03-25 14:33:26,045 INFO  [eu.fayder.restcountries.v2.rest.CountryRestV2:35] Getting all
2026-03-25 14:33:26,097 INFO  [eu.fayder.restcountries.v2.rest.CountryRestV2:35] Getting all
2026-03-25 14:33:26,147 INFO  [eu.fayder.restcountries.v2.rest.CountryRestV2:35] Getting all
2026-03-25 14:33:26,216 INFO  [eu.fayder.restcountries.v2.rest.CountryRestV2:35] Getting all
2026-03-25 14:33:26,265 INFO  [eu.fayder.restcountries.v2.rest.CountryRestV2:35] Getting all
2026-03-25 14:33:26,315 INFO  [eu.fayder.restcountries.v2.rest.CountryRestV2:35] Getting all
2026-03-25 14:33:26,366 INFO  [eu.fayder.restcountries.v2.rest.CountryRestV2:35] Getting all
2026-03-25 14:33:26,418 INFO  [eu.fayder.restcountries.v2.rest.CountryRestV2:35] Getting all
2026-03-25 14:33:26,473 INFO  [eu.fayder.restcountries.v2.rest.CountryRestV2:35] Getting all
2026-03-25 14:33:56,902 INFO  [eu.fayder.restcountries.v2.rest.CountryRestV2:57] Getting by list ***LLMGenerator***
2026-03-25 14:33:56,909 INFO  [eu.fayder.restcountries.v2.rest.CountryRestV2:57] Getting by list CIV
2026-03-25 14:33:56,916 INFO  [eu.fayder.restcountries.v2.rest.CountryRestV2:57] Getting by list NRU
2026-03-25 14:33:56,939 INFO  [eu.fayder.restcountries.v2.rest.CountryRestV2:57] Getting by list UZB
2026-03-25 14:33:56,946 INFO  [eu.fayder.restcountries.v2.rest.CountryRestV2:57] Getting by list LVA
2026-03-25 14:33:56,953 INFO  [eu.fayder.restcountries.v2.rest.CountryRestV2:57] Getting by list 417
2026-03-25 14:33:56,961 INFO  [eu.fayder.restcountries.v2.rest.CountryRestV2:57] Getting by list 729
2026-03-25 14:33:56,985 INFO  [eu.fayder.restcountries.v2.rest.CountryRestV2:57] Getting by list CW
2026-03-25 14:33:57,016 INFO  [eu.fayder.restcountries.v2.rest.CountryRestV2:57] Getting by list IQ
2026-03-25 14:33:57,046 INFO  [eu.fayder.restcountries.v2.rest.CountryRestV2:57] Getting by list BM
2026-03-25 14:33:57,062 INFO  [eu.fayder.restcountries.v2.rest.CountryRestV2:57] Getting by list ZA
2026-03-25 14:33:57,094 INFO  [eu.fayder.restcountries.v2.rest.CountryRestV2:57] Getting by list VI
2026-03-25 14:33:57,124 INFO  [eu.fayder.restcountries.v2.rest.CountryRestV2:57] Getting by list CM
2026-03-25 14:33:57,155 INFO  [eu.fayder.restcountries.v2.rest.CountryRestV2:57] Getting by list AU
2026-03-25 14:33:57,162 INFO  [eu.fayder.restcountries.v2.rest.CountryRestV2:57] Getting by list CHL
2026-03-25 14:33:57,168 INFO  [eu.fayder.restcountries.v2.rest.CountryRestV2:57] Getting by list 040
2026-03-25 14:33:57,173 INFO  [eu.fayder.restcountries.v2.rest.CountryRestV2:57] Getting by list 308
2026-03-25 14:33:57,175 ERROR [eu.fayder.restcountries.v2.rest.CountryRestV2:68] class com.google.gson.JsonNull cannot be cast to class com.google.gson.JsonObject (com.google.gson.JsonNull and com.google.gson.JsonObject are in unnamed module of loader org.springframework.boot.loader.LaunchedURLClassLoader @3a4afd8d)
java.lang.ClassCastException: class com.google.gson.JsonNull cannot be cast to class com.google.gson.JsonObject (com.google.gson.JsonNull and com.google.gson.JsonObject are in unnamed module of loader org.springframework.boot.loader.LaunchedURLClassLoader @3a4afd8d)
	at eu.fayder.restcountries.v2.rest.CountryRestV2.getCountriesJson(CountryRestV2.java:268)
	at eu.fayder.restcountries.v2.rest.CountryRestV2.parsedCountries(CountryRestV2.java:246)
	at eu.fayder.restcountries.v2.rest.CountryRestV2.getByAlphaList(CountryRestV2.java:64)
	at java.base/jdk.internal.reflect.DirectMethodHandleAccessor.invoke(DirectMethodHandleAccessor.java:104)
	at java.base/java.lang.reflect.Method.invoke(Method.java:565)
	at org.jboss.resteasy.core.MethodInjectorImpl.invoke(MethodInjectorImpl.java:170)
	at org.jboss.resteasy.core.MethodInjectorImpl.invoke(MethodInjectorImpl.java:130)
	at org.jboss.resteasy.core.ResourceMethodInvoker.internalInvokeOnTarget(ResourceMethodInvoker.java:643)
	at org.jboss.resteasy.core.ResourceMethodInvoker.invokeOnTargetAfterFilter(ResourceMethodInvoker.java:507)
	at org.jboss.resteasy.core.ResourceMethodInvoker.lambda$invokeOnTarget$2(ResourceMethodInvoker.java:457)
	at org.jboss.resteasy.core.interception.jaxrs.PreMatchContainerRequestContext.filter(PreMatchContainerRequestContext.java:364)
	at org.jboss.resteasy.core.ResourceMethodInvoker.invokeOnTarget(ResourceMethodInvoker.java:459)
	at org.jboss.resteasy.core.ResourceMethodInvoker.invoke(ResourceMethodInvoker.java:419)
	at org.jboss.resteasy.core.ResourceMethodInvoker.invoke(ResourceMethodInvoker.java:393)
	at org.jboss.resteasy.core.ResourceMethodInvoker.invoke(ResourceMethodInvoker.java:68)
	at org.jboss.resteasy.core.SynchronousDispatcher.invoke(SynchronousDispatcher.java:492)
	at org.jboss.resteasy.core.SynchronousDispatcher.lambda$invoke$4(SynchronousDispatcher.java:261)
	at org.jboss.resteasy.core.SynchronousDispatcher.lambda$preprocess$0(SynchronousDispatcher.java:161)
	at org.jboss.resteasy.core.interception.jaxrs.PreMatchContainerRequestContext.filter(PreMatchContainerRequestContext.java:364)
	at org.jboss.resteasy.core.SynchronousDispatcher.preprocess(SynchronousDispatcher.java:164)
	at org.jboss.resteasy.core.SynchronousDispatcher.invoke(SynchronousDispatcher.java:247)
	at org.jboss.resteasy.plugins.server.servlet.ServletContainerDispatcher.service(ServletContainerDispatcher.java:249)
	at org.jboss.resteasy.plugins.server.servlet.HttpServletDispatcher.service(HttpServletDispatcher.java:60)
	at org.jboss.resteasy.plugins.server.servlet.HttpServletDispatcher.service(HttpServletDispatcher.java:55)
	at javax.servlet.http.HttpServlet.service(HttpServlet.java:791)
	at org.apache.catalina.core.ApplicationFilterChain.internalDoFilter(ApplicationFilterChain.java:231)
	at org.apache.catalina.core.ApplicationFilterChain.doFilter(ApplicationFilterChain.java:166)
	at org.apache.tomcat.websocket.server.WsFilter.doFilter(WsFilter.java:53)
	at org.apache.catalina.core.ApplicationFilterChain.internalDoFilter(ApplicationFilterChain.java:193)
	at org.apache.catalina.core.ApplicationFilterChain.doFilter(ApplicationFilterChain.java:166)
	at org.springframework.web.filter.RequestContextFilter.doFilterInternal(RequestContextFilter.java:100)
	at org.springframework.web.filter.OncePerRequestFilter.doFilter(OncePerRequestFilter.java:119)
	at org.apache.catalina.core.ApplicationFilterChain.internalDoFilter(ApplicationFilterChain.java:193)
	at org.apache.catalina.core.ApplicationFilterChain.doFilter(ApplicationFilterChain.java:166)
	at org.springframework.web.filter.FormContentFilter.doFilterInternal(FormContentFilter.java:93)
	at org.springframework.web.filter.OncePerRequestFilter.doFilter(OncePerRequestFilter.java:119)
	at org.apache.catalina.core.ApplicationFilterChain.internalDoFilter(ApplicationFilterChain.java:193)
	at org.apache.catalina.core.ApplicationFilterChain.doFilter(ApplicationFilterChain.java:166)
	at org.springframework.web.filter.CharacterEncodingFilter.doFilterInternal(CharacterEncodingFilter.java:201)
	at org.springframework.web.filter.OncePerRequestFilter.doFilter(OncePerRequestFilter.java:119)
	at org.apache.catalina.core.ApplicationFilterChain.internalDoFilter(ApplicationFilterChain.java:193)
	at org.apache.catalina.core.ApplicationFilterChain.doFilter(ApplicationFilterChain.java:166)
	at org.apache.catalina.core.StandardWrapperValve.invoke(StandardWrapperValve.java:202)
	at org.apache.catalina.core.StandardContextValve.invoke(StandardContextValve.java:96)
	at org.apache.catalina.authenticator.AuthenticatorBase.invoke(AuthenticatorBase.java:541)
	at org.apache.catalina.core.StandardHostValve.invoke(StandardHostValve.java:139)
	at org.apache.catalina.valves.ErrorReportValve.invoke(ErrorReportValve.java:92)
	at org.apache.catalina.core.StandardEngineValve.invoke(StandardEngineValve.java:74)
	at org.apache.catalina.connector.CoyoteAdapter.service(CoyoteAdapter.java:343)
	at org.apache.coyote.http11.Http11Processor.service(Http11Processor.java:373)
	at org.apache.coyote.AbstractProcessorLight.process(AbstractProcessorLight.java:65)
	at org.apache.coyote.AbstractProtocol$ConnectionHandler.process(AbstractProtocol.java:868)
	at org.apache.tomcat.util.net.NioEndpoint$SocketProcessor.doRun(NioEndpoint.java:1589)
	at org.apache.tomcat.util.net.SocketProcessorBase.run(SocketProcessorBase.java:49)
	at java.base/java.util.concurrent.ThreadPoolExecutor.runWorker(ThreadPoolExecutor.java:1095)
	at java.base/java.util.concurrent.ThreadPoolExecutor$Worker.run(ThreadPoolExecutor.java:619)
	at org.apache.tomcat.util.threads.TaskThread$WrappingRunnable.run(TaskThread.java:61)
	at java.base/java.lang.Thread.run(Thread.java:1447)
2026-03-25 14:33:57,184 INFO  [eu.fayder.restcountries.v2.rest.CountryRestV2:57] Getting by list PL
2026-03-25 14:33:57,190 INFO  [eu.fayder.restcountries.v2.rest.CountryRestV2:57] Getting by list 533
2026-03-25 14:33:57,192 ERROR [eu.fayder.restcountries.v2.rest.CountryRestV2:68] class com.google.gson.JsonNull cannot be cast to class com.google.gson.JsonObject (com.google.gson.JsonNull and com.google.gson.JsonObject are in unnamed module of loader org.springframework.boot.loader.LaunchedURLClassLoader @3a4afd8d)
java.lang.ClassCastException: class com.google.gson.JsonNull cannot be cast to class com.google.gson.JsonObject (com.google.gson.JsonNull and com.google.gson.JsonObject are in unnamed module of loader org.springframework.boot.loader.LaunchedURLClassLoader @3a4afd8d)
	at eu.fayder.restcountries.v2.rest.CountryRestV2.getCountriesJson(CountryRestV2.java:268)
	at eu.fayder.restcountries.v2.rest.CountryRestV2.parsedCountries(CountryRestV2.java:246)
	at eu.fayder.restcountries.v2.rest.CountryRestV2.getByAlphaList(CountryRestV2.java:64)
	at java.base/jdk.internal.reflect.DirectMethodHandleAccessor.invoke(DirectMethodHandleAccessor.java:104)
	at java.base/java.lang.reflect.Method.invoke(Method.java:565)
	at org.jboss.resteasy.core.MethodInjectorImpl.invoke(MethodInjectorImpl.java:170)
	at org.jboss.resteasy.core.MethodInjectorImpl.invoke(MethodInjectorImpl.java:130)
	at org.jboss.resteasy.core.ResourceMethodInvoker.internalInvokeOnTarget(ResourceMethodInvoker.java:643)
	at org.jboss.resteasy.core.ResourceMethodInvoker.invokeOnTargetAfterFilter(ResourceMethodInvoker.java:507)
	at org.jboss.resteasy.core.ResourceMethodInvoker.lambda$invokeOnTarget$2(ResourceMethodInvoker.java:457)
	at org.jboss.resteasy.core.interception.jaxrs.PreMatchContainerRequestContext.filter(PreMatchContainerRequestContext.java:364)
	at org.jboss.resteasy.core.ResourceMethodInvoker.invokeOnTarget(ResourceMethodInvoker.java:459)
	at org.jboss.resteasy.core.ResourceMethodInvoker.invoke(ResourceMethodInvoker.java:419)
	at org.jboss.resteasy.core.ResourceMethodInvoker.invoke(ResourceMethodInvoker.java:393)
	at org.jboss.resteasy.core.ResourceMethodInvoker.invoke(ResourceMethodInvoker.java:68)
	at org.jboss.resteasy.core.SynchronousDispatcher.invoke(SynchronousDispatcher.java:492)
	at org.jboss.resteasy.core.SynchronousDispatcher.lambda$invoke$4(SynchronousDispatcher.java:261)
	at org.jboss.resteasy.core.SynchronousDispatcher.lambda$preprocess$0(SynchronousDispatcher.java:161)
	at org.jboss.resteasy.core.interception.jaxrs.PreMatchContainerRequestContext.filter(PreMatchContainerRequestContext.java:364)
	at org.jboss.resteasy.core.SynchronousDispatcher.preprocess(SynchronousDispatcher.java:164)
	at org.jboss.resteasy.core.SynchronousDispatcher.invoke(SynchronousDispatcher.java:247)
	at org.jboss.resteasy.plugins.server.servlet.ServletContainerDispatcher.service(ServletContainerDispatcher.java:249)
	at org.jboss.resteasy.plugins.server.servlet.HttpServletDispatcher.service(HttpServletDispatcher.java:60)
	at org.jboss.resteasy.plugins.server.servlet.HttpServletDispatcher.service(HttpServletDispatcher.java:55)
	at javax.servlet.http.HttpServlet.service(HttpServlet.java:791)
	at org.apache.catalina.core.ApplicationFilterChain.internalDoFilter(ApplicationFilterChain.java:231)
	at org.apache.catalina.core.ApplicationFilterChain.doFilter(ApplicationFilterChain.java:166)
	at org.apache.tomcat.websocket.server.WsFilter.doFilter(WsFilter.java:53)
	at org.apache.catalina.core.ApplicationFilterChain.internalDoFilter(ApplicationFilterChain.java:193)
	at org.apache.catalina.core.ApplicationFilterChain.doFilter(ApplicationFilterChain.java:166)
	at org.springframework.web.filter.RequestContextFilter.doFilterInternal(RequestContextFilter.java:100)
	at org.springframework.web.filter.OncePerRequestFilter.doFilter(OncePerRequestFilter.java:119)
	at org.apache.catalina.core.ApplicationFilterChain.internalDoFilter(ApplicationFilterChain.java:193)
	at org.apache.catalina.core.ApplicationFilterChain.doFilter(ApplicationFilterChain.java:166)
	at org.springframework.web.filter.FormContentFilter.doFilterInternal(FormContentFilter.java:93)
	at org.springframework.web.filter.OncePerRequestFilter.doFilter(OncePerRequestFilter.java:119)
	at org.apache.catalina.core.ApplicationFilterChain.internalDoFilter(ApplicationFilterChain.java:193)
	at org.apache.catalina.core.ApplicationFilterChain.doFilter(ApplicationFilterChain.java:166)
	at org.springframework.web.filter.CharacterEncodingFilter.doFilterInternal(CharacterEncodingFilter.java:201)
	at org.springframework.web.filter.OncePerRequestFilter.doFilter(OncePerRequestFilter.java:119)
	at org.apache.catalina.core.ApplicationFilterChain.internalDoFilter(ApplicationFilterChain.java:193)
	at org.apache.catalina.core.ApplicationFilterChain.doFilter(ApplicationFilterChain.java:166)
	at org.apache.catalina.core.StandardWrapperValve.invoke(StandardWrapperValve.java:202)
	at org.apache.catalina.core.StandardContextValve.invoke(StandardContextValve.java:96)
	at org.apache.catalina.authenticator.AuthenticatorBase.invoke(AuthenticatorBase.java:541)
	at org.apache.catalina.core.StandardHostValve.invoke(StandardHostValve.java:139)
	at org.apache.catalina.valves.ErrorReportValve.invoke(ErrorReportValve.java:92)
	at org.apache.catalina.core.StandardEngineValve.invoke(StandardEngineValve.java:74)
	at org.apache.catalina.connector.CoyoteAdapter.service(CoyoteAdapter.java:343)
	at org.apache.coyote.http11.Http11Processor.service(Http11Processor.java:373)
	at org.apache.coyote.AbstractProcessorLight.process(AbstractProcessorLight.java:65)
	at org.apache.coyote.AbstractProtocol$ConnectionHandler.process(AbstractProtocol.java:868)
	at org.apache.tomcat.util.net.NioEndpoint$SocketProcessor.doRun(NioEndpoint.java:1589)
	at org.apache.tomcat.util.net.SocketProcessorBase.run(SocketProcessorBase.java:49)
	at java.base/java.util.concurrent.ThreadPoolExecutor.runWorker(ThreadPoolExecutor.java:1095)
	at java.base/java.util.concurrent.ThreadPoolExecutor$Worker.run(ThreadPoolExecutor.java:619)
	at org.apache.tomcat.util.threads.TaskThread$WrappingRunnable.run(TaskThread.java:61)
	at java.base/java.lang.Thread.run(Thread.java:1447)
2026-03-25 14:33:57,200 INFO  [eu.fayder.restcountries.v2.rest.CountryRestV2:57] Getting by list 275
2026-03-25 14:33:57,207 INFO  [eu.fayder.restcountries.v2.rest.CountryRestV2:57] Getting by list BLM
2026-03-25 14:33:57,214 INFO  [eu.fayder.restcountries.v2.rest.CountryRestV2:57] Getting by list 276
2026-03-25 14:33:57,214 ERROR [eu.fayder.restcountries.v2.rest.CountryRestV2:68] class com.google.gson.JsonNull cannot be cast to class com.google.gson.JsonObject (com.google.gson.JsonNull and com.google.gson.JsonObject are in unnamed module of loader org.springframework.boot.loader.LaunchedURLClassLoader @3a4afd8d)
java.lang.ClassCastException: class com.google.gson.JsonNull cannot be cast to class com.google.gson.JsonObject (com.google.gson.JsonNull and com.google.gson.JsonObject are in unnamed module of loader org.springframework.boot.loader.LaunchedURLClassLoader @3a4afd8d)
	at eu.fayder.restcountries.v2.rest.CountryRestV2.getCountriesJson(CountryRestV2.java:268)
	at eu.fayder.restcountries.v2.rest.CountryRestV2.parsedCountries(CountryRestV2.java:246)
	at eu.fayder.restcountries.v2.rest.CountryRestV2.getByAlphaList(CountryRestV2.java:64)
	at java.base/jdk.internal.reflect.DirectMethodHandleAccessor.invoke(DirectMethodHandleAccessor.java:104)
	at java.base/java.lang.reflect.Method.invoke(Method.java:565)
	at org.jboss.resteasy.core.MethodInjectorImpl.invoke(MethodInjectorImpl.java:170)
	at org.jboss.resteasy.core.MethodInjectorImpl.invoke(MethodInjectorImpl.java:130)
	at org.jboss.resteasy.core.ResourceMethodInvoker.internalInvokeOnTarget(ResourceMethodInvoker.java:643)
	at org.jboss.resteasy.core.ResourceMethodInvoker.invokeOnTargetAfterFilter(ResourceMethodInvoker.java:507)
	at org.jboss.resteasy.core.ResourceMethodInvoker.lambda$invokeOnTarget$2(ResourceMethodInvoker.java:457)
	at org.jboss.resteasy.core.interception.jaxrs.PreMatchContainerRequestContext.filter(PreMatchContainerRequestContext.java:364)
	at org.jboss.resteasy.core.ResourceMethodInvoker.invokeOnTarget(ResourceMethodInvoker.java:459)
	at org.jboss.resteasy.core.ResourceMethodInvoker.invoke(ResourceMethodInvoker.java:419)
	at org.jboss.resteasy.core.ResourceMethodInvoker.invoke(ResourceMethodInvoker.java:393)
	at org.jboss.resteasy.core.ResourceMethodInvoker.invoke(ResourceMethodInvoker.java:68)
	at org.jboss.resteasy.core.SynchronousDispatcher.invoke(SynchronousDispatcher.java:492)
	at org.jboss.resteasy.core.SynchronousDispatcher.lambda$invoke$4(SynchronousDispatcher.java:261)
	at org.jboss.resteasy.core.SynchronousDispatcher.lambda$preprocess$0(SynchronousDispatcher.java:161)
	at org.jboss.resteasy.core.interception.jaxrs.PreMatchContainerRequestContext.filter(PreMatchContainerRequestContext.java:364)
	at org.jboss.resteasy.core.SynchronousDispatcher.preprocess(SynchronousDispatcher.java:164)
	at org.jboss.resteasy.core.SynchronousDispatcher.invoke(SynchronousDispatcher.java:247)
	at org.jboss.resteasy.plugins.server.servlet.ServletContainerDispatcher.service(ServletContainerDispatcher.java:249)
	at org.jboss.resteasy.plugins.server.servlet.HttpServletDispatcher.service(HttpServletDispatcher.java:60)
	at org.jboss.resteasy.plugins.server.servlet.HttpServletDispatcher.service(HttpServletDispatcher.java:55)
	at javax.servlet.http.HttpServlet.service(HttpServlet.java:791)
	at org.apache.catalina.core.ApplicationFilterChain.internalDoFilter(ApplicationFilterChain.java:231)
	at org.apache.catalina.core.ApplicationFilterChain.doFilter(ApplicationFilterChain.java:166)
	at org.apache.tomcat.websocket.server.WsFilter.doFilter(WsFilter.java:53)
	at org.apache.catalina.core.ApplicationFilterChain.internalDoFilter(ApplicationFilterChain.java:193)
	at org.apache.catalina.core.ApplicationFilterChain.doFilter(ApplicationFilterChain.java:166)
	at org.springframework.web.filter.RequestContextFilter.doFilterInternal(RequestContextFilter.java:100)
	at org.springframework.web.filter.OncePerRequestFilter.doFilter(OncePerRequestFilter.java:119)
	at org.apache.catalina.core.ApplicationFilterChain.internalDoFilter(ApplicationFilterChain.java:193)
	at org.apache.catalina.core.ApplicationFilterChain.doFilter(ApplicationFilterChain.java:166)
	at org.springframework.web.filter.FormContentFilter.doFilterInternal(FormContentFilter.java:93)
	at org.springframework.web.filter.OncePerRequestFilter.doFilter(OncePerRequestFilter.java:119)
	at org.apache.catalina.core.ApplicationFilterChain.internalDoFilter(ApplicationFilterChain.java:193)
	at org.apache.catalina.core.ApplicationFilterChain.doFilter(ApplicationFilterChain.java:166)
	at org.springframework.web.filter.CharacterEncodingFilter.doFilterInternal(CharacterEncodingFilter.java:201)
	at org.springframework.web.filter.OncePerRequestFilter.doFilter(OncePerRequestFilter.java:119)
	at org.apache.catalina.core.ApplicationFilterChain.internalDoFilter(ApplicationFilterChain.java:193)
	at org.apache.catalina.core.ApplicationFilterChain.doFilter(ApplicationFilterChain.java:166)
	at org.apache.catalina.core.StandardWrapperValve.invoke(StandardWrapperValve.java:202)
	at org.apache.catalina.core.StandardContextValve.invoke(StandardContextValve.java:96)
	at org.apache.catalina.authenticator.AuthenticatorBase.invoke(AuthenticatorBase.java:541)
	at org.apache.catalina.core.StandardHostValve.invoke(StandardHostValve.java:139)
	at org.apache.catalina.valves.ErrorReportValve.invoke(ErrorReportValve.java:92)
	at org.apache.catalina.core.StandardEngineValve.invoke(StandardEngineValve.java:74)
	at org.apache.catalina.connector.CoyoteAdapter.service(CoyoteAdapter.java:343)
	at org.apache.coyote.http11.Http11Processor.service(Http11Processor.java:373)
	at org.apache.coyote.AbstractProcessorLight.process(AbstractProcessorLight.java:65)
	at org.apache.coyote.AbstractProtocol$ConnectionHandler.process(AbstractProtocol.java:868)
	at org.apache.tomcat.util.net.NioEndpoint$SocketProcessor.doRun(NioEndpoint.java:1589)
	at org.apache.tomcat.util.net.SocketProcessorBase.run(SocketProcessorBase.java:49)
	at java.base/java.util.concurrent.ThreadPoolExecutor.runWorker(ThreadPoolExecutor.java:1095)
	at java.base/java.util.concurrent.ThreadPoolExecutor$Worker.run(ThreadPoolExecutor.java:619)
	at org.apache.tomcat.util.threads.TaskThread$WrappingRunnable.run(TaskThread.java:61)
	at java.base/java.lang.Thread.run(Thread.java:1447)
2026-03-25 14:33:57,223 INFO  [eu.fayder.restcountries.v2.rest.CountryRestV2:57] Getting by list BF
2026-03-25 14:33:57,231 INFO  [eu.fayder.restcountries.v2.rest.CountryRestV2:57] Getting by list FJ
2026-03-25 14:33:57,238 INFO  [eu.fayder.restcountries.v2.rest.CountryRestV2:57] Getting by list LR
2026-03-25 14:33:57,265 INFO  [eu.fayder.restcountries.v2.rest.CountryRestV2:57] Getting by list RO
2026-03-25 14:33:57,273 INFO  [eu.fayder.restcountries.v2.rest.CountryRestV2:57] Getting by list IT
2026-03-25 14:33:57,296 INFO  [eu.fayder.restcountries.v2.rest.CountryRestV2:57] Getting by list FIN
2026-03-25 14:33:57,326 INFO  [eu.fayder.restcountries.v2.rest.CountryRestV2:57] Getting by list MDV
2026-03-25 14:33:57,335 INFO  [eu.fayder.restcountries.v2.rest.CountryRestV2:57] Getting by list 132
2026-03-25 14:33:57,335 ERROR [eu.fayder.restcountries.v2.rest.CountryRestV2:68] class com.google.gson.JsonNull cannot be cast to class com.google.gson.JsonObject (com.google.gson.JsonNull and com.google.gson.JsonObject are in unnamed module of loader org.springframework.boot.loader.LaunchedURLClassLoader @3a4afd8d)
java.lang.ClassCastException: class com.google.gson.JsonNull cannot be cast to class com.google.gson.JsonObject (com.google.gson.JsonNull and com.google.gson.JsonObject are in unnamed module of loader org.springframework.boot.loader.LaunchedURLClassLoader @3a4afd8d)
	at eu.fayder.restcountries.v2.rest.CountryRestV2.getCountriesJson(CountryRestV2.java:268)
	at eu.fayder.restcountries.v2.rest.CountryRestV2.parsedCountries(CountryRestV2.java:246)
	at eu.fayder.restcountries.v2.rest.CountryRestV2.getByAlphaList(CountryRestV2.java:64)
	at java.base/jdk.internal.reflect.DirectMethodHandleAccessor.invoke(DirectMethodHandleAccessor.java:104)
	at java.base/java.lang.reflect.Method.invoke(Method.java:565)
	at org.jboss.resteasy.core.MethodInjectorImpl.invoke(MethodInjectorImpl.java:170)
	at org.jboss.resteasy.core.MethodInjectorImpl.invoke(MethodInjectorImpl.java:130)
	at org.jboss.resteasy.core.ResourceMethodInvoker.internalInvokeOnTarget(ResourceMethodInvoker.java:643)
	at org.jboss.resteasy.core.ResourceMethodInvoker.invokeOnTargetAfterFilter(ResourceMethodInvoker.java:507)
	at org.jboss.resteasy.core.ResourceMethodInvoker.lambda$invokeOnTarget$2(ResourceMethodInvoker.java:457)
	at org.jboss.resteasy.core.interception.jaxrs.PreMatchContainerRequestContext.filter(PreMatchContainerRequestContext.java:364)
	at org.jboss.resteasy.core.ResourceMethodInvoker.invokeOnTarget(ResourceMethodInvoker.java:459)
	at org.jboss.resteasy.core.ResourceMethodInvoker.invoke(ResourceMethodInvoker.java:419)
	at org.jboss.resteasy.core.ResourceMethodInvoker.invoke(ResourceMethodInvoker.java:393)
	at org.jboss.resteasy.core.ResourceMethodInvoker.invoke(ResourceMethodInvoker.java:68)
	at org.jboss.resteasy.core.SynchronousDispatcher.invoke(SynchronousDispatcher.java:492)
	at org.jboss.resteasy.core.SynchronousDispatcher.lambda$invoke$4(SynchronousDispatcher.java:261)
	at org.jboss.resteasy.core.SynchronousDispatcher.lambda$preprocess$0(SynchronousDispatcher.java:161)
	at org.jboss.resteasy.core.interception.jaxrs.PreMatchContainerRequestContext.filter(PreMatchContainerRequestContext.java:364)
	at org.jboss.resteasy.core.SynchronousDispatcher.preprocess(SynchronousDispatcher.java:164)
	at org.jboss.resteasy.core.SynchronousDispatcher.invoke(SynchronousDispatcher.java:247)
	at org.jboss.resteasy.plugins.server.servlet.ServletContainerDispatcher.service(ServletContainerDispatcher.java:249)
	at org.jboss.resteasy.plugins.server.servlet.HttpServletDispatcher.service(HttpServletDispatcher.java:60)
	at org.jboss.resteasy.plugins.server.servlet.HttpServletDispatcher.service(HttpServletDispatcher.java:55)
	at javax.servlet.http.HttpServlet.service(HttpServlet.java:791)
	at org.apache.catalina.core.ApplicationFilterChain.internalDoFilter(ApplicationFilterChain.java:231)
	at org.apache.catalina.core.ApplicationFilterChain.doFilter(ApplicationFilterChain.java:166)
	at org.apache.tomcat.websocket.server.WsFilter.doFilter(WsFilter.java:53)
	at org.apache.catalina.core.ApplicationFilterChain.internalDoFilter(ApplicationFilterChain.java:193)
	at org.apache.catalina.core.ApplicationFilterChain.doFilter(ApplicationFilterChain.java:166)
	at org.springframework.web.filter.RequestContextFilter.doFilterInternal(RequestContextFilter.java:100)
	at org.springframework.web.filter.OncePerRequestFilter.doFilter(OncePerRequestFilter.java:119)
	at org.apache.catalina.core.ApplicationFilterChain.internalDoFilter(ApplicationFilterChain.java:193)
	at org.apache.catalina.core.ApplicationFilterChain.doFilter(ApplicationFilterChain.java:166)
	at org.springframework.web.filter.FormContentFilter.doFilterInternal(FormContentFilter.java:93)
	at org.springframework.web.filter.OncePerRequestFilter.doFilter(OncePerRequestFilter.java:119)
	at org.apache.catalina.core.ApplicationFilterChain.internalDoFilter(ApplicationFilterChain.java:193)
	at org.apache.catalina.core.ApplicationFilterChain.doFilter(ApplicationFilterChain.java:166)
	at org.springframework.web.filter.CharacterEncodingFilter.doFilterInternal(CharacterEncodingFilter.java:201)
	at org.springframework.web.filter.OncePerRequestFilter.doFilter(OncePerRequestFilter.java:119)
	at org.apache.catalina.core.ApplicationFilterChain.internalDoFilter(ApplicationFilterChain.java:193)
	at org.apache.catalina.core.ApplicationFilterChain.doFilter(ApplicationFilterChain.java:166)
	at org.apache.catalina.core.StandardWrapperValve.invoke(StandardWrapperValve.java:202)
	at org.apache.catalina.core.StandardContextValve.invoke(StandardContextValve.java:96)
	at org.apache.catalina.authenticator.AuthenticatorBase.invoke(AuthenticatorBase.java:541)
	at org.apache.catalina.core.StandardHostValve.invoke(StandardHostValve.java:139)
	at org.apache.catalina.valves.ErrorReportValve.invoke(ErrorReportValve.java:92)
	at org.apache.catalina.core.StandardEngineValve.invoke(StandardEngineValve.java:74)
	at org.apache.catalina.connector.CoyoteAdapter.service(CoyoteAdapter.java:343)
	at org.apache.coyote.http11.Http11Processor.service(Http11Processor.java:373)
	at org.apache.coyote.AbstractProcessorLight.process(AbstractProcessorLight.java:65)
	at org.apache.coyote.AbstractProtocol$ConnectionHandler.process(AbstractProtocol.java:868)
	at org.apache.tomcat.util.net.NioEndpoint$SocketProcessor.doRun(NioEndpoint.java:1589)
	at org.apache.tomcat.util.net.SocketProcessorBase.run(SocketProcessorBase.java:49)
	at java.base/java.util.concurrent.ThreadPoolExecutor.runWorker(ThreadPoolExecutor.java:1095)
	at java.base/java.util.concurrent.ThreadPoolExecutor$Worker.run(ThreadPoolExecutor.java:619)
	at org.apache.tomcat.util.threads.TaskThread$WrappingRunnable.run(TaskThread.java:61)
	at java.base/java.lang.Thread.run(Thread.java:1447)
2026-03-25 14:33:57,344 INFO  [eu.fayder.restcountries.v2.rest.CountryRestV2:57] Getting by list BIH
2026-03-25 14:33:57,352 INFO  [eu.fayder.restcountries.v2.rest.CountryRestV2:57] Getting by list ALB
2026-03-25 14:33:57,373 INFO  [eu.fayder.restcountries.v2.rest.CountryRestV2:57] Getting by list SA
2026-03-25 14:33:57,382 INFO  [eu.fayder.restcountries.v2.rest.CountryRestV2:57] Getting by list PRT
2026-03-25 14:33:57,404 INFO  [eu.fayder.restcountries.v2.rest.CountryRestV2:57] Getting by list PW
2026-03-25 14:33:57,414 INFO  [eu.fayder.restcountries.v2.rest.CountryRestV2:57] Getting by list CU
2026-03-25 14:33:57,422 INFO  [eu.fayder.restcountries.v2.rest.CountryRestV2:57] Getting by list NC
2026-03-25 14:33:57,431 INFO  [eu.fayder.restcountries.v2.rest.CountryRestV2:57] Getting by list KAZ
2026-03-25 14:33:57,451 INFO  [eu.fayder.restcountries.v2.rest.CountryRestV2:57] Getting by list 180
2026-03-25 14:33:57,482 INFO  [eu.fayder.restcountries.v2.rest.CountryRestV2:57] Getting by list SEN
2026-03-25 14:33:57,513 INFO  [eu.fayder.restcountries.v2.rest.CountryRestV2:57] Getting by list TCD
2026-03-25 14:33:57,545 INFO  [eu.fayder.restcountries.v2.rest.CountryRestV2:57] Getting by list 462
2026-03-25 14:33:57,546 ERROR [eu.fayder.restcountries.v2.rest.CountryRestV2:68] class com.google.gson.JsonNull cannot be cast to class com.google.gson.JsonObject (com.google.gson.JsonNull and com.google.gson.JsonObject are in unnamed module of loader org.springframework.boot.loader.LaunchedURLClassLoader @3a4afd8d)
java.lang.ClassCastException: class com.google.gson.JsonNull cannot be cast to class com.google.gson.JsonObject (com.google.gson.JsonNull and com.google.gson.JsonObject are in unnamed module of loader org.springframework.boot.loader.LaunchedURLClassLoader @3a4afd8d)
	at eu.fayder.restcountries.v2.rest.CountryRestV2.getCountriesJson(CountryRestV2.java:268)
	at eu.fayder.restcountries.v2.rest.CountryRestV2.parsedCountries(CountryRestV2.java:246)
	at eu.fayder.restcountries.v2.rest.CountryRestV2.getByAlphaList(CountryRestV2.java:64)
	at java.base/jdk.internal.reflect.DirectMethodHandleAccessor.invoke(DirectMethodHandleAccessor.java:104)
	at java.base/java.lang.reflect.Method.invoke(Method.java:565)
	at org.jboss.resteasy.core.MethodInjectorImpl.invoke(MethodInjectorImpl.java:170)
	at org.jboss.resteasy.core.MethodInjectorImpl.invoke(MethodInjectorImpl.java:130)
	at org.jboss.resteasy.core.ResourceMethodInvoker.internalInvokeOnTarget(ResourceMethodInvoker.java:643)
	at org.jboss.resteasy.core.ResourceMethodInvoker.invokeOnTargetAfterFilter(ResourceMethodInvoker.java:507)
	at org.jboss.resteasy.core.ResourceMethodInvoker.lambda$invokeOnTarget$2(ResourceMethodInvoker.java:457)
	at org.jboss.resteasy.core.interception.jaxrs.PreMatchContainerRequestContext.filter(PreMatchContainerRequestContext.java:364)
	at org.jboss.resteasy.core.ResourceMethodInvoker.invokeOnTarget(ResourceMethodInvoker.java:459)
	at org.jboss.resteasy.core.ResourceMethodInvoker.invoke(ResourceMethodInvoker.java:419)
	at org.jboss.resteasy.core.ResourceMethodInvoker.invoke(ResourceMethodInvoker.java:393)
	at org.jboss.resteasy.core.ResourceMethodInvoker.invoke(ResourceMethodInvoker.java:68)
	at org.jboss.resteasy.core.SynchronousDispatcher.invoke(SynchronousDispatcher.java:492)
	at org.jboss.resteasy.core.SynchronousDispatcher.lambda$invoke$4(SynchronousDispatcher.java:261)
	at org.jboss.resteasy.core.SynchronousDispatcher.lambda$preprocess$0(SynchronousDispatcher.java:161)
	at org.jboss.resteasy.core.interception.jaxrs.PreMatchContainerRequestContext.filter(PreMatchContainerRequestContext.java:364)
	at org.jboss.resteasy.core.SynchronousDispatcher.preprocess(SynchronousDispatcher.java:164)
	at org.jboss.resteasy.core.SynchronousDispatcher.invoke(SynchronousDispatcher.java:247)
	at org.jboss.resteasy.plugins.server.servlet.ServletContainerDispatcher.service(ServletContainerDispatcher.java:249)
	at org.jboss.resteasy.plugins.server.servlet.HttpServletDispatcher.service(HttpServletDispatcher.java:60)
	at org.jboss.resteasy.plugins.server.servlet.HttpServletDispatcher.service(HttpServletDispatcher.java:55)
	at javax.servlet.http.HttpServlet.service(HttpServlet.java:791)
	at org.apache.catalina.core.ApplicationFilterChain.internalDoFilter(ApplicationFilterChain.java:231)
	at org.apache.catalina.core.ApplicationFilterChain.doFilter(ApplicationFilterChain.java:166)
	at org.apache.tomcat.websocket.server.WsFilter.doFilter(WsFilter.java:53)
	at org.apache.catalina.core.ApplicationFilterChain.internalDoFilter(ApplicationFilterChain.java:193)
	at org.apache.catalina.core.ApplicationFilterChain.doFilter(ApplicationFilterChain.java:166)
	at org.springframework.web.filter.RequestContextFilter.doFilterInternal(RequestContextFilter.java:100)
	at org.springframework.web.filter.OncePerRequestFilter.doFilter(OncePerRequestFilter.java:119)
	at org.apache.catalina.core.ApplicationFilterChain.internalDoFilter(ApplicationFilterChain.java:193)
	at org.apache.catalina.core.ApplicationFilterChain.doFilter(ApplicationFilterChain.java:166)
	at org.springframework.web.filter.FormContentFilter.doFilterInternal(FormContentFilter.java:93)
	at org.springframework.web.filter.OncePerRequestFilter.doFilter(OncePerRequestFilter.java:119)
	at org.apache.catalina.core.ApplicationFilterChain.internalDoFilter(ApplicationFilterChain.java:193)
	at org.apache.catalina.core.ApplicationFilterChain.doFilter(ApplicationFilterChain.java:166)
	at org.springframework.web.filter.CharacterEncodingFilter.doFilterInternal(CharacterEncodingFilter.java:201)
	at org.springframework.web.filter.OncePerRequestFilter.doFilter(OncePerRequestFilter.java:119)
	at org.apache.catalina.core.ApplicationFilterChain.internalDoFilter(ApplicationFilterChain.java:193)
	at org.apache.catalina.core.ApplicationFilterChain.doFilter(ApplicationFilterChain.java:166)
	at org.apache.catalina.core.StandardWrapperValve.invoke(StandardWrapperValve.java:202)
	at org.apache.catalina.core.StandardContextValve.invoke(StandardContextValve.java:96)
	at org.apache.catalina.authenticator.AuthenticatorBase.invoke(AuthenticatorBase.java:541)
	at org.apache.catalina.core.StandardHostValve.invoke(StandardHostValve.java:139)
	at org.apache.catalina.valves.ErrorReportValve.invoke(ErrorReportValve.java:92)
	at org.apache.catalina.core.StandardEngineValve.invoke(StandardEngineValve.java:74)
	at org.apache.catalina.connector.CoyoteAdapter.service(CoyoteAdapter.java:343)
	at org.apache.coyote.http11.Http11Processor.service(Http11Processor.java:373)
	at org.apache.coyote.AbstractProcessorLight.process(AbstractProcessorLight.java:65)
	at org.apache.coyote.AbstractProtocol$ConnectionHandler.process(AbstractProtocol.java:868)
	at org.apache.tomcat.util.net.NioEndpoint$SocketProcessor.doRun(NioEndpoint.java:1589)
	at org.apache.tomcat.util.net.SocketProcessorBase.run(SocketProcessorBase.java:49)
	at java.base/java.util.concurrent.ThreadPoolExecutor.runWorker(ThreadPoolExecutor.java:1095)
	at java.base/java.util.concurrent.ThreadPoolExecutor$Worker.run(ThreadPoolExecutor.java:619)
	at org.apache.tomcat.util.threads.TaskThread$WrappingRunnable.run(TaskThread.java:61)
	at java.base/java.lang.Thread.run(Thread.java:1447)
2026-03-25 14:33:57,555 INFO  [eu.fayder.restcountries.v2.rest.CountryRestV2:57] Getting by list NOR
2026-03-25 14:33:57,565 INFO  [eu.fayder.restcountries.v2.rest.CountryRestV2:57] Getting by list 659
2026-03-25 14:33:57,565 ERROR [eu.fayder.restcountries.v2.rest.CountryRestV2:68] class com.google.gson.JsonNull cannot be cast to class com.google.gson.JsonObject (com.google.gson.JsonNull and com.google.gson.JsonObject are in unnamed module of loader org.springframework.boot.loader.LaunchedURLClassLoader @3a4afd8d)
java.lang.ClassCastException: class com.google.gson.JsonNull cannot be cast to class com.google.gson.JsonObject (com.google.gson.JsonNull and com.google.gson.JsonObject are in unnamed module of loader org.springframework.boot.loader.LaunchedURLClassLoader @3a4afd8d)
	at eu.fayder.restcountries.v2.rest.CountryRestV2.getCountriesJson(CountryRestV2.java:268)
	at eu.fayder.restcountries.v2.rest.CountryRestV2.parsedCountries(CountryRestV2.java:246)
	at eu.fayder.restcountries.v2.rest.CountryRestV2.getByAlphaList(CountryRestV2.java:64)
	at java.base/jdk.internal.reflect.DirectMethodHandleAccessor.invoke(DirectMethodHandleAccessor.java:104)
	at java.base/java.lang.reflect.Method.invoke(Method.java:565)
	at org.jboss.resteasy.core.MethodInjectorImpl.invoke(MethodInjectorImpl.java:170)
	at org.jboss.resteasy.core.MethodInjectorImpl.invoke(MethodInjectorImpl.java:130)
	at org.jboss.resteasy.core.ResourceMethodInvoker.internalInvokeOnTarget(ResourceMethodInvoker.java:643)
	at org.jboss.resteasy.core.ResourceMethodInvoker.invokeOnTargetAfterFilter(ResourceMethodInvoker.java:507)
	at org.jboss.resteasy.core.ResourceMethodInvoker.lambda$invokeOnTarget$2(ResourceMethodInvoker.java:457)
	at org.jboss.resteasy.core.interception.jaxrs.PreMatchContainerRequestContext.filter(PreMatchContainerRequestContext.java:364)
	at org.jboss.resteasy.core.ResourceMethodInvoker.invokeOnTarget(ResourceMethodInvoker.java:459)
	at org.jboss.resteasy.core.ResourceMethodInvoker.invoke(ResourceMethodInvoker.java:419)
	at org.jboss.resteasy.core.ResourceMethodInvoker.invoke(ResourceMethodInvoker.java:393)
	at org.jboss.resteasy.core.ResourceMethodInvoker.invoke(ResourceMethodInvoker.java:68)
	at org.jboss.resteasy.core.SynchronousDispatcher.invoke(SynchronousDispatcher.java:492)
	at org.jboss.resteasy.core.SynchronousDispatcher.lambda$invoke$4(SynchronousDispatcher.java:261)
	at org.jboss.resteasy.core.SynchronousDispatcher.lambda$preprocess$0(SynchronousDispatcher.java:161)
	at org.jboss.resteasy.core.interception.jaxrs.PreMatchContainerRequestContext.filter(PreMatchContainerRequestContext.java:364)
	at org.jboss.resteasy.core.SynchronousDispatcher.preprocess(SynchronousDispatcher.java:164)
	at org.jboss.resteasy.core.SynchronousDispatcher.invoke(SynchronousDispatcher.java:247)
	at org.jboss.resteasy.plugins.server.servlet.ServletContainerDispatcher.service(ServletContainerDispatcher.java:249)
	at org.jboss.resteasy.plugins.server.servlet.HttpServletDispatcher.service(HttpServletDispatcher.java:60)
	at org.jboss.resteasy.plugins.server.servlet.HttpServletDispatcher.service(HttpServletDispatcher.java:55)
	at javax.servlet.http.HttpServlet.service(HttpServlet.java:791)
	at org.apache.catalina.core.ApplicationFilterChain.internalDoFilter(ApplicationFilterChain.java:231)
	at org.apache.catalina.core.ApplicationFilterChain.doFilter(ApplicationFilterChain.java:166)
	at org.apache.tomcat.websocket.server.WsFilter.doFilter(WsFilter.java:53)
	at org.apache.catalina.core.ApplicationFilterChain.internalDoFilter(ApplicationFilterChain.java:193)
	at org.apache.catalina.core.ApplicationFilterChain.doFilter(ApplicationFilterChain.java:166)
	at org.springframework.web.filter.RequestContextFilter.doFilterInternal(RequestContextFilter.java:100)
	at org.springframework.web.filter.OncePerRequestFilter.doFilter(OncePerRequestFilter.java:119)
	at org.apache.catalina.core.ApplicationFilterChain.internalDoFilter(ApplicationFilterChain.java:193)
	at org.apache.catalina.core.ApplicationFilterChain.doFilter(ApplicationFilterChain.java:166)
	at org.springframework.web.filter.FormContentFilter.doFilterInternal(FormContentFilter.java:93)
	at org.springframework.web.filter.OncePerRequestFilter.doFilter(OncePerRequestFilter.java:119)
	at org.apache.catalina.core.ApplicationFilterChain.internalDoFilter(ApplicationFilterChain.java:193)
	at org.apache.catalina.core.ApplicationFilterChain.doFilter(ApplicationFilterChain.java:166)
	at org.springframework.web.filter.CharacterEncodingFilter.doFilterInternal(CharacterEncodingFilter.java:201)
	at org.springframework.web.filter.OncePerRequestFilter.doFilter(OncePerRequestFilter.java:119)
	at org.apache.catalina.core.ApplicationFilterChain.internalDoFilter(ApplicationFilterChain.java:193)
	at org.apache.catalina.core.ApplicationFilterChain.doFilter(ApplicationFilterChain.java:166)
	at org.apache.catalina.core.StandardWrapperValve.invoke(StandardWrapperValve.java:202)
	at org.apache.catalina.core.StandardContextValve.invoke(StandardContextValve.java:96)
	at org.apache.catalina.authenticator.AuthenticatorBase.invoke(AuthenticatorBase.java:541)
	at org.apache.catalina.core.StandardHostValve.invoke(StandardHostValve.java:139)
	at org.apache.catalina.valves.ErrorReportValve.invoke(ErrorReportValve.java:92)
	at org.apache.catalina.core.StandardEngineValve.invoke(StandardEngineValve.java:74)
	at org.apache.catalina.connector.CoyoteAdapter.service(CoyoteAdapter.java:343)
	at org.apache.coyote.http11.Http11Processor.service(Http11Processor.java:373)
	at org.apache.coyote.AbstractProcessorLight.process(AbstractProcessorLight.java:65)
	at org.apache.coyote.AbstractProtocol$ConnectionHandler.process(AbstractProtocol.java:868)
	at org.apache.tomcat.util.net.NioEndpoint$SocketProcessor.doRun(NioEndpoint.java:1589)
	at org.apache.tomcat.util.net.SocketProcessorBase.run(SocketProcessorBase.java:49)
	at java.base/java.util.concurrent.ThreadPoolExecutor.runWorker(ThreadPoolExecutor.java:1095)
	at java.base/java.util.concurrent.ThreadPoolExecutor$Worker.run(ThreadPoolExecutor.java:619)
	at org.apache.tomcat.util.threads.TaskThread$WrappingRunnable.run(TaskThread.java:61)
	at java.base/java.lang.Thread.run(Thread.java:1447)
2026-03-25 14:33:57,591 INFO  [eu.fayder.restcountries.v2.rest.CountryRestV2:57] Getting by list 533
2026-03-25 14:33:57,592 ERROR [eu.fayder.restcountries.v2.rest.CountryRestV2:68] class com.google.gson.JsonNull cannot be cast to class com.google.gson.JsonObject (com.google.gson.JsonNull and com.google.gson.JsonObject are in unnamed module of loader org.springframework.boot.loader.LaunchedURLClassLoader @3a4afd8d)
java.lang.ClassCastException: class com.google.gson.JsonNull cannot be cast to class com.google.gson.JsonObject (com.google.gson.JsonNull and com.google.gson.JsonObject are in unnamed module of loader org.springframework.boot.loader.LaunchedURLClassLoader @3a4afd8d)
	at eu.fayder.restcountries.v2.rest.CountryRestV2.getCountriesJson(CountryRestV2.java:268)
	at eu.fayder.restcountries.v2.rest.CountryRestV2.parsedCountries(CountryRestV2.java:246)
	at eu.fayder.restcountries.v2.rest.CountryRestV2.getByAlphaList(CountryRestV2.java:64)
	at java.base/jdk.internal.reflect.DirectMethodHandleAccessor.invoke(DirectMethodHandleAccessor.java:104)
	at java.base/java.lang.reflect.Method.invoke(Method.java:565)
	at org.jboss.resteasy.core.MethodInjectorImpl.invoke(MethodInjectorImpl.java:170)
	at org.jboss.resteasy.core.MethodInjectorImpl.invoke(MethodInjectorImpl.java:130)
	at org.jboss.resteasy.core.ResourceMethodInvoker.internalInvokeOnTarget(ResourceMethodInvoker.java:643)
	at org.jboss.resteasy.core.ResourceMethodInvoker.invokeOnTargetAfterFilter(ResourceMethodInvoker.java:507)
	at org.jboss.resteasy.core.ResourceMethodInvoker.lambda$invokeOnTarget$2(ResourceMethodInvoker.java:457)
	at org.jboss.resteasy.core.interception.jaxrs.PreMatchContainerRequestContext.filter(PreMatchContainerRequestContext.java:364)
	at org.jboss.resteasy.core.ResourceMethodInvoker.invokeOnTarget(ResourceMethodInvoker.java:459)
	at org.jboss.resteasy.core.ResourceMethodInvoker.invoke(ResourceMethodInvoker.java:419)
	at org.jboss.resteasy.core.ResourceMethodInvoker.invoke(ResourceMethodInvoker.java:393)
	at org.jboss.resteasy.core.ResourceMethodInvoker.invoke(ResourceMethodInvoker.java:68)
	at org.jboss.resteasy.core.SynchronousDispatcher.invoke(SynchronousDispatcher.java:492)
	at org.jboss.resteasy.core.SynchronousDispatcher.lambda$invoke$4(SynchronousDispatcher.java:261)
	at org.jboss.resteasy.core.SynchronousDispatcher.lambda$preprocess$0(SynchronousDispatcher.java:161)
	at org.jboss.resteasy.core.interception.jaxrs.PreMatchContainerRequestContext.filter(PreMatchContainerRequestContext.java:364)
	at org.jboss.resteasy.core.SynchronousDispatcher.preprocess(SynchronousDispatcher.java:164)
	at org.jboss.resteasy.core.SynchronousDispatcher.invoke(SynchronousDispatcher.java:247)
	at org.jboss.resteasy.plugins.server.servlet.ServletContainerDispatcher.service(ServletContainerDispatcher.java:249)
	at org.jboss.resteasy.plugins.server.servlet.HttpServletDispatcher.service(HttpServletDispatcher.java:60)
	at org.jboss.resteasy.plugins.server.servlet.HttpServletDispatcher.service(HttpServletDispatcher.java:55)
	at javax.servlet.http.HttpServlet.service(HttpServlet.java:791)
	at org.apache.catalina.core.ApplicationFilterChain.internalDoFilter(ApplicationFilterChain.java:231)
	at org.apache.catalina.core.ApplicationFilterChain.doFilter(ApplicationFilterChain.java:166)
	at org.apache.tomcat.websocket.server.WsFilter.doFilter(WsFilter.java:53)
	at org.apache.catalina.core.ApplicationFilterChain.internalDoFilter(ApplicationFilterChain.java:193)
	at org.apache.catalina.core.ApplicationFilterChain.doFilter(ApplicationFilterChain.java:166)
	at org.springframework.web.filter.RequestContextFilter.doFilterInternal(RequestContextFilter.java:100)
	at org.springframework.web.filter.OncePerRequestFilter.doFilter(OncePerRequestFilter.java:119)
	at org.apache.catalina.core.ApplicationFilterChain.internalDoFilter(ApplicationFilterChain.java:193)
	at org.apache.catalina.core.ApplicationFilterChain.doFilter(ApplicationFilterChain.java:166)
	at org.springframework.web.filter.FormContentFilter.doFilterInternal(FormContentFilter.java:93)
	at org.springframework.web.filter.OncePerRequestFilter.doFilter(OncePerRequestFilter.java:119)
	at org.apache.catalina.core.ApplicationFilterChain.internalDoFilter(ApplicationFilterChain.java:193)
	at org.apache.catalina.core.ApplicationFilterChain.doFilter(ApplicationFilterChain.java:166)
	at org.springframework.web.filter.CharacterEncodingFilter.doFilterInternal(CharacterEncodingFilter.java:201)
	at org.springframework.web.filter.OncePerRequestFilter.doFilter(OncePerRequestFilter.java:119)
	at org.apache.catalina.core.ApplicationFilterChain.internalDoFilter(ApplicationFilterChain.java:193)
	at org.apache.catalina.core.ApplicationFilterChain.doFilter(ApplicationFilterChain.java:166)
	at org.apache.catalina.core.StandardWrapperValve.invoke(StandardWrapperValve.java:202)
	at org.apache.catalina.core.StandardContextValve.invoke(StandardContextValve.java:96)
	at org.apache.catalina.authenticator.AuthenticatorBase.invoke(AuthenticatorBase.java:541)
	at org.apache.catalina.core.StandardHostValve.invoke(StandardHostValve.java:139)
	at org.apache.catalina.valves.ErrorReportValve.invoke(ErrorReportValve.java:92)
	at org.apache.catalina.core.StandardEngineValve.invoke(StandardEngineValve.java:74)
	at org.apache.catalina.connector.CoyoteAdapter.service(CoyoteAdapter.java:343)
	at org.apache.coyote.http11.Http11Processor.service(Http11Processor.java:373)
	at org.apache.coyote.AbstractProcessorLight.process(AbstractProcessorLight.java:65)
	at org.apache.coyote.AbstractProtocol$ConnectionHandler.process(AbstractProtocol.java:868)
	at org.apache.tomcat.util.net.NioEndpoint$SocketProcessor.doRun(NioEndpoint.java:1589)
	at org.apache.tomcat.util.net.SocketProcessorBase.run(SocketProcessorBase.java:49)
	at java.base/java.util.concurrent.ThreadPoolExecutor.runWorker(ThreadPoolExecutor.java:1095)
	at java.base/java.util.concurrent.ThreadPoolExecutor$Worker.run(ThreadPoolExecutor.java:619)
	at org.apache.tomcat.util.threads.TaskThread$WrappingRunnable.run(TaskThread.java:61)
	at java.base/java.lang.Thread.run(Thread.java:1447)
2026-03-25 14:33:57,601 INFO  [eu.fayder.restcountries.v2.rest.CountryRestV2:57] Getting by list CXR
2026-03-25 14:33:57,611 INFO  [eu.fayder.restcountries.v2.rest.CountryRestV2:57] Getting by list ST
2026-03-25 14:33:57,620 INFO  [eu.fayder.restcountries.v2.rest.CountryRestV2:57] Getting by list ZW
2026-03-25 14:33:57,631 INFO  [eu.fayder.restcountries.v2.rest.CountryRestV2:57] Getting by list 024
2026-03-25 14:33:57,653 INFO  [eu.fayder.restcountries.v2.rest.CountryRestV2:57] Getting by list USA
2026-03-25 14:34:24,036 INFO  [eu.fayder.restcountries.v1.rest.CountryRestV1:47] Getting by alpha ***LLMGenerator***
2026-03-25 14:34:24,066 INFO  [eu.fayder.restcountries.v1.rest.CountryRestV1:47] Getting by alpha ***LLMGenerator***
2026-03-25 14:34:24,081 INFO  [eu.fayder.restcountries.v1.rest.CountryRestV1:47] Getting by alpha BLM
2026-03-25 14:34:24,097 INFO  [eu.fayder.restcountries.v1.rest.CountryRestV1:47] Getting by alpha BRB
2026-03-25 14:34:24,113 INFO  [eu.fayder.restcountries.v1.rest.CountryRestV1:47] Getting by alpha IRQ
2026-03-25 14:34:24,129 INFO  [eu.fayder.restcountries.v1.rest.CountryRestV1:47] Getting by alpha ZWE
2026-03-25 14:34:24,144 INFO  [eu.fayder.restcountries.v1.rest.CountryRestV1:47] Getting by alpha FIN
2026-03-25 14:34:24,160 INFO  [eu.fayder.restcountries.v1.rest.CountryRestV1:47] Getting by alpha KG
2026-03-25 14:34:24,166 INFO  [eu.fayder.restcountries.v1.rest.CountryRestV1:47] Getting by alpha EH
2026-03-25 14:34:24,171 INFO  [eu.fayder.restcountries.v1.rest.CountryRestV1:47] Getting by alpha UZ
2026-03-25 14:34:24,176 INFO  [eu.fayder.restcountries.v1.rest.CountryRestV1:47] Getting by alpha MUS
2026-03-25 14:34:24,183 INFO  [eu.fayder.restcountries.v1.rest.CountryRestV1:47] Getting by alpha BGD
2026-03-25 14:34:24,207 INFO  [eu.fayder.restcountries.v1.rest.CountryRestV1:47] Getting by alpha USA
2026-03-25 14:34:24,214 INFO  [eu.fayder.restcountries.v1.rest.CountryRestV1:47] Getting by alpha LY
2026-03-25 14:34:24,219 INFO  [eu.fayder.restcountries.v1.rest.CountryRestV1:47] Getting by alpha FIN
2026-03-25 14:34:24,225 INFO  [eu.fayder.restcountries.v1.rest.CountryRestV1:47] Getting by alpha ZW
2026-03-25 14:34:24,231 INFO  [eu.fayder.restcountries.v1.rest.CountryRestV1:47] Getting by alpha KIR
2026-03-25 14:34:24,237 INFO  [eu.fayder.restcountries.v1.rest.CountryRestV1:47] Getting by alpha LV
2026-03-25 14:34:24,245 INFO  [eu.fayder.restcountries.v1.rest.CountryRestV1:47] Getting by alpha NZL
2026-03-25 14:34:24,268 INFO  [eu.fayder.restcountries.v1.rest.CountryRestV1:47] Getting by alpha TKM
2026-03-25 14:34:24,299 INFO  [eu.fayder.restcountries.v1.rest.CountryRestV1:47] Getting by alpha HUN
2026-03-25 14:34:24,330 INFO  [eu.fayder.restcountries.v1.rest.CountryRestV1:47] Getting by alpha WF
2026-03-25 14:34:24,336 INFO  [eu.fayder.restcountries.v1.rest.CountryRestV1:47] Getting by alpha BHS
2026-03-25 14:34:24,343 INFO  [eu.fayder.restcountries.v1.rest.CountryRestV1:47] Getting by alpha UA
2026-03-25 14:34:24,349 INFO  [eu.fayder.restcountries.v1.rest.CountryRestV1:47] Getting by alpha TJ
2026-03-25 14:34:24,355 INFO  [eu.fayder.restcountries.v1.rest.CountryRestV1:47] Getting by alpha IOT
2026-03-25 14:34:24,363 INFO  [eu.fayder.restcountries.v1.rest.CountryRestV1:47] Getting by alpha KP
2026-03-25 14:34:24,392 INFO  [eu.fayder.restcountries.v1.rest.CountryRestV1:47] Getting by alpha URY
2026-03-25 14:34:24,423 INFO  [eu.fayder.restcountries.v1.rest.CountryRestV1:47] Getting by alpha AUS
2026-03-25 14:34:24,430 INFO  [eu.fayder.restcountries.v1.rest.CountryRestV1:47] Getting by alpha GI
2026-03-25 14:34:24,436 INFO  [eu.fayder.restcountries.v1.rest.CountryRestV1:47] Getting by alpha ATF
2026-03-25 14:34:24,444 INFO  [eu.fayder.restcountries.v1.rest.CountryRestV1:47] Getting by alpha PM
2026-03-25 14:34:24,469 INFO  [eu.fayder.restcountries.v1.rest.CountryRestV1:47] Getting by alpha COL
2026-03-25 14:34:24,500 INFO  [eu.fayder.restcountries.v1.rest.CountryRestV1:47] Getting by alpha JEY
2026-03-25 14:34:24,531 INFO  [eu.fayder.restcountries.v1.rest.CountryRestV1:47] Getting by alpha NP
2026-03-25 14:34:24,562 INFO  [eu.fayder.restcountries.v1.rest.CountryRestV1:47] Getting by alpha TJK
2026-03-25 14:34:24,592 INFO  [eu.fayder.restcountries.v1.rest.CountryRestV1:47] Getting by alpha ZA
2026-03-25 14:34:24,601 INFO  [eu.fayder.restcountries.v1.rest.CountryRestV1:47] Getting by alpha PLW
2026-03-25 14:34:24,608 INFO  [eu.fayder.restcountries.v1.rest.CountryRestV1:47] Getting by alpha VUT
2026-03-25 14:34:24,617 INFO  [eu.fayder.restcountries.v1.rest.CountryRestV1:47] Getting by alpha TJK
2026-03-25 14:34:24,625 INFO  [eu.fayder.restcountries.v1.rest.CountryRestV1:47] Getting by alpha JM
2026-03-25 14:34:24,634 INFO  [eu.fayder.restcountries.v1.rest.CountryRestV1:47] Getting by alpha USA
2026-03-25 14:34:24,643 INFO  [eu.fayder.restcountries.v1.rest.CountryRestV1:47] Getting by alpha YEM
2026-03-25 14:34:24,670 INFO  [eu.fayder.restcountries.v1.rest.CountryRestV1:47] Getting by alpha CU
2026-03-25 14:34:24,681 INFO  [eu.fayder.restcountries.v1.rest.CountryRestV1:47] Getting by alpha BN
2026-03-25 14:34:24,701 INFO  [eu.fayder.restcountries.v1.rest.CountryRestV1:47] Getting by alpha FI
2026-03-25 14:34:24,711 INFO  [eu.fayder.restcountries.v1.rest.CountryRestV1:47] Getting by alpha BG
2026-03-25 14:34:24,721 INFO  [eu.fayder.restcountries.v1.rest.CountryRestV1:47] Getting by alpha SJM
2026-03-25 14:34:24,730 INFO  [eu.fayder.restcountries.v1.rest.CountryRestV1:47] Getting by alpha CR
2026-03-25 14:34:24,739 INFO  [eu.fayder.restcountries.v1.rest.CountryRestV1:47] Getting by alpha BFA
2026-03-25 14:34:50,471 INFO  [eu.fayder.restcountries.v1.rest.CountryRestV1:80] Getting by currency USD
2026-03-25 14:34:50,501 INFO  [eu.fayder.restcountries.v1.rest.CountryRestV1:80] Getting by currency EUR
2026-03-25 14:34:50,533 INFO  [eu.fayder.restcountries.v1.rest.CountryRestV1:80] Getting by currency JPY
2026-03-25 14:34:50,548 INFO  [eu.fayder.restcountries.v1.rest.CountryRestV1:80] Getting by currency GBP
2026-03-25 14:34:50,564 INFO  [eu.fayder.restcountries.v1.rest.CountryRestV1:80] Getting by currency AUD
2026-03-25 14:34:50,579 INFO  [eu.fayder.restcountries.v1.rest.CountryRestV1:80] Getting by currency CAD
2026-03-25 14:34:50,610 INFO  [eu.fayder.restcountries.v1.rest.CountryRestV1:80] Getting by currency CHF
2026-03-25 14:34:50,626 INFO  [eu.fayder.restcountries.v1.rest.CountryRestV1:80] Getting by currency CNY
2026-03-25 14:34:50,656 INFO  [eu.fayder.restcountries.v1.rest.CountryRestV1:80] Getting by currency SEK
2026-03-25 14:34:50,662 INFO  [eu.fayder.restcountries.v1.rest.CountryRestV1:80] Getting by currency NZD
2026-03-25 14:34:50,668 INFO  [eu.fayder.restcountries.v1.rest.CountryRestV1:80] Getting by currency MXN
2026-03-25 14:34:50,687 INFO  [eu.fayder.restcountries.v1.rest.CountryRestV1:80] Getting by currency SGD
2026-03-25 14:34:50,694 INFO  [eu.fayder.restcountries.v1.rest.CountryRestV1:80] Getting by currency HKD
2026-03-25 14:34:50,700 INFO  [eu.fayder.restcountries.v1.rest.CountryRestV1:80] Getting by currency NOK
2026-03-25 14:34:50,707 INFO  [eu.fayder.restcountries.v1.rest.CountryRestV1:80] Getting by currency KRW
2026-03-25 14:34:50,734 INFO  [eu.fayder.restcountries.v1.rest.CountryRestV1:80] Getting by currency TRY
2026-03-25 14:34:50,741 INFO  [eu.fayder.restcountries.v1.rest.CountryRestV1:80] Getting by currency INR
2026-03-25 14:34:50,749 INFO  [eu.fayder.restcountries.v1.rest.CountryRestV1:80] Getting by currency RUB
2026-03-25 14:34:50,756 INFO  [eu.fayder.restcountries.v1.rest.CountryRestV1:80] Getting by currency BRL
2026-03-25 14:34:50,763 INFO  [eu.fayder.restcountries.v1.rest.CountryRestV1:80] Getting by currency ZAR
2026-03-25 14:34:50,769 INFO  [eu.fayder.restcountries.v1.rest.CountryRestV1:80] Getting by currency DKK
2026-03-25 14:34:50,777 INFO  [eu.fayder.restcountries.v1.rest.CountryRestV1:80] Getting by currency PLN
2026-03-25 14:34:50,795 INFO  [eu.fayder.restcountries.v1.rest.CountryRestV1:80] Getting by currency TWD
2026-03-25 14:34:50,802 INFO  [eu.fayder.restcountries.v1.rest.CountryRestV1:80] Getting by currency THB
2026-03-25 14:34:50,811 INFO  [eu.fayder.restcountries.v1.rest.CountryRestV1:80] Getting by currency MYR
2026-03-25 14:34:50,818 INFO  [eu.fayder.restcountries.v1.rest.CountryRestV1:80] Getting by currency IDR
2026-03-25 14:34:50,826 INFO  [eu.fayder.restcountries.v1.rest.CountryRestV1:80] Getting by currency CZK
2026-03-25 14:34:50,857 INFO  [eu.fayder.restcountries.v1.rest.CountryRestV1:80] Getting by currency HUF
2026-03-25 14:34:50,866 INFO  [eu.fayder.restcountries.v1.rest.CountryRestV1:80] Getting by currency ILS
2026-03-25 14:34:50,874 INFO  [eu.fayder.restcountries.v1.rest.CountryRestV1:80] Getting by currency CLP
2026-03-25 14:34:50,883 INFO  [eu.fayder.restcountries.v1.rest.CountryRestV1:80] Getting by currency PHP
2026-03-25 14:34:50,903 INFO  [eu.fayder.restcountries.v1.rest.CountryRestV1:80] Getting by currency AED
2026-03-25 14:34:50,913 INFO  [eu.fayder.restcountries.v1.rest.CountryRestV1:80] Getting by currency COP
2026-03-25 14:34:50,921 INFO  [eu.fayder.restcountries.v1.rest.CountryRestV1:80] Getting by currency SAR
2026-03-25 14:34:50,929 INFO  [eu.fayder.restcountries.v1.rest.CountryRestV1:80] Getting by currency RON
2026-03-25 14:34:50,937 INFO  [eu.fayder.restcountries.v1.rest.CountryRestV1:80] Getting by currency BGN
2026-03-25 14:34:50,946 INFO  [eu.fayder.restcountries.v1.rest.CountryRestV1:80] Getting by currency HRK
2026-03-25 14:34:50,979 INFO  [eu.fayder.restcountries.v1.rest.CountryRestV1:80] Getting by currency LKR
2026-03-25 14:34:51,010 INFO  [eu.fayder.restcountries.v1.rest.CountryRestV1:80] Getting by currency PKR
2026-03-25 14:34:51,041 INFO  [eu.fayder.restcountries.v1.rest.CountryRestV1:80] Getting by currency NGN
2026-03-25 14:34:51,050 INFO  [eu.fayder.restcountries.v1.rest.CountryRestV1:80] Getting by currency BDT
2026-03-25 14:34:51,059 INFO  [eu.fayder.restcountries.v1.rest.CountryRestV1:80] Getting by currency VND
2026-03-25 14:34:51,087 INFO  [eu.fayder.restcountries.v1.rest.CountryRestV1:80] Getting by currency EGP
2026-03-25 14:34:51,118 INFO  [eu.fayder.restcountries.v1.rest.CountryRestV1:80] Getting by currency KWD
2026-03-25 14:34:51,149 INFO  [eu.fayder.restcountries.v1.rest.CountryRestV1:80] Getting by currency QAR
2026-03-25 14:34:51,180 INFO  [eu.fayder.restcountries.v1.rest.CountryRestV1:80] Getting by currency UAH
2026-03-25 14:35:18,097 INFO  [eu.fayder.restcountries.v1.rest.CountryRestV1:99] Getting by name ***LLMGenerator***
2026-03-25 14:35:18,103 INFO  [eu.fayder.restcountries.v1.rest.CountryRestV1:99] Getting by name Mauritania
2026-03-25 14:35:18,132 INFO  [eu.fayder.restcountries.v1.rest.CountryRestV1:99] Getting by name ***LLMGenerator***
2026-03-25 14:35:18,163 INFO  [eu.fayder.restcountries.v1.rest.CountryRestV1:99] Getting by name ***LLMGenerator***
2026-03-25 14:35:18,194 INFO  [eu.fayder.restcountries.v1.rest.CountryRestV1:99] Getting by name Christmas Island
2026-03-25 14:35:18,224 INFO  [eu.fayder.restcountries.v1.rest.CountryRestV1:99] Getting by name Namibia
2026-03-25 14:35:18,233 INFO  [eu.fayder.restcountries.v1.rest.CountryRestV1:99] Getting by name Cameroon
2026-03-25 14:35:18,255 INFO  [eu.fayder.restcountries.v1.rest.CountryRestV1:99] Getting by name Saudi Arabia
2026-03-25 14:35:18,286 INFO  [eu.fayder.restcountries.v1.rest.CountryRestV1:99] Getting by name Turkmenistan
2026-03-25 14:35:18,293 INFO  [eu.fayder.restcountries.v1.rest.CountryRestV1:99] Getting by name Guinea-Bissau
2026-03-25 14:35:18,316 INFO  [eu.fayder.restcountries.v1.rest.CountryRestV1:99] Getting by name United States of America
2026-03-25 14:35:18,347 INFO  [eu.fayder.restcountries.v1.rest.CountryRestV1:99] Getting by name Saint Barthélemy
2026-03-25 14:35:18,379 INFO  [eu.fayder.restcountries.v1.rest.CountryRestV1:99] Getting by name Wallis and Futuna
2026-03-25 14:35:18,409 INFO  [eu.fayder.restcountries.v1.rest.CountryRestV1:99] Getting by name Bangladesh
2026-03-25 14:35:18,440 INFO  [eu.fayder.restcountries.v1.rest.CountryRestV1:99] Getting by name Luxembourg
2026-03-25 14:35:18,471 INFO  [eu.fayder.restcountries.v1.rest.CountryRestV1:99] Getting by name Cocos (Keeling) Islands
2026-03-25 14:35:18,502 INFO  [eu.fayder.restcountries.v1.rest.CountryRestV1:99] Getting by name Qatar
2026-03-25 14:35:18,533 INFO  [eu.fayder.restcountries.v1.rest.CountryRestV1:99] Getting by name Kyrgyzstan
2026-03-25 14:35:18,564 INFO  [eu.fayder.restcountries.v1.rest.CountryRestV1:99] Getting by name Iraq
2026-03-25 14:35:18,594 INFO  [eu.fayder.restcountries.v1.rest.CountryRestV1:99] Getting by name Saudi Arabia
2026-03-25 14:35:18,625 INFO  [eu.fayder.restcountries.v1.rest.CountryRestV1:99] Getting by name India
2026-03-25 14:35:18,656 INFO  [eu.fayder.restcountries.v1.rest.CountryRestV1:99] Getting by name Moldova (Republic of)
2026-03-25 14:35:18,666 INFO  [eu.fayder.restcountries.v1.rest.CountryRestV1:99] Getting by name United States
2026-03-25 14:35:18,688 INFO  [eu.fayder.restcountries.v1.rest.CountryRestV1:99] Getting by name Portugal
2026-03-25 14:35:18,698 INFO  [eu.fayder.restcountries.v1.rest.CountryRestV1:99] Getting by name Bulgaria
2026-03-25 14:35:18,708 INFO  [eu.fayder.restcountries.v1.rest.CountryRestV1:99] Getting by name Jersey
2026-03-25 14:35:18,718 INFO  [eu.fayder.restcountries.v1.rest.CountryRestV1:99] Getting by name Ukraine
2026-03-25 14:35:18,729 INFO  [eu.fayder.restcountries.v1.rest.CountryRestV1:99] Getting by name Wallis and Futuna
2026-03-25 14:35:18,750 INFO  [eu.fayder.restcountries.v1.rest.CountryRestV1:99] Getting by name Bosnia and Herzegovina
2026-03-25 14:35:18,761 INFO  [eu.fayder.restcountries.v1.rest.CountryRestV1:99] Getting by name Colombia
2026-03-25 14:35:18,780 INFO  [eu.fayder.restcountries.v1.rest.CountryRestV1:99] Getting by name Finland
2026-03-25 14:35:18,811 INFO  [eu.fayder.restcountries.v1.rest.CountryRestV1:99] Getting by name Finland
2026-03-25 14:35:18,843 INFO  [eu.fayder.restcountries.v1.rest.CountryRestV1:99] Getting by name Zimbabwe
2026-03-25 14:35:18,852 INFO  [eu.fayder.restcountries.v1.rest.CountryRestV1:99] Getting by name The Bahamas
2026-03-25 14:35:18,874 INFO  [eu.fayder.restcountries.v1.rest.CountryRestV1:99] Getting by name United States of America
2026-03-25 14:35:18,884 INFO  [eu.fayder.restcountries.v1.rest.CountryRestV1:99] Getting by name Russia
2026-03-25 14:35:18,895 INFO  [eu.fayder.restcountries.v1.rest.CountryRestV1:99] Getting by name Saint Barthélemy
2026-03-25 14:35:18,906 INFO  [eu.fayder.restcountries.v1.rest.CountryRestV1:99] Getting by name Uzbekistan
2026-03-25 14:35:18,916 INFO  [eu.fayder.restcountries.v1.rest.CountryRestV1:99] Getting by name Isle of Man
2026-03-25 14:35:18,927 INFO  [eu.fayder.restcountries.v1.rest.CountryRestV1:99] Getting by name Sweden
2026-03-25 14:35:18,940 INFO  [eu.fayder.restcountries.v1.rest.CountryRestV1:99] Getting by name United States of America
2026-03-25 14:35:18,952 INFO  [eu.fayder.restcountries.v1.rest.CountryRestV1:99] Getting by name Saudi Arabia
2026-03-25 14:35:18,965 INFO  [eu.fayder.restcountries.v1.rest.CountryRestV1:99] Getting by name Finland
2026-03-25 14:35:18,976 INFO  [eu.fayder.restcountries.v1.rest.CountryRestV1:99] Getting by name Philippines
2026-03-25 14:35:18,988 INFO  [eu.fayder.restcountries.v1.rest.CountryRestV1:99] Getting by name Greenland
2026-03-25 14:35:18,999 INFO  [eu.fayder.restcountries.v1.rest.CountryRestV1:99] Getting by name Tuvalu
2026-03-25 14:35:19,029 INFO  [eu.fayder.restcountries.v1.rest.CountryRestV1:99] Getting by name Saint Barthélemy
2026-03-25 14:35:19,061 INFO  [eu.fayder.restcountries.v1.rest.CountryRestV1:99] Getting by name Panama
2026-03-25 14:35:19,072 INFO  [eu.fayder.restcountries.v1.rest.CountryRestV1:99] Getting by name Malaysia
2026-03-25 14:35:19,086 INFO  [eu.fayder.restcountries.v1.rest.CountryRestV1:99] Getting by name Sao Tome and Principe
2026-03-25 14:35:35,473 INFO  [eu.fayder.restcountries.v1.rest.CountryRestV1:115] Getting by calling code ***LLMGenerator***
2026-03-25 14:35:35,478 INFO  [eu.fayder.restcountries.v1.rest.CountryRestV1:115] Getting by calling code ***LLMGenerator***
2026-03-25 14:35:35,482 INFO  [eu.fayder.restcountries.v1.rest.CountryRestV1:115] Getting by calling code ***LLMGenerator***
2026-03-25 14:35:35,486 INFO  [eu.fayder.restcountries.v1.rest.CountryRestV1:115] Getting by calling code 229
2026-03-25 14:35:35,492 INFO  [eu.fayder.restcountries.v1.rest.CountryRestV1:115] Getting by calling code 226
2026-03-25 14:35:35,498 INFO  [eu.fayder.restcountries.v1.rest.CountryRestV1:115] Getting by calling code 222
2026-03-25 14:35:35,525 INFO  [eu.fayder.restcountries.v1.rest.CountryRestV1:115] Getting by calling code 234
2026-03-25 14:35:35,541 INFO  [eu.fayder.restcountries.v1.rest.CountryRestV1:115] Getting by calling code 58
2026-03-25 14:35:35,548 INFO  [eu.fayder.restcountries.v1.rest.CountryRestV1:115] Getting by calling code 508
2026-03-25 14:35:35,558 INFO  [eu.fayder.restcountries.v1.rest.CountryRestV1:115] Getting by calling code 595
2026-03-25 14:35:35,566 INFO  [eu.fayder.restcountries.v1.rest.CountryRestV1:115] Getting by calling code 598
2026-03-25 14:35:35,589 INFO  [eu.fayder.restcountries.v1.rest.CountryRestV1:115] Getting by calling code 230
2026-03-25 14:35:35,619 INFO  [eu.fayder.restcountries.v1.rest.CountryRestV1:115] Getting by calling code 964
2026-03-25 14:35:35,627 INFO  [eu.fayder.restcountries.v1.rest.CountryRestV1:115] Getting by calling code 670
2026-03-25 14:35:35,651 INFO  [eu.fayder.restcountries.v1.rest.CountryRestV1:115] Getting by calling code 590
2026-03-25 14:35:35,682 INFO  [eu.fayder.restcountries.v1.rest.CountryRestV1:115] Getting by calling code 680
2026-03-25 14:35:35,690 INFO  [eu.fayder.restcountries.v1.rest.CountryRestV1:115] Getting by calling code 1
2026-03-25 14:35:35,697 INFO  [eu.fayder.restcountries.v1.rest.CountryRestV1:115] Getting by calling code 975
2026-03-25 14:35:35,703 INFO  [eu.fayder.restcountries.v1.rest.CountryRestV1:115] Getting by calling code 993
2026-03-25 14:35:35,728 INFO  [eu.fayder.restcountries.v1.rest.CountryRestV1:115] Getting by calling code 371
2026-03-25 14:35:35,734 INFO  [eu.fayder.restcountries.v1.rest.CountryRestV1:115] Getting by calling code 232
2026-03-25 14:35:35,760 INFO  [eu.fayder.restcountries.v1.rest.CountryRestV1:115] Getting by calling code 964
2026-03-25 14:35:35,791 INFO  [eu.fayder.restcountries.v1.rest.CountryRestV1:115] Getting by calling code 237
2026-03-25 14:35:35,800 INFO  [eu.fayder.restcountries.v1.rest.CountryRestV1:115] Getting by calling code 590
2026-03-25 14:35:35,822 INFO  [eu.fayder.restcountries.v1.rest.CountryRestV1:115] Getting by calling code 352
2026-03-25 14:35:35,830 INFO  [eu.fayder.restcountries.v1.rest.CountryRestV1:115] Getting by calling code 1
2026-03-25 14:35:35,838 INFO  [eu.fayder.restcountries.v1.rest.CountryRestV1:115] Getting by calling code 686
2026-03-25 14:35:35,847 INFO  [eu.fayder.restcountries.v1.rest.CountryRestV1:115] Getting by calling code 387
2026-03-25 14:35:35,868 INFO  [eu.fayder.restcountries.v1.rest.CountryRestV1:115] Getting by calling code 358
2026-03-25 14:35:35,877 INFO  [eu.fayder.restcountries.v1.rest.CountryRestV1:115] Getting by calling code 299
2026-03-25 14:35:35,899 INFO  [eu.fayder.restcountries.v1.rest.CountryRestV1:115] Getting by calling code 34
2026-03-25 14:35:35,930 INFO  [eu.fayder.restcountries.v1.rest.CountryRestV1:115] Getting by calling code 262
2026-03-25 14:35:35,961 INFO  [eu.fayder.restcountries.v1.rest.CountryRestV1:115] Getting by calling code 64
2026-03-25 14:35:35,992 INFO  [eu.fayder.restcountries.v1.rest.CountryRestV1:115] Getting by calling code 45
2026-03-25 14:35:36,023 INFO  [eu.fayder.restcountries.v1.rest.CountryRestV1:115] Getting by calling code 590
2026-03-25 14:35:36,032 INFO  [eu.fayder.restcountries.v1.rest.CountryRestV1:115] Getting by calling code 45
2026-03-25 14:35:36,069 INFO  [eu.fayder.restcountries.v1.rest.CountryRestV1:115] Getting by calling code 966
2026-03-25 14:35:36,100 INFO  [eu.fayder.restcountries.v1.rest.CountryRestV1:115] Getting by calling code 220
2026-03-25 14:35:36,130 INFO  [eu.fayder.restcountries.v1.rest.CountryRestV1:115] Getting by calling code 1
2026-03-25 14:35:36,160 INFO  [eu.fayder.restcountries.v1.rest.CountryRestV1:115] Getting by calling code 211
2026-03-25 14:35:36,191 INFO  [eu.fayder.restcountries.v1.rest.CountryRestV1:115] Getting by calling code 92
2026-03-25 14:35:36,223 INFO  [eu.fayder.restcountries.v1.rest.CountryRestV1:115] Getting by calling code 688
2026-03-25 14:35:36,253 INFO  [eu.fayder.restcountries.v1.rest.CountryRestV1:115] Getting by calling code 993
2026-03-25 14:35:36,264 INFO  [eu.fayder.restcountries.v1.rest.CountryRestV1:115] Getting by calling code 39
2026-03-25 14:35:36,285 INFO  [eu.fayder.restcountries.v1.rest.CountryRestV1:115] Getting by calling code 262
2026-03-25 14:35:36,315 INFO  [eu.fayder.restcountries.v1.rest.CountryRestV1:115] Getting by calling code 61
2026-03-25 14:35:36,347 INFO  [eu.fayder.restcountries.v1.rest.CountryRestV1:115] Getting by calling code 673
2026-03-25 14:35:36,357 INFO  [eu.fayder.restcountries.v1.rest.CountryRestV1:115] Getting by calling code 358
2026-03-25 14:35:36,367 INFO  [eu.fayder.restcountries.v1.rest.CountryRestV1:115] Getting by calling code 421
2026-03-25 14:35:36,377 INFO  [eu.fayder.restcountries.v1.rest.CountryRestV1:115] Getting by calling code 977
2026-03-25 14:36:18,372 INFO  [eu.fayder.restcountries.v1.rest.CountryRestV1:131] Getting by capital ***LLMGenerator***
2026-03-25 14:36:18,390 INFO  [eu.fayder.restcountries.v1.rest.CountryRestV1:131] Getting by capital ***LLMGenerator***
2026-03-25 14:36:18,407 INFO  [eu.fayder.restcountries.v1.rest.CountryRestV1:131] Getting by capital ***LLMGenerator***
2026-03-25 14:36:18,437 INFO  [eu.fayder.restcountries.v1.rest.CountryRestV1:131] Getting by capital Gustavia
2026-03-25 14:36:18,443 INFO  [eu.fayder.restcountries.v1.rest.CountryRestV1:131] Getting by capital Bogotá
2026-03-25 14:36:18,468 INFO  [eu.fayder.restcountries.v1.rest.CountryRestV1:131] Getting by capital Saint Helier
2026-03-25 14:36:18,474 INFO  [eu.fayder.restcountries.v1.rest.CountryRestV1:131] Getting by capital Pretoria
2026-03-25 14:36:18,479 INFO  [eu.fayder.restcountries.v1.rest.CountryRestV1:131] Getting by capital Georgetown
2026-03-25 14:36:18,499 INFO  [eu.fayder.restcountries.v1.rest.CountryRestV1:131] Getting by capital Helsinki
2026-03-25 14:36:18,514 INFO  [eu.fayder.restcountries.v1.rest.CountryRestV1:131] Getting by capital Helsinki
2026-03-25 14:36:18,546 INFO  [eu.fayder.restcountries.v1.rest.CountryRestV1:131] Getting by capital Funafuti
2026-03-25 14:36:18,551 INFO  [eu.fayder.restcountries.v1.rest.CountryRestV1:131] Getting by capital Baghdad
2026-03-25 14:36:18,557 INFO  [eu.fayder.restcountries.v1.rest.CountryRestV1:131] Getting by capital Dushanbe
2026-03-25 14:36:18,577 INFO  [eu.fayder.restcountries.v1.rest.CountryRestV1:131] Getting by capital Kiev
2026-03-25 14:36:18,583 INFO  [eu.fayder.restcountries.v1.rest.CountryRestV1:131] Getting by capital Dhaka
2026-03-25 14:36:18,608 INFO  [eu.fayder.restcountries.v1.rest.CountryRestV1:131] Getting by capital Dhaka
2026-03-25 14:36:18,614 INFO  [eu.fayder.restcountries.v1.rest.CountryRestV1:131] Getting by capital Gustavia
2026-03-25 14:36:18,619 INFO  [eu.fayder.restcountries.v1.rest.CountryRestV1:131] Getting by capital Budapest
2026-03-25 14:36:18,638 INFO  [eu.fayder.restcountries.v1.rest.CountryRestV1:131] Getting by capital Tokyo
2026-03-25 14:36:18,669 INFO  [eu.fayder.restcountries.v1.rest.CountryRestV1:131] Getting by capital Astana
2026-03-25 14:36:18,677 INFO  [eu.fayder.restcountries.v1.rest.CountryRestV1:131] Getting by capital Tashkent
2026-03-25 14:36:18,684 INFO  [eu.fayder.restcountries.v1.rest.CountryRestV1:131] Getting by capital City of Victoria
2026-03-25 14:36:18,716 INFO  [eu.fayder.restcountries.v1.rest.CountryRestV1:131] Getting by capital Saint-Pierre
2026-03-25 14:36:18,748 INFO  [eu.fayder.restcountries.v1.rest.CountryRestV1:131] Getting by capital New Delhi
2026-03-25 14:36:18,779 INFO  [eu.fayder.restcountries.v1.rest.CountryRestV1:131] Getting by capital Helsinki
2026-03-25 14:36:18,811 INFO  [eu.fayder.restcountries.v1.rest.CountryRestV1:131] Getting by capital Amman
2026-03-25 14:36:18,842 INFO  [eu.fayder.restcountries.v1.rest.CountryRestV1:131] Getting by capital Baghdad
2026-03-25 14:36:18,852 INFO  [eu.fayder.restcountries.v1.rest.CountryRestV1:131] Getting by capital Manila
2026-03-25 14:36:18,890 INFO  [eu.fayder.restcountries.v1.rest.CountryRestV1:131] Getting by capital Pyongyang
2026-03-25 14:36:18,899 INFO  [eu.fayder.restcountries.v1.rest.CountryRestV1:131] Getting by capital Stockholm
2026-03-25 14:36:18,907 INFO  [eu.fayder.restcountries.v1.rest.CountryRestV1:131] Getting by capital Fakaofo
2026-03-25 14:36:18,916 INFO  [eu.fayder.restcountries.v1.rest.CountryRestV1:131] Getting by capital Cayenne
2026-03-25 14:36:18,936 INFO  [eu.fayder.restcountries.v1.rest.CountryRestV1:131] Getting by capital Tirana
2026-03-25 14:36:18,968 INFO  [eu.fayder.restcountries.v1.rest.CountryRestV1:131] Getting by capital Plymouth
2026-03-25 14:36:18,999 INFO  [eu.fayder.restcountries.v1.rest.CountryRestV1:131] Getting by capital Adamstown
2026-03-25 14:36:19,029 INFO  [eu.fayder.restcountries.v1.rest.CountryRestV1:131] Getting by capital Road Town
2026-03-25 14:36:19,040 INFO  [eu.fayder.restcountries.v1.rest.CountryRestV1:131] Getting by capital Baghdad
2026-03-25 14:36:19,050 INFO  [eu.fayder.restcountries.v1.rest.CountryRestV1:131] Getting by capital Willemstad
2026-03-25 14:36:19,060 INFO  [eu.fayder.restcountries.v1.rest.CountryRestV1:131] Getting by capital Honiara
2026-03-25 14:36:19,092 INFO  [eu.fayder.restcountries.v1.rest.CountryRestV1:131] Getting by capital Montevideo
2026-03-25 14:36:19,122 INFO  [eu.fayder.restcountries.v1.rest.CountryRestV1:131] Getting by capital Gustavia
2026-03-25 14:36:19,132 INFO  [eu.fayder.restcountries.v1.rest.CountryRestV1:131] Getting by capital Sofia
2026-03-25 14:36:19,141 INFO  [eu.fayder.restcountries.v1.rest.CountryRestV1:131] Getting by capital Port of Spain
2026-03-25 14:36:19,150 INFO  [eu.fayder.restcountries.v1.rest.CountryRestV1:131] Getting by capital Sarajevo
2026-03-25 14:36:19,170 INFO  [eu.fayder.restcountries.v1.rest.CountryRestV1:131] Getting by capital Helsinki
2026-03-25 14:36:19,182 INFO  [eu.fayder.restcountries.v1.rest.CountryRestV1:131] Getting by capital Hanoi
2026-03-25 14:36:19,194 INFO  [eu.fayder.restcountries.v1.rest.CountryRestV1:131] Getting by capital Helsinki
2026-03-25 14:36:19,203 INFO  [eu.fayder.restcountries.v1.rest.CountryRestV1:131] Getting by capital Windhoek
2026-03-25 14:36:19,212 INFO  [eu.fayder.restcountries.v1.rest.CountryRestV1:131] Getting by capital Washington, D.C.
2026-03-25 14:36:19,222 INFO  [eu.fayder.restcountries.v1.rest.CountryRestV1:131] Getting by capital Kathmandu
2026-03-25 14:36:45,273 INFO  [eu.fayder.restcountries.v1.rest.CountryRestV1:147] Getting by region ***LLMGenerator***
2026-03-25 14:36:45,299 INFO  [eu.fayder.restcountries.v1.rest.CountryRestV1:147] Getting by region Americas
2026-03-25 14:36:45,331 INFO  [eu.fayder.restcountries.v1.rest.CountryRestV1:147] Getting by region Europe
2026-03-25 14:36:45,361 INFO  [eu.fayder.restcountries.v1.rest.CountryRestV1:147] Getting by region Europe
2026-03-25 14:36:45,392 INFO  [eu.fayder.restcountries.v1.rest.CountryRestV1:147] Getting by region Oceania
2026-03-25 14:36:45,408 INFO  [eu.fayder.restcountries.v1.rest.CountryRestV1:147] Getting by region Europe
2026-03-25 14:36:45,439 INFO  [eu.fayder.restcountries.v1.rest.CountryRestV1:147] Getting by region Europe
2026-03-25 14:36:45,469 INFO  [eu.fayder.restcountries.v1.rest.CountryRestV1:147] Getting by region Europe
2026-03-25 14:36:45,477 INFO  [eu.fayder.restcountries.v1.rest.CountryRestV1:147] Getting by region Asia
2026-03-25 14:36:45,485 INFO  [eu.fayder.restcountries.v1.rest.CountryRestV1:147] Getting by region Asia
2026-03-25 14:36:45,494 INFO  [eu.fayder.restcountries.v1.rest.CountryRestV1:147] Getting by region Asia
2026-03-25 14:36:45,502 INFO  [eu.fayder.restcountries.v1.rest.CountryRestV1:147] Getting by region Africa
2026-03-25 14:36:45,512 INFO  [eu.fayder.restcountries.v1.rest.CountryRestV1:147] Getting by region Polar
2026-03-25 14:36:45,519 INFO  [eu.fayder.restcountries.v1.rest.CountryRestV1:147] Getting by region Europe
2026-03-25 14:36:45,530 INFO  [eu.fayder.restcountries.v1.rest.CountryRestV1:147] Getting by region Americas
2026-03-25 14:36:45,562 INFO  [eu.fayder.restcountries.v1.rest.CountryRestV1:147] Getting by region Africa
2026-03-25 14:36:45,594 INFO  [eu.fayder.restcountries.v1.rest.CountryRestV1:147] Getting by region Europe
2026-03-25 14:36:45,625 INFO  [eu.fayder.restcountries.v1.rest.CountryRestV1:147] Getting by region Americas
2026-03-25 14:36:45,636 INFO  [eu.fayder.restcountries.v1.rest.CountryRestV1:147] Getting by region Oceania
2026-03-25 14:36:45,646 INFO  [eu.fayder.restcountries.v1.rest.CountryRestV1:147] Getting by region Europe
2026-03-25 14:36:45,672 INFO  [eu.fayder.restcountries.v1.rest.CountryRestV1:147] Getting by region Asia
2026-03-25 14:36:45,683 INFO  [eu.fayder.restcountries.v1.rest.CountryRestV1:147] Getting by region Africa
2026-03-25 14:36:45,695 INFO  [eu.fayder.restcountries.v1.rest.CountryRestV1:147] Getting by region Americas
2026-03-25 14:36:45,708 INFO  [eu.fayder.restcountries.v1.rest.CountryRestV1:147] Getting by region Africa
2026-03-25 14:36:45,734 INFO  [eu.fayder.restcountries.v1.rest.CountryRestV1:147] Getting by region Americas
2026-03-25 14:36:45,765 INFO  [eu.fayder.restcountries.v1.rest.CountryRestV1:147] Getting by region Europe
2026-03-25 14:36:45,779 INFO  [eu.fayder.restcountries.v1.rest.CountryRestV1:147] Getting by region Oceania
2026-03-25 14:36:45,812 INFO  [eu.fayder.restcountries.v1.rest.CountryRestV1:147] Getting by region Americas
2026-03-25 14:36:45,843 INFO  [eu.fayder.restcountries.v1.rest.CountryRestV1:147] Getting by region Europe
2026-03-25 14:36:45,859 INFO  [eu.fayder.restcountries.v1.rest.CountryRestV1:147] Getting by region Europe
2026-03-25 14:36:45,890 INFO  [eu.fayder.restcountries.v1.rest.CountryRestV1:147] Getting by region Americas
2026-03-25 14:36:45,906 INFO  [eu.fayder.restcountries.v1.rest.CountryRestV1:147] Getting by region Europe
2026-03-25 14:36:45,922 INFO  [eu.fayder.restcountries.v1.rest.CountryRestV1:147] Getting by region Americas
2026-03-25 14:36:45,952 INFO  [eu.fayder.restcountries.v1.rest.CountryRestV1:147] Getting by region Asia
2026-03-25 14:36:45,968 INFO  [eu.fayder.restcountries.v1.rest.CountryRestV1:147] Getting by region Asia
2026-03-25 14:36:45,984 INFO  [eu.fayder.restcountries.v1.rest.CountryRestV1:147] Getting by region Oceania
2026-03-25 14:36:46,001 INFO  [eu.fayder.restcountries.v1.rest.CountryRestV1:147] Getting by region Americas
2026-03-25 14:36:46,019 INFO  [eu.fayder.restcountries.v1.rest.CountryRestV1:147] Getting by region Asia
2026-03-25 14:36:46,045 INFO  [eu.fayder.restcountries.v1.rest.CountryRestV1:147] Getting by region Oceania
2026-03-25 14:36:46,061 INFO  [eu.fayder.restcountries.v1.rest.CountryRestV1:147] Getting by region Asia
2026-03-25 14:36:46,080 INFO  [eu.fayder.restcountries.v1.rest.CountryRestV1:147] Getting by region Europe
2026-03-25 14:36:46,097 INFO  [eu.fayder.restcountries.v1.rest.CountryRestV1:147] Getting by region Oceania
2026-03-25 14:36:46,115 INFO  [eu.fayder.restcountries.v1.rest.CountryRestV1:147] Getting by region Asia
2026-03-25 14:36:46,134 INFO  [eu.fayder.restcountries.v1.rest.CountryRestV1:147] Getting by region Africa
2026-03-25 14:36:46,153 INFO  [eu.fayder.restcountries.v1.rest.CountryRestV1:147] Getting by region Americas
2026-03-25 14:36:46,178 INFO  [eu.fayder.restcountries.v1.rest.CountryRestV1:147] Getting by region Oceania
2026-03-25 14:36:46,198 INFO  [eu.fayder.restcountries.v1.rest.CountryRestV1:147] Getting by region Europe
2026-03-25 14:36:46,218 INFO  [eu.fayder.restcountries.v1.rest.CountryRestV1:147] Getting by region Americas
2026-03-25 14:36:46,239 INFO  [eu.fayder.restcountries.v1.rest.CountryRestV1:147] Getting by region Asia
2026-03-25 14:36:46,264 INFO  [eu.fayder.restcountries.v1.rest.CountryRestV1:147] Getting by region Europe
2026-03-25 14:37:10,012 INFO  [eu.fayder.restcountries.v1.rest.CountryRestV1:163] Getting by region ***LLMGenerator***
2026-03-25 14:37:10,017 INFO  [eu.fayder.restcountries.v1.rest.CountryRestV1:163] Getting by region ***LLMGenerator***
2026-03-25 14:37:10,021 INFO  [eu.fayder.restcountries.v1.rest.CountryRestV1:163] Getting by region Central Asia
2026-03-25 14:37:10,026 INFO  [eu.fayder.restcountries.v1.rest.CountryRestV1:163] Getting by region Southern Africa
2026-03-25 14:37:10,031 INFO  [eu.fayder.restcountries.v1.rest.CountryRestV1:163] Getting by region Middle Africa
2026-03-25 14:37:10,035 INFO  [eu.fayder.restcountries.v1.rest.CountryRestV1:163] Getting by region Micronesia
2026-03-25 14:37:10,041 INFO  [eu.fayder.restcountries.v1.rest.CountryRestV1:163] Getting by region Eastern Europe
2026-03-25 14:37:10,066 INFO  [eu.fayder.restcountries.v1.rest.CountryRestV1:163] Getting by region Melanesia
2026-03-25 14:37:10,072 INFO  [eu.fayder.restcountries.v1.rest.CountryRestV1:163] Getting by region Southern Asia
2026-03-25 14:37:10,078 INFO  [eu.fayder.restcountries.v1.rest.CountryRestV1:163] Getting by region Melanesia
2026-03-25 14:37:10,083 INFO  [eu.fayder.restcountries.v1.rest.CountryRestV1:163] Getting by region Western Asia
2026-03-25 14:37:10,112 INFO  [eu.fayder.restcountries.v1.rest.CountryRestV1:163] Getting by region Caribbean
2026-03-25 14:37:10,143 INFO  [eu.fayder.restcountries.v1.rest.CountryRestV1:163] Getting by region Central Asia
2026-03-25 14:37:10,175 INFO  [eu.fayder.restcountries.v1.rest.CountryRestV1:163] Getting by region Eastern Africa
2026-03-25 14:37:10,205 INFO  [eu.fayder.restcountries.v1.rest.CountryRestV1:163] Getting by region Caribbean
2026-03-25 14:37:10,236 INFO  [eu.fayder.restcountries.v1.rest.CountryRestV1:163] Getting by region Polynesia
2026-03-25 14:37:10,268 INFO  [eu.fayder.restcountries.v1.rest.CountryRestV1:163] Getting by region Southern Asia
2026-03-25 14:37:10,276 INFO  [eu.fayder.restcountries.v1.rest.CountryRestV1:163] Getting by region Western Europe
2026-03-25 14:37:10,299 INFO  [eu.fayder.restcountries.v1.rest.CountryRestV1:163] Getting by region Central America
2026-03-25 14:37:10,309 INFO  [eu.fayder.restcountries.v1.rest.CountryRestV1:163] Getting by region Northern Africa
2026-03-25 14:37:10,331 INFO  [eu.fayder.restcountries.v1.rest.CountryRestV1:163] Getting by region Northern Europe
2026-03-25 14:37:10,361 INFO  [eu.fayder.restcountries.v1.rest.CountryRestV1:163] Getting by region Northern America
2026-03-25 14:37:10,371 INFO  [eu.fayder.restcountries.v1.rest.CountryRestV1:163] Getting by region Northern America
2026-03-25 14:37:10,392 INFO  [eu.fayder.restcountries.v1.rest.CountryRestV1:163] Getting by region Western Europe
2026-03-25 14:37:10,400 INFO  [eu.fayder.restcountries.v1.rest.CountryRestV1:163] Getting by region Caribbean
2026-03-25 14:37:10,411 INFO  [eu.fayder.restcountries.v1.rest.CountryRestV1:163] Getting by region Western Asia
2026-03-25 14:37:10,423 INFO  [eu.fayder.restcountries.v1.rest.CountryRestV1:163] Getting by region Western Asia
2026-03-25 14:37:10,456 INFO  [eu.fayder.restcountries.v1.rest.CountryRestV1:163] Getting by region Western Asia
2026-03-25 14:37:10,466 INFO  [eu.fayder.restcountries.v1.rest.CountryRestV1:163] Getting by region Micronesia
2026-03-25 14:37:10,476 INFO  [eu.fayder.restcountries.v1.rest.CountryRestV1:163] Getting by region Southern Asia
2026-03-25 14:37:10,485 INFO  [eu.fayder.restcountries.v1.rest.CountryRestV1:163] Getting by region Southern Europe
2026-03-25 14:37:10,498 INFO  [eu.fayder.restcountries.v1.rest.CountryRestV1:163] Getting by region Northern Europe
2026-03-25 14:37:10,509 INFO  [eu.fayder.restcountries.v1.rest.CountryRestV1:163] Getting by region Northern Europe
2026-03-25 14:37:10,519 INFO  [eu.fayder.restcountries.v1.rest.CountryRestV1:163] Getting by region Western Europe
2026-03-25 14:37:10,549 INFO  [eu.fayder.restcountries.v1.rest.CountryRestV1:163] Getting by region Central America
2026-03-25 14:37:10,561 INFO  [eu.fayder.restcountries.v1.rest.CountryRestV1:163] Getting by region South America
2026-03-25 14:37:10,576 INFO  [eu.fayder.restcountries.v1.rest.CountryRestV1:163] Getting by region Northern Europe
2026-03-25 14:37:10,611 INFO  [eu.fayder.restcountries.v1.rest.CountryRestV1:163] Getting by region Western Africa
2026-03-25 14:37:10,642 INFO  [eu.fayder.restcountries.v1.rest.CountryRestV1:163] Getting by region Southern Europe
2026-03-25 14:37:10,674 INFO  [eu.fayder.restcountries.v1.rest.CountryRestV1:163] Getting by region Caribbean
2026-03-25 14:37:10,686 INFO  [eu.fayder.restcountries.v1.rest.CountryRestV1:163] Getting by region Caribbean
2026-03-25 14:37:10,699 INFO  [eu.fayder.restcountries.v1.rest.CountryRestV1:163] Getting by region South America
2026-03-25 14:37:10,714 INFO  [eu.fayder.restcountries.v1.rest.CountryRestV1:163] Getting by region Eastern Europe
2026-03-25 14:37:10,727 INFO  [eu.fayder.restcountries.v1.rest.CountryRestV1:163] Getting by region Western Africa
2026-03-25 14:37:10,750 INFO  [eu.fayder.restcountries.v1.rest.CountryRestV1:163] Getting by region Southern Asia
2026-03-25 14:37:10,782 INFO  [eu.fayder.restcountries.v1.rest.CountryRestV1:163] Getting by region Micronesia
2026-03-25 14:37:10,813 INFO  [eu.fayder.restcountries.v1.rest.CountryRestV1:163] Getting by region Western Asia
2026-03-25 14:37:10,826 INFO  [eu.fayder.restcountries.v1.rest.CountryRestV1:163] Getting by region Australia and New Zealand
2026-03-25 14:37:10,839 INFO  [eu.fayder.restcountries.v1.rest.CountryRestV1:163] Getting by region Southern Europe
2026-03-25 14:37:10,874 INFO  [eu.fayder.restcountries.v1.rest.CountryRestV1:163] Getting by region South America
2026-03-25 14:37:46,430 INFO  [eu.fayder.restcountries.v1.rest.CountryRestV1:179] Getting by language ***LLMGenerator***
2026-03-25 14:37:46,436 INFO  [eu.fayder.restcountries.v1.rest.CountryRestV1:179] Getting by language ***LLMGenerator***
2026-03-25 14:37:46,455 INFO  [eu.fayder.restcountries.v1.rest.CountryRestV1:179] Getting by language ***LLMGenerator***
2026-03-25 14:37:46,461 INFO  [eu.fayder.restcountries.v1.rest.CountryRestV1:179] Getting by language en
2026-03-25 14:37:46,468 INFO  [eu.fayder.restcountries.v1.rest.CountryRestV1:179] Getting by language fr
2026-03-25 14:37:46,477 INFO  [eu.fayder.restcountries.v1.rest.CountryRestV1:179] Getting by language es
2026-03-25 14:37:46,502 INFO  [eu.fayder.restcountries.v1.rest.CountryRestV1:179] Getting by language de
2026-03-25 14:37:46,509 INFO  [eu.fayder.restcountries.v1.rest.CountryRestV1:179] Getting by language it
2026-03-25 14:37:46,533 INFO  [eu.fayder.restcountries.v1.rest.CountryRestV1:179] Getting by language pt
2026-03-25 14:37:46,542 INFO  [eu.fayder.restcountries.v1.rest.CountryRestV1:179] Getting by language ru
2026-03-25 14:37:46,565 INFO  [eu.fayder.restcountries.v1.rest.CountryRestV1:179] Getting by language zh
2026-03-25 14:37:46,571 INFO  [eu.fayder.restcountries.v1.rest.CountryRestV1:179] Getting by language ja
2026-03-25 14:37:46,578 INFO  [eu.fayder.restcountries.v1.rest.CountryRestV1:179] Getting by language ko
2026-03-25 14:37:46,596 INFO  [eu.fayder.restcountries.v1.rest.CountryRestV1:179] Getting by language ar
2026-03-25 14:37:46,606 INFO  [eu.fayder.restcountries.v1.rest.CountryRestV1:179] Getting by language hi
2026-03-25 14:37:46,613 INFO  [eu.fayder.restcountries.v1.rest.CountryRestV1:179] Getting by language sv
2026-03-25 14:37:46,642 INFO  [eu.fayder.restcountries.v1.rest.CountryRestV1:179] Getting by language nl
2026-03-25 14:37:46,674 INFO  [eu.fayder.restcountries.v1.rest.CountryRestV1:179] Getting by language pl
2026-03-25 14:37:46,684 INFO  [eu.fayder.restcountries.v1.rest.CountryRestV1:179] Getting by language tr
2026-03-25 14:37:46,705 INFO  [eu.fayder.restcountries.v1.rest.CountryRestV1:179] Getting by language he
2026-03-25 14:37:46,712 INFO  [eu.fayder.restcountries.v1.rest.CountryRestV1:179] Getting by language cs
2026-03-25 14:37:46,736 INFO  [eu.fayder.restcountries.v1.rest.CountryRestV1:179] Getting by language da
2026-03-25 14:37:46,744 INFO  [eu.fayder.restcountries.v1.rest.CountryRestV1:179] Getting by language fi
2026-03-25 14:37:46,752 INFO  [eu.fayder.restcountries.v1.rest.CountryRestV1:179] Getting by language no
2026-03-25 14:37:46,782 INFO  [eu.fayder.restcountries.v1.rest.CountryRestV1:179] Getting by language el
2026-03-25 14:37:46,814 INFO  [eu.fayder.restcountries.v1.rest.CountryRestV1:179] Getting by language hu
2026-03-25 14:37:46,822 INFO  [eu.fayder.restcountries.v1.rest.CountryRestV1:179] Getting by language ro
2026-03-25 14:37:46,845 INFO  [eu.fayder.restcountries.v1.rest.CountryRestV1:179] Getting by language sk
2026-03-25 14:37:46,854 INFO  [eu.fayder.restcountries.v1.rest.CountryRestV1:179] Getting by language uk
2026-03-25 14:37:46,863 INFO  [eu.fayder.restcountries.v1.rest.CountryRestV1:179] Getting by language bg
2026-03-25 14:37:46,871 INFO  [eu.fayder.restcountries.v1.rest.CountryRestV1:179] Getting by language hr
2026-03-25 14:37:46,880 INFO  [eu.fayder.restcountries.v1.rest.CountryRestV1:179] Getting by language lt
2026-03-25 14:37:46,907 INFO  [eu.fayder.restcountries.v1.rest.CountryRestV1:179] Getting by language lv
2026-03-25 14:37:46,939 INFO  [eu.fayder.restcountries.v1.rest.CountryRestV1:179] Getting by language et
2026-03-25 14:37:46,970 INFO  [eu.fayder.restcountries.v1.rest.CountryRestV1:179] Getting by language ms
2026-03-25 14:37:47,001 INFO  [eu.fayder.restcountries.v1.rest.CountryRestV1:179] Getting by language id
2026-03-25 14:37:47,032 INFO  [eu.fayder.restcountries.v1.rest.CountryRestV1:179] Getting by language th
2026-03-25 14:37:47,041 INFO  [eu.fayder.restcountries.v1.rest.CountryRestV1:179] Getting by language vi
2026-03-25 14:37:47,049 INFO  [eu.fayder.restcountries.v1.rest.CountryRestV1:179] Getting by language fa
2026-03-25 14:37:47,060 INFO  [eu.fayder.restcountries.v1.rest.CountryRestV1:179] Getting by language bn
2026-03-25 14:37:47,070 INFO  [eu.fayder.restcountries.v1.rest.CountryRestV1:179] Getting by language ta
2026-03-25 14:37:47,081 INFO  [eu.fayder.restcountries.v1.rest.CountryRestV1:179] Getting by language te
2026-03-25 14:37:47,091 INFO  [eu.fayder.restcountries.v1.rest.CountryRestV1:179] Getting by language mr
2026-03-25 14:37:47,127 INFO  [eu.fayder.restcountries.v1.rest.CountryRestV1:179] Getting by language gu
2026-03-25 14:37:47,157 INFO  [eu.fayder.restcountries.v1.rest.CountryRestV1:179] Getting by language kn
2026-03-25 14:37:47,167 INFO  [eu.fayder.restcountries.v1.rest.CountryRestV1:179] Getting by language ml
2026-03-25 14:37:47,177 INFO  [eu.fayder.restcountries.v1.rest.CountryRestV1:179] Getting by language pa
2026-03-25 14:39:06,674 INFO  [eu.fayder.restcountries.v2.rest.CountryRestV2:43] Getting by alpha ***LLMGenerator***
2026-03-25 14:39:06,698 INFO  [eu.fayder.restcountries.v2.rest.CountryRestV2:43] Getting by alpha USA
2026-03-25 14:39:06,728 INFO  [eu.fayder.restcountries.v2.rest.CountryRestV2:43] Getting by alpha CF
2026-03-25 14:39:06,760 INFO  [eu.fayder.restcountries.v2.rest.CountryRestV2:43] Getting by alpha NE
2026-03-25 14:39:06,792 INFO  [eu.fayder.restcountries.v2.rest.CountryRestV2:43] Getting by alpha BRA
2026-03-25 14:39:06,798 INFO  [eu.fayder.restcountries.v2.rest.CountryRestV2:43] Getting by alpha SYC
2026-03-25 14:39:06,824 INFO  [eu.fayder.restcountries.v2.rest.CountryRestV2:43] Getting by alpha EGY
2026-03-25 14:39:06,838 INFO  [eu.fayder.restcountries.v2.rest.CountryRestV2:43] Getting by alpha IL
2026-03-25 14:39:06,869 INFO  [eu.fayder.restcountries.v2.rest.CountryRestV2:43] Getting by alpha NZ
2026-03-25 14:39:06,878 INFO  [eu.fayder.restcountries.v2.rest.CountryRestV2:43] Getting by alpha FI
2026-03-25 14:39:06,887 INFO  [eu.fayder.restcountries.v2.rest.CountryRestV2:43] Getting by alpha SDN
2026-03-25 14:39:06,915 INFO  [eu.fayder.restcountries.v2.rest.CountryRestV2:43] Getting by alpha IOT
2026-03-25 14:39:06,922 INFO  [eu.fayder.restcountries.v2.rest.CountryRestV2:43] Getting by alpha DNK
2026-03-25 14:39:06,946 INFO  [eu.fayder.restcountries.v2.rest.CountryRestV2:43] Getting by alpha CIV
2026-03-25 14:39:06,955 INFO  [eu.fayder.restcountries.v2.rest.CountryRestV2:43] Getting by alpha SXM
2026-03-25 14:39:06,962 INFO  [eu.fayder.restcountries.v2.rest.CountryRestV2:43] Getting by alpha JAM
2026-03-25 14:39:06,970 INFO  [eu.fayder.restcountries.v2.rest.CountryRestV2:43] Getting by alpha MNP
2026-03-25 14:39:06,992 INFO  [eu.fayder.restcountries.v2.rest.CountryRestV2:43] Getting by alpha JM
2026-03-25 14:39:07,000 INFO  [eu.fayder.restcountries.v2.rest.CountryRestV2:43] Getting by alpha CI
2026-03-25 14:39:07,008 INFO  [eu.fayder.restcountries.v2.rest.CountryRestV2:43] Getting by alpha IRQ
2026-03-25 14:39:07,039 INFO  [eu.fayder.restcountries.v2.rest.CountryRestV2:43] Getting by alpha MT
2026-03-25 14:39:07,070 INFO  [eu.fayder.restcountries.v2.rest.CountryRestV2:43] Getting by alpha AT
2026-03-25 14:39:07,101 INFO  [eu.fayder.restcountries.v2.rest.CountryRestV2:43] Getting by alpha NP
2026-03-25 14:39:07,132 INFO  [eu.fayder.restcountries.v2.rest.CountryRestV2:43] Getting by alpha SE
2026-03-25 14:39:07,140 INFO  [eu.fayder.restcountries.v2.rest.CountryRestV2:43] Getting by alpha WLF
2026-03-25 14:39:07,147 INFO  [eu.fayder.restcountries.v2.rest.CountryRestV2:43] Getting by alpha IND
2026-03-25 14:39:07,154 INFO  [eu.fayder.restcountries.v2.rest.CountryRestV2:43] Getting by alpha FIN
2026-03-25 14:39:07,179 INFO  [eu.fayder.restcountries.v2.rest.CountryRestV2:43] Getting by alpha BJ
2026-03-25 14:39:07,186 INFO  [eu.fayder.restcountries.v2.rest.CountryRestV2:43] Getting by alpha ST
2026-03-25 14:39:07,194 INFO  [eu.fayder.restcountries.v2.rest.CountryRestV2:43] Getting by alpha MDG
2026-03-25 14:39:07,225 INFO  [eu.fayder.restcountries.v2.rest.CountryRestV2:43] Getting by alpha KZ
2026-03-25 14:39:07,256 INFO  [eu.fayder.restcountries.v2.rest.CountryRestV2:43] Getting by alpha SWE
2026-03-25 14:39:07,288 INFO  [eu.fayder.restcountries.v2.rest.CountryRestV2:43] Getting by alpha NE
2026-03-25 14:39:07,296 INFO  [eu.fayder.restcountries.v2.rest.CountryRestV2:43] Getting by alpha KH
2026-03-25 14:39:07,304 INFO  [eu.fayder.restcountries.v2.rest.CountryRestV2:43] Getting by alpha ZW
2026-03-25 14:39:07,312 INFO  [eu.fayder.restcountries.v2.rest.CountryRestV2:43] Getting by alpha KZ
2026-03-25 14:39:07,334 INFO  [eu.fayder.restcountries.v2.rest.CountryRestV2:43] Getting by alpha NFK
2026-03-25 14:39:07,343 INFO  [eu.fayder.restcountries.v2.rest.CountryRestV2:43] Getting by alpha TW
2026-03-25 14:39:07,351 INFO  [eu.fayder.restcountries.v2.rest.CountryRestV2:43] Getting by alpha AO
2026-03-25 14:39:07,360 INFO  [eu.fayder.restcountries.v2.rest.CountryRestV2:43] Getting by alpha FRA
2026-03-25 14:39:07,368 INFO  [eu.fayder.restcountries.v2.rest.CountryRestV2:43] Getting by alpha TL
2026-03-25 14:39:07,396 INFO  [eu.fayder.restcountries.v2.rest.CountryRestV2:43] Getting by alpha BLM
2026-03-25 14:39:07,428 INFO  [eu.fayder.restcountries.v2.rest.CountryRestV2:43] Getting by alpha NCL
2026-03-25 14:39:07,438 INFO  [eu.fayder.restcountries.v2.rest.CountryRestV2:43] Getting by alpha MWI
2026-03-25 14:39:07,447 INFO  [eu.fayder.restcountries.v2.rest.CountryRestV2:43] Getting by alpha JO
2026-03-25 14:39:07,456 INFO  [eu.fayder.restcountries.v2.rest.CountryRestV2:43] Getting by alpha NIC
2026-03-25 14:39:07,466 INFO  [eu.fayder.restcountries.v2.rest.CountryRestV2:43] Getting by alpha VG
2026-03-25 14:39:07,476 INFO  [eu.fayder.restcountries.v2.rest.CountryRestV2:43] Getting by alpha WLF
2026-03-25 14:39:07,486 INFO  [eu.fayder.restcountries.v2.rest.CountryRestV2:43] Getting by alpha BL
2026-03-25 14:39:07,521 INFO  [eu.fayder.restcountries.v2.rest.CountryRestV2:43] Getting by alpha TJ
2026-03-25 14:39:37,640 INFO  [eu.fayder.restcountries.v2.rest.CountryRestV2:76] Getting by currency ***LLMGenerator***
2026-03-25 14:39:37,647 INFO  [eu.fayder.restcountries.v2.rest.CountryRestV2:76] Getting by currency ***LLMGenerator***
2026-03-25 14:39:37,652 INFO  [eu.fayder.restcountries.v2.rest.CountryRestV2:76] Getting by currency USD
2026-03-25 14:39:37,658 INFO  [eu.fayder.restcountries.v2.rest.CountryRestV2:76] Getting by currency EUR
2026-03-25 14:39:37,664 INFO  [eu.fayder.restcountries.v2.rest.CountryRestV2:76] Getting by currency JPY
2026-03-25 14:39:37,688 INFO  [eu.fayder.restcountries.v2.rest.CountryRestV2:76] Getting by currency GBP
2026-03-25 14:39:37,718 INFO  [eu.fayder.restcountries.v2.rest.CountryRestV2:76] Getting by currency AUD
2026-03-25 14:39:37,750 INFO  [eu.fayder.restcountries.v2.rest.CountryRestV2:76] Getting by currency CAD
2026-03-25 14:39:37,757 INFO  [eu.fayder.restcountries.v2.rest.CountryRestV2:76] Getting by currency CHF
2026-03-25 14:39:37,763 INFO  [eu.fayder.restcountries.v2.rest.CountryRestV2:76] Getting by currency CNY
2026-03-25 14:39:37,781 INFO  [eu.fayder.restcountries.v2.rest.CountryRestV2:76] Getting by currency SEK
2026-03-25 14:39:37,787 INFO  [eu.fayder.restcountries.v2.rest.CountryRestV2:76] Getting by currency NZD
2026-03-25 14:39:37,793 INFO  [eu.fayder.restcountries.v2.rest.CountryRestV2:76] Getting by currency MXN
2026-03-25 14:39:37,813 INFO  [eu.fayder.restcountries.v2.rest.CountryRestV2:76] Getting by currency SGD
2026-03-25 14:39:37,819 INFO  [eu.fayder.restcountries.v2.rest.CountryRestV2:76] Getting by currency HKD
2026-03-25 14:39:37,826 INFO  [eu.fayder.restcountries.v2.rest.CountryRestV2:76] Getting by currency NOK
2026-03-25 14:39:37,845 INFO  [eu.fayder.restcountries.v2.rest.CountryRestV2:76] Getting by currency KRW
2026-03-25 14:39:37,851 INFO  [eu.fayder.restcountries.v2.rest.CountryRestV2:76] Getting by currency TRY
2026-03-25 14:39:37,858 INFO  [eu.fayder.restcountries.v2.rest.CountryRestV2:76] Getting by currency INR
2026-03-25 14:39:37,877 INFO  [eu.fayder.restcountries.v2.rest.CountryRestV2:76] Getting by currency BRL
2026-03-25 14:39:37,907 INFO  [eu.fayder.restcountries.v2.rest.CountryRestV2:76] Getting by currency ZAR
2026-03-25 14:39:37,938 INFO  [eu.fayder.restcountries.v2.rest.CountryRestV2:76] Getting by currency RUB
2026-03-25 14:39:37,969 INFO  [eu.fayder.restcountries.v2.rest.CountryRestV2:76] Getting by currency AED
2026-03-25 14:39:37,977 INFO  [eu.fayder.restcountries.v2.rest.CountryRestV2:76] Getting by currency PLN
2026-03-25 14:39:37,986 INFO  [eu.fayder.restcountries.v2.rest.CountryRestV2:76] Getting by currency TWD
2026-03-25 14:39:37,992 INFO  [eu.fayder.restcountries.v2.rest.CountryRestV2:76] Getting by currency THB
2026-03-25 14:39:38,002 INFO  [eu.fayder.restcountries.v2.rest.CountryRestV2:76] Getting by currency MYR
2026-03-25 14:39:38,010 INFO  [eu.fayder.restcountries.v2.rest.CountryRestV2:76] Getting by currency IDR
2026-03-25 14:39:38,032 INFO  [eu.fayder.restcountries.v2.rest.CountryRestV2:76] Getting by currency CZK
2026-03-25 14:39:38,062 INFO  [eu.fayder.restcountries.v2.rest.CountryRestV2:76] Getting by currency HUF
2026-03-25 14:39:38,094 INFO  [eu.fayder.restcountries.v2.rest.CountryRestV2:76] Getting by currency DKK
2026-03-25 14:39:38,124 INFO  [eu.fayder.restcountries.v2.rest.CountryRestV2:76] Getting by currency ILS
2026-03-25 14:39:38,155 INFO  [eu.fayder.restcountries.v2.rest.CountryRestV2:76] Getting by currency CLP
2026-03-25 14:39:38,163 INFO  [eu.fayder.restcountries.v2.rest.CountryRestV2:76] Getting by currency PHP
2026-03-25 14:39:38,171 INFO  [eu.fayder.restcountries.v2.rest.CountryRestV2:76] Getting by currency PKR
2026-03-25 14:39:38,201 INFO  [eu.fayder.restcountries.v2.rest.CountryRestV2:76] Getting by currency EGP
2026-03-25 14:39:38,209 INFO  [eu.fayder.restcountries.v2.rest.CountryRestV2:76] Getting by currency BDT
2026-03-25 14:39:38,218 INFO  [eu.fayder.restcountries.v2.rest.CountryRestV2:76] Getting by currency NGN
2026-03-25 14:39:38,227 INFO  [eu.fayder.restcountries.v2.rest.CountryRestV2:76] Getting by currency VND
2026-03-25 14:39:38,236 INFO  [eu.fayder.restcountries.v2.rest.CountryRestV2:76] Getting by currency UAH
2026-03-25 14:39:38,246 INFO  [eu.fayder.restcountries.v2.rest.CountryRestV2:76] Getting by currency MAD
2026-03-25 14:39:38,278 INFO  [eu.fayder.restcountries.v2.rest.CountryRestV2:76] Getting by currency LKR
2026-03-25 14:39:38,288 INFO  [eu.fayder.restcountries.v2.rest.CountryRestV2:76] Getting by currency KWD
2026-03-25 14:39:38,298 INFO  [eu.fayder.restcountries.v2.rest.CountryRestV2:76] Getting by currency OMR
2026-03-25 14:39:38,307 INFO  [eu.fayder.restcountries.v2.rest.CountryRestV2:76] Getting by currency QAR
2026-03-25 14:39:38,340 INFO  [eu.fayder.restcountries.v2.rest.CountryRestV2:76] Getting by currency BHD
2026-03-25 14:39:38,371 INFO  [eu.fayder.restcountries.v2.rest.CountryRestV2:76] Getting by currency JOD
2026-03-25 14:39:38,403 INFO  [eu.fayder.restcountries.v2.rest.CountryRestV2:76] Getting by currency GHS
2026-03-25 14:39:38,433 INFO  [eu.fayder.restcountries.v2.rest.CountryRestV2:76] Getting by currency DZD
2026-03-25 14:39:38,465 INFO  [eu.fayder.restcountries.v2.rest.CountryRestV2:76] Getting by currency TZS
2026-03-25 14:39:38,476 INFO  [eu.fayder.restcountries.v2.rest.CountryRestV2:76] Getting by currency MNT
2026-03-25 14:40:08,566 INFO  [eu.fayder.restcountries.v2.rest.CountryRestV2:95] Getting by name South Africa
2026-03-25 14:40:08,589 INFO  [eu.fayder.restcountries.v2.rest.CountryRestV2:95] Getting by name Thailand
2026-03-25 14:40:08,600 INFO  [eu.fayder.restcountries.v2.rest.CountryRestV2:95] Getting by name ***LLMGenerator***
2026-03-25 14:40:08,611 INFO  [eu.fayder.restcountries.v2.rest.CountryRestV2:95] Getting by name Guyana
2026-03-25 14:40:08,622 INFO  [eu.fayder.restcountries.v2.rest.CountryRestV2:95] Getting by name Christmas Island
2026-03-25 14:40:08,635 INFO  [eu.fayder.restcountries.v2.rest.CountryRestV2:95] Getting by name Chile
2026-03-25 14:40:08,645 INFO  [eu.fayder.restcountries.v2.rest.CountryRestV2:95] Getting by name Nicaragua
2026-03-25 14:40:08,654 INFO  [eu.fayder.restcountries.v2.rest.CountryRestV2:95] Getting by name Turks and Caicos Islands
2026-03-25 14:40:08,666 INFO  [eu.fayder.restcountries.v2.rest.CountryRestV2:95] Getting by name Zimbabwe
2026-03-25 14:40:08,675 INFO  [eu.fayder.restcountries.v2.rest.CountryRestV2:95] Getting by name Cape Verde
2026-03-25 14:40:08,697 INFO  [eu.fayder.restcountries.v2.rest.CountryRestV2:95] Getting by name Moldova (Republic of)
2026-03-25 14:40:08,706 INFO  [eu.fayder.restcountries.v2.rest.CountryRestV2:95] Getting by name Singapore
2026-03-25 14:40:08,715 INFO  [eu.fayder.restcountries.v2.rest.CountryRestV2:95] Getting by name Palau
2026-03-25 14:40:08,743 INFO  [eu.fayder.restcountries.v2.rest.CountryRestV2:95] Getting by name Heard Island and McDonald Islands
2026-03-25 14:40:08,754 INFO  [eu.fayder.restcountries.v2.rest.CountryRestV2:95] Getting by name Cyprus
2026-03-25 14:40:08,762 INFO  [eu.fayder.restcountries.v2.rest.CountryRestV2:95] Getting by name Sudan
2026-03-25 14:40:08,771 INFO  [eu.fayder.restcountries.v2.rest.CountryRestV2:95] Getting by name French Polynesia
2026-03-25 14:40:08,780 INFO  [eu.fayder.restcountries.v2.rest.CountryRestV2:95] Getting by name Réunion
2026-03-25 14:40:08,790 INFO  [eu.fayder.restcountries.v2.rest.CountryRestV2:95] Getting by name Bhutan
2026-03-25 14:40:08,804 INFO  [eu.fayder.restcountries.v2.rest.CountryRestV2:95] Getting by name Christmas Island
2026-03-25 14:40:08,813 INFO  [eu.fayder.restcountries.v2.rest.CountryRestV2:95] Getting by name Honduras
2026-03-25 14:40:08,824 INFO  [eu.fayder.restcountries.v2.rest.CountryRestV2:95] Getting by name India
2026-03-25 14:40:08,852 INFO  [eu.fayder.restcountries.v2.rest.CountryRestV2:95] Getting by name Namibia
2026-03-25 14:40:08,884 INFO  [eu.fayder.restcountries.v2.rest.CountryRestV2:95] Getting by name Belgium
2026-03-25 14:40:08,894 INFO  [eu.fayder.restcountries.v2.rest.CountryRestV2:95] Getting by name Australia
2026-03-25 14:40:08,915 INFO  [eu.fayder.restcountries.v2.rest.CountryRestV2:95] Getting by name Christmas Island
2026-03-25 14:40:08,925 INFO  [eu.fayder.restcountries.v2.rest.CountryRestV2:95] Getting by name The Bahamas
2026-03-25 14:40:08,939 INFO  [eu.fayder.restcountries.v2.rest.CountryRestV2:95] Getting by name Albania
2026-03-25 14:40:08,962 INFO  [eu.fayder.restcountries.v2.rest.CountryRestV2:95] Getting by name Saint Pierre and Miquelon
2026-03-25 14:40:08,994 INFO  [eu.fayder.restcountries.v2.rest.CountryRestV2:95] Getting by name Zimbabwe
2026-03-25 14:40:09,006 INFO  [eu.fayder.restcountries.v2.rest.CountryRestV2:95] Getting by name Egypt
2026-03-25 14:40:09,020 INFO  [eu.fayder.restcountries.v2.rest.CountryRestV2:95] Getting by name British Indian Ocean Territory
2026-03-25 14:40:09,031 INFO  [eu.fayder.restcountries.v2.rest.CountryRestV2:95] Getting by name Denmark
2026-03-25 14:40:09,043 INFO  [eu.fayder.restcountries.v2.rest.CountryRestV2:95] Getting by name Turkmenistan
2026-03-25 14:40:09,059 INFO  [eu.fayder.restcountries.v2.rest.CountryRestV2:95] Getting by name United States
2026-03-25 14:40:09,088 INFO  [eu.fayder.restcountries.v2.rest.CountryRestV2:95] Getting by name Federated States of Micronesia
2026-03-25 14:40:09,106 INFO  [eu.fayder.restcountries.v2.rest.CountryRestV2:95] Getting by name South Africa
2026-03-25 14:40:09,148 INFO  [eu.fayder.restcountries.v2.rest.CountryRestV2:95] Getting by name Turkey
2026-03-25 14:40:09,178 INFO  [eu.fayder.restcountries.v2.rest.CountryRestV2:95] Getting by name Namibia
2026-03-25 14:40:09,210 INFO  [eu.fayder.restcountries.v2.rest.CountryRestV2:95] Getting by name Philippines
2026-03-25 14:40:09,223 INFO  [eu.fayder.restcountries.v2.rest.CountryRestV2:95] Getting by name Haiti
2026-03-25 14:40:09,257 INFO  [eu.fayder.restcountries.v2.rest.CountryRestV2:95] Getting by name Belgium
2026-03-25 14:40:09,271 INFO  [eu.fayder.restcountries.v2.rest.CountryRestV2:95] Getting by name New Caledonia
2026-03-25 14:40:09,285 INFO  [eu.fayder.restcountries.v2.rest.CountryRestV2:95] Getting by name Switzerland
2026-03-25 14:40:09,299 INFO  [eu.fayder.restcountries.v2.rest.CountryRestV2:95] Getting by name Brunei Darussalam
2026-03-25 14:40:09,334 INFO  [eu.fayder.restcountries.v2.rest.CountryRestV2:95] Getting by name Croatia
2026-03-25 14:40:09,365 INFO  [eu.fayder.restcountries.v2.rest.CountryRestV2:95] Getting by name Madagascar
2026-03-25 14:40:09,379 INFO  [eu.fayder.restcountries.v2.rest.CountryRestV2:95] Getting by name Bulgaria
2026-03-25 14:40:09,412 INFO  [eu.fayder.restcountries.v2.rest.CountryRestV2:95] Getting by name Australia
2026-03-25 14:40:09,425 INFO  [eu.fayder.restcountries.v2.rest.CountryRestV2:95] Getting by name Norway
2026-03-25 14:40:38,028 INFO  [eu.fayder.restcountries.v2.rest.CountryRestV2:111] Getting by calling code ***LLMGenerator***
2026-03-25 14:40:38,059 INFO  [eu.fayder.restcountries.v2.rest.CountryRestV2:111] Getting by calling code ***LLMGenerator***
2026-03-25 14:40:38,089 INFO  [eu.fayder.restcountries.v2.rest.CountryRestV2:111] Getting by calling code ***LLMGenerator***
2026-03-25 14:40:38,106 INFO  [eu.fayder.restcountries.v2.rest.CountryRestV2:111] Getting by calling code 262
2026-03-25 14:40:38,113 INFO  [eu.fayder.restcountries.v2.rest.CountryRestV2:111] Getting by calling code ***LLMGenerator***
2026-03-25 14:40:38,137 INFO  [eu.fayder.restcountries.v2.rest.CountryRestV2:111] Getting by calling code ***LLMGenerator***
2026-03-25 14:40:38,144 INFO  [eu.fayder.restcountries.v2.rest.CountryRestV2:111] Getting by calling code 251
2026-03-25 14:40:38,151 INFO  [eu.fayder.restcountries.v2.rest.CountryRestV2:111] Getting by calling code 1
2026-03-25 14:40:38,168 INFO  [eu.fayder.restcountries.v2.rest.CountryRestV2:111] Getting by calling code 264
2026-03-25 14:40:38,180 INFO  [eu.fayder.restcountries.v2.rest.CountryRestV2:111] Getting by calling code 975
2026-03-25 14:40:38,192 INFO  [eu.fayder.restcountries.v2.rest.CountryRestV2:111] Getting by calling code 590
2026-03-25 14:40:38,199 INFO  [eu.fayder.restcountries.v2.rest.CountryRestV2:111] Getting by calling code 508
2026-03-25 14:40:38,205 INFO  [eu.fayder.restcountries.v2.rest.CountryRestV2:111] Getting by calling code 84
2026-03-25 14:40:38,231 INFO  [eu.fayder.restcountries.v2.rest.CountryRestV2:111] Getting by calling code 1
2026-03-25 14:40:38,262 INFO  [eu.fayder.restcountries.v2.rest.CountryRestV2:111] Getting by calling code 264
2026-03-25 14:40:38,269 INFO  [eu.fayder.restcountries.v2.rest.CountryRestV2:111] Getting by calling code 61
2026-03-25 14:40:38,275 INFO  [eu.fayder.restcountries.v2.rest.CountryRestV2:111] Getting by calling code 852
2026-03-25 14:40:38,294 INFO  [eu.fayder.restcountries.v2.rest.CountryRestV2:111] Getting by calling code 1
2026-03-25 14:40:38,302 INFO  [eu.fayder.restcountries.v2.rest.CountryRestV2:111] Getting by calling code 249
2026-03-25 14:40:38,325 INFO  [eu.fayder.restcountries.v2.rest.CountryRestV2:111] Getting by calling code 508
2026-03-25 14:40:38,333 INFO  [eu.fayder.restcountries.v2.rest.CountryRestV2:111] Getting by calling code 993
2026-03-25 14:40:38,356 INFO  [eu.fayder.restcountries.v2.rest.CountryRestV2:111] Getting by calling code 679
2026-03-25 14:40:38,363 INFO  [eu.fayder.restcountries.v2.rest.CountryRestV2:111] Getting by calling code 227
2026-03-25 14:40:38,386 INFO  [eu.fayder.restcountries.v2.rest.CountryRestV2:111] Getting by calling code 975
2026-03-25 14:40:38,418 INFO  [eu.fayder.restcountries.v2.rest.CountryRestV2:111] Getting by calling code 880
2026-03-25 14:40:38,449 INFO  [eu.fayder.restcountries.v2.rest.CountryRestV2:111] Getting by calling code 263
2026-03-25 14:40:38,480 INFO  [eu.fayder.restcountries.v2.rest.CountryRestV2:111] Getting by calling code 962
2026-03-25 14:40:38,511 INFO  [eu.fayder.restcountries.v2.rest.CountryRestV2:111] Getting by calling code 974
2026-03-25 14:40:38,541 INFO  [eu.fayder.restcountries.v2.rest.CountryRestV2:111] Getting by calling code 352
2026-03-25 14:40:38,550 INFO  [eu.fayder.restcountries.v2.rest.CountryRestV2:111] Getting by calling code 590
2026-03-25 14:40:38,558 INFO  [eu.fayder.restcountries.v2.rest.CountryRestV2:111] Getting by calling code 380
2026-03-25 14:40:38,569 INFO  [eu.fayder.restcountries.v2.rest.CountryRestV2:111] Getting by calling code 46
2026-03-25 14:40:38,578 INFO  [eu.fayder.restcountries.v2.rest.CountryRestV2:111] Getting by calling code 356
2026-03-25 14:40:38,603 INFO  [eu.fayder.restcountries.v2.rest.CountryRestV2:111] Getting by calling code 856
2026-03-25 14:40:38,612 INFO  [eu.fayder.restcountries.v2.rest.CountryRestV2:111] Getting by calling code 48
2026-03-25 14:40:38,623 INFO  [eu.fayder.restcountries.v2.rest.CountryRestV2:111] Getting by calling code 27
2026-03-25 14:40:38,650 INFO  [eu.fayder.restcountries.v2.rest.CountryRestV2:111] Getting by calling code 690
2026-03-25 14:40:38,660 INFO  [eu.fayder.restcountries.v2.rest.CountryRestV2:111] Getting by calling code 211
2026-03-25 14:40:38,681 INFO  [eu.fayder.restcountries.v2.rest.CountryRestV2:111] Getting by calling code 856
2026-03-25 14:40:38,690 INFO  [eu.fayder.restcountries.v2.rest.CountryRestV2:111] Getting by calling code 92
2026-03-25 14:40:38,701 INFO  [eu.fayder.restcountries.v2.rest.CountryRestV2:111] Getting by calling code 852
2026-03-25 14:40:38,709 INFO  [eu.fayder.restcountries.v2.rest.CountryRestV2:111] Getting by calling code 1
2026-03-25 14:40:38,718 INFO  [eu.fayder.restcountries.v2.rest.CountryRestV2:111] Getting by calling code 1
2026-03-25 14:40:38,728 INFO  [eu.fayder.restcountries.v2.rest.CountryRestV2:111] Getting by calling code 61
2026-03-25 14:40:38,738 INFO  [eu.fayder.restcountries.v2.rest.CountryRestV2:111] Getting by calling code 44
2026-03-25 14:40:38,749 INFO  [eu.fayder.restcountries.v2.rest.CountryRestV2:111] Getting by calling code 685
2026-03-25 14:40:38,761 INFO  [eu.fayder.restcountries.v2.rest.CountryRestV2:111] Getting by calling code 266
2026-03-25 14:40:38,771 INFO  [eu.fayder.restcountries.v2.rest.CountryRestV2:111] Getting by calling code 241
2026-03-25 14:40:38,781 INFO  [eu.fayder.restcountries.v2.rest.CountryRestV2:111] Getting by calling code 46
2026-03-25 14:40:38,791 INFO  [eu.fayder.restcountries.v2.rest.CountryRestV2:111] Getting by calling code 27
2026-03-25 14:41:04,922 INFO  [eu.fayder.restcountries.v2.rest.CountryRestV2:127] Getting by capital ***LLMGenerator***
2026-03-25 14:41:04,953 INFO  [eu.fayder.restcountries.v2.rest.CountryRestV2:127] Getting by capital Pretoria
2026-03-25 14:41:04,984 INFO  [eu.fayder.restcountries.v2.rest.CountryRestV2:127] Getting by capital ***LLMGenerator***
2026-03-25 14:41:05,000 INFO  [eu.fayder.restcountries.v2.rest.CountryRestV2:127] Getting by capital ***LLMGenerator***
2026-03-25 14:41:05,006 INFO  [eu.fayder.restcountries.v2.rest.CountryRestV2:127] Getting by capital Port of Spain
2026-03-25 14:41:05,031 INFO  [eu.fayder.restcountries.v2.rest.CountryRestV2:127] Getting by capital Ankara
2026-03-25 14:41:05,062 INFO  [eu.fayder.restcountries.v2.rest.CountryRestV2:127] Getting by capital Manila
2026-03-25 14:41:05,069 INFO  [eu.fayder.restcountries.v2.rest.CountryRestV2:127] Getting by capital Ankara
2026-03-25 14:41:05,076 INFO  [eu.fayder.restcountries.v2.rest.CountryRestV2:127] Getting by capital Copenhagen
2026-03-25 14:41:05,083 INFO  [eu.fayder.restcountries.v2.rest.CountryRestV2:127] Getting by capital Port-aux-Français
2026-03-25 14:41:05,090 INFO  [eu.fayder.restcountries.v2.rest.CountryRestV2:127] Getting by capital Nassau
2026-03-25 14:41:05,109 INFO  [eu.fayder.restcountries.v2.rest.CountryRestV2:127] Getting by capital Amman
2026-03-25 14:41:05,117 INFO  [eu.fayder.restcountries.v2.rest.CountryRestV2:127] Getting by capital Valletta
2026-03-25 14:41:05,140 INFO  [eu.fayder.restcountries.v2.rest.CountryRestV2:127] Getting by capital Ottawa
2026-03-25 14:41:05,171 INFO  [eu.fayder.restcountries.v2.rest.CountryRestV2:127] Getting by capital Washington, D.C.
2026-03-25 14:41:05,201 INFO  [eu.fayder.restcountries.v2.rest.CountryRestV2:127] Getting by capital Warsaw
2026-03-25 14:41:05,233 INFO  [eu.fayder.restcountries.v2.rest.CountryRestV2:127] Getting by capital City of Victoria
2026-03-25 14:41:05,240 INFO  [eu.fayder.restcountries.v2.rest.CountryRestV2:127] Getting by capital New Delhi
2026-03-25 14:41:05,264 INFO  [eu.fayder.restcountries.v2.rest.CountryRestV2:127] Getting by capital Helsinki
2026-03-25 14:41:05,296 INFO  [eu.fayder.restcountries.v2.rest.CountryRestV2:127] Getting by capital Fakaofo
2026-03-25 14:41:05,327 INFO  [eu.fayder.restcountries.v2.rest.CountryRestV2:127] Getting by capital Washington, D.C.
2026-03-25 14:41:05,358 INFO  [eu.fayder.restcountries.v2.rest.CountryRestV2:127] Getting by capital Apia
2026-03-25 14:41:05,368 INFO  [eu.fayder.restcountries.v2.rest.CountryRestV2:127] Getting by capital New Delhi
2026-03-25 14:41:05,388 INFO  [eu.fayder.restcountries.v2.rest.CountryRestV2:127] Getting by capital Mata-Utu
2026-03-25 14:41:05,419 INFO  [eu.fayder.restcountries.v2.rest.CountryRestV2:127] Getting by capital Hanoi
2026-03-25 14:41:05,450 INFO  [eu.fayder.restcountries.v2.rest.CountryRestV2:127] Getting by capital Asunción
2026-03-25 14:41:05,482 INFO  [eu.fayder.restcountries.v2.rest.CountryRestV2:127] Getting by capital Jakarta
2026-03-25 14:41:05,512 INFO  [eu.fayder.restcountries.v2.rest.CountryRestV2:127] Getting by capital Harare
2026-03-25 14:41:05,544 INFO  [eu.fayder.restcountries.v2.rest.CountryRestV2:127] Getting by capital Washington, D.C.
2026-03-25 14:41:05,555 INFO  [eu.fayder.restcountries.v2.rest.CountryRestV2:127] Getting by capital Helsinki
2026-03-25 14:41:05,592 INFO  [eu.fayder.restcountries.v2.rest.CountryRestV2:127] Getting by capital Canberra
2026-03-25 14:41:05,623 INFO  [eu.fayder.restcountries.v2.rest.CountryRestV2:127] Getting by capital Bridgetown
2026-03-25 14:41:05,654 INFO  [eu.fayder.restcountries.v2.rest.CountryRestV2:127] Getting by capital Diego Garcia
2026-03-25 14:41:05,685 INFO  [eu.fayder.restcountries.v2.rest.CountryRestV2:127] Getting by capital Amsterdam
2026-03-25 14:41:05,716 INFO  [eu.fayder.restcountries.v2.rest.CountryRestV2:127] Getting by capital Apia
2026-03-25 14:41:05,726 INFO  [eu.fayder.restcountries.v2.rest.CountryRestV2:127] Getting by capital Yaren
2026-03-25 14:41:05,737 INFO  [eu.fayder.restcountries.v2.rest.CountryRestV2:127] Getting by capital Dhaka
2026-03-25 14:41:05,747 INFO  [eu.fayder.restcountries.v2.rest.CountryRestV2:127] Getting by capital Helsinki
2026-03-25 14:41:05,757 INFO  [eu.fayder.restcountries.v2.rest.CountryRestV2:127] Getting by capital Quito
2026-03-25 14:41:05,793 INFO  [eu.fayder.restcountries.v2.rest.CountryRestV2:127] Getting by capital Madrid
2026-03-25 14:41:05,805 INFO  [eu.fayder.restcountries.v2.rest.CountryRestV2:127] Getting by capital The Valley
2026-03-25 14:41:05,815 INFO  [eu.fayder.restcountries.v2.rest.CountryRestV2:127] Getting by capital Valletta
2026-03-25 14:41:05,824 INFO  [eu.fayder.restcountries.v2.rest.CountryRestV2:127] Getting by capital Gustavia
2026-03-25 14:41:05,834 INFO  [eu.fayder.restcountries.v2.rest.CountryRestV2:127] Getting by capital Harare
2026-03-25 14:41:05,844 INFO  [eu.fayder.restcountries.v2.rest.CountryRestV2:127] Getting by capital Copenhagen
2026-03-25 14:41:05,853 INFO  [eu.fayder.restcountries.v2.rest.CountryRestV2:127] Getting by capital Bern
2026-03-25 14:41:05,887 INFO  [eu.fayder.restcountries.v2.rest.CountryRestV2:127] Getting by capital Stockholm
2026-03-25 14:41:05,918 INFO  [eu.fayder.restcountries.v2.rest.CountryRestV2:127] Getting by capital Gustavia
2026-03-25 14:41:05,929 INFO  [eu.fayder.restcountries.v2.rest.CountryRestV2:127] Getting by capital Tashkent
2026-03-25 14:41:34,553 INFO  [eu.fayder.restcountries.v2.rest.CountryRestV2:143] Getting by region Europe
2026-03-25 14:41:34,577 INFO  [eu.fayder.restcountries.v2.rest.CountryRestV2:143] Getting by region ***LLMGenerator***
2026-03-25 14:41:34,583 INFO  [eu.fayder.restcountries.v2.rest.CountryRestV2:143] Getting by region ***LLMGenerator***
2026-03-25 14:41:34,608 INFO  [eu.fayder.restcountries.v2.rest.CountryRestV2:143] Getting by region Asia
2026-03-25 14:41:34,624 INFO  [eu.fayder.restcountries.v2.rest.CountryRestV2:143] Getting by region Africa
2026-03-25 14:41:34,632 INFO  [eu.fayder.restcountries.v2.rest.CountryRestV2:143] Getting by region Asia
2026-03-25 14:41:34,654 INFO  [eu.fayder.restcountries.v2.rest.CountryRestV2:143] Getting by region Asia
2026-03-25 14:41:34,685 INFO  [eu.fayder.restcountries.v2.rest.CountryRestV2:143] Getting by region Americas
2026-03-25 14:41:34,694 INFO  [eu.fayder.restcountries.v2.rest.CountryRestV2:143] Getting by region Americas
2026-03-25 14:41:34,703 INFO  [eu.fayder.restcountries.v2.rest.CountryRestV2:143] Getting by region Asia
2026-03-25 14:41:34,712 INFO  [eu.fayder.restcountries.v2.rest.CountryRestV2:143] Getting by region Asia
2026-03-25 14:41:34,721 INFO  [eu.fayder.restcountries.v2.rest.CountryRestV2:143] Getting by region Asia
2026-03-25 14:41:34,730 INFO  [eu.fayder.restcountries.v2.rest.CountryRestV2:143] Getting by region Asia
2026-03-25 14:41:34,741 INFO  [eu.fayder.restcountries.v2.rest.CountryRestV2:143] Getting by region Africa
2026-03-25 14:41:34,753 INFO  [eu.fayder.restcountries.v2.rest.CountryRestV2:143] Getting by region Polar
2026-03-25 14:41:34,778 INFO  [eu.fayder.restcountries.v2.rest.CountryRestV2:143] Getting by region Americas
2026-03-25 14:41:34,809 INFO  [eu.fayder.restcountries.v2.rest.CountryRestV2:143] Getting by region Americas
2026-03-25 14:41:34,820 INFO  [eu.fayder.restcountries.v2.rest.CountryRestV2:143] Getting by region Africa
2026-03-25 14:41:34,833 INFO  [eu.fayder.restcountries.v2.rest.CountryRestV2:143] Getting by region Americas
2026-03-25 14:41:34,845 INFO  [eu.fayder.restcountries.v2.rest.CountryRestV2:143] Getting by region Africa
2026-03-25 14:41:34,858 INFO  [eu.fayder.restcountries.v2.rest.CountryRestV2:143] Getting by region Americas
2026-03-25 14:41:34,871 INFO  [eu.fayder.restcountries.v2.rest.CountryRestV2:143] Getting by region Asia
2026-03-25 14:41:34,884 INFO  [eu.fayder.restcountries.v2.rest.CountryRestV2:143] Getting by region Europe
2026-03-25 14:41:34,898 INFO  [eu.fayder.restcountries.v2.rest.CountryRestV2:143] Getting by region Europe
2026-03-25 14:41:34,912 INFO  [eu.fayder.restcountries.v2.rest.CountryRestV2:143] Getting by region Americas
2026-03-25 14:41:34,927 INFO  [eu.fayder.restcountries.v2.rest.CountryRestV2:143] Getting by region Oceania
2026-03-25 14:41:34,942 INFO  [eu.fayder.restcountries.v2.rest.CountryRestV2:143] Getting by region Americas
2026-03-25 14:41:34,958 INFO  [eu.fayder.restcountries.v2.rest.CountryRestV2:143] Getting by region Americas
2026-03-25 14:41:34,995 INFO  [eu.fayder.restcountries.v2.rest.CountryRestV2:143] Getting by region Africa
2026-03-25 14:41:35,012 INFO  [eu.fayder.restcountries.v2.rest.CountryRestV2:143] Getting by region Americas
2026-03-25 14:41:35,029 INFO  [eu.fayder.restcountries.v2.rest.CountryRestV2:143] Getting by region Asia
2026-03-25 14:41:35,044 INFO  [eu.fayder.restcountries.v2.rest.CountryRestV2:143] Getting by region Africa
2026-03-25 14:41:35,073 INFO  [eu.fayder.restcountries.v2.rest.CountryRestV2:143] Getting by region Africa
2026-03-25 14:41:35,091 INFO  [eu.fayder.restcountries.v2.rest.CountryRestV2:143] Getting by region Asia
2026-03-25 14:41:35,115 INFO  [eu.fayder.restcountries.v2.rest.CountryRestV2:143] Getting by region Europe
2026-03-25 14:41:35,132 INFO  [eu.fayder.restcountries.v2.rest.CountryRestV2:143] Getting by region Asia
2026-03-25 14:41:35,167 INFO  [eu.fayder.restcountries.v2.rest.CountryRestV2:143] Getting by region Europe
2026-03-25 14:41:35,198 INFO  [eu.fayder.restcountries.v2.rest.CountryRestV2:143] Getting by region Africa
2026-03-25 14:41:35,217 INFO  [eu.fayder.restcountries.v2.rest.CountryRestV2:143] Getting by region Oceania
2026-03-25 14:41:35,234 INFO  [eu.fayder.restcountries.v2.rest.CountryRestV2:143] Getting by region Asia
2026-03-25 14:41:35,251 INFO  [eu.fayder.restcountries.v2.rest.CountryRestV2:143] Getting by region Oceania
2026-03-25 14:41:35,270 INFO  [eu.fayder.restcountries.v2.rest.CountryRestV2:143] Getting by region Europe
2026-03-25 14:41:35,289 INFO  [eu.fayder.restcountries.v2.rest.CountryRestV2:143] Getting by region Oceania
2026-03-25 14:41:35,309 INFO  [eu.fayder.restcountries.v2.rest.CountryRestV2:143] Getting by region Asia
2026-03-25 14:41:35,332 INFO  [eu.fayder.restcountries.v2.rest.CountryRestV2:143] Getting by region Europe
2026-03-25 14:41:35,355 INFO  [eu.fayder.restcountries.v2.rest.CountryRestV2:143] Getting by region Africa
2026-03-25 14:41:35,376 INFO  [eu.fayder.restcountries.v2.rest.CountryRestV2:143] Getting by region Asia
2026-03-25 14:41:35,416 INFO  [eu.fayder.restcountries.v2.rest.CountryRestV2:143] Getting by region Europe
2026-03-25 14:41:35,435 INFO  [eu.fayder.restcountries.v2.rest.CountryRestV2:143] Getting by region Americas
2026-03-25 14:41:35,479 INFO  [eu.fayder.restcountries.v2.rest.CountryRestV2:143] Getting by region Oceania
2026-03-25 14:42:01,909 INFO  [eu.fayder.restcountries.v2.rest.CountryRestV2:159] Getting by sub region ***LLMGenerator***
2026-03-25 14:42:01,915 INFO  [eu.fayder.restcountries.v2.rest.CountryRestV2:159] Getting by sub region Northern Europe
2026-03-25 14:42:01,919 INFO  [eu.fayder.restcountries.v2.rest.CountryRestV2:159] Getting by sub region Northern Europe
2026-03-25 14:42:01,941 INFO  [eu.fayder.restcountries.v2.rest.CountryRestV2:159] Getting by sub region Central Asia
2026-03-25 14:42:01,957 INFO  [eu.fayder.restcountries.v2.rest.CountryRestV2:159] Getting by sub region Western Asia
2026-03-25 14:42:01,987 INFO  [eu.fayder.restcountries.v2.rest.CountryRestV2:159] Getting by sub region Central Asia
2026-03-25 14:42:02,018 INFO  [eu.fayder.restcountries.v2.rest.CountryRestV2:159] Getting by sub region Western Europe
2026-03-25 14:42:02,049 INFO  [eu.fayder.restcountries.v2.rest.CountryRestV2:159] Getting by sub region Southern Europe
2026-03-25 14:42:02,057 INFO  [eu.fayder.restcountries.v2.rest.CountryRestV2:159] Getting by sub region Western Asia
2026-03-25 14:42:02,063 INFO  [eu.fayder.restcountries.v2.rest.CountryRestV2:159] Getting by sub region Western Asia
2026-03-25 14:42:02,080 INFO  [eu.fayder.restcountries.v2.rest.CountryRestV2:159] Getting by sub region Southern Asia
2026-03-25 14:42:02,111 INFO  [eu.fayder.restcountries.v2.rest.CountryRestV2:159] Getting by sub region Central America
2026-03-25 14:42:02,141 INFO  [eu.fayder.restcountries.v2.rest.CountryRestV2:159] Getting by sub region Caribbean
2026-03-25 14:42:02,172 INFO  [eu.fayder.restcountries.v2.rest.CountryRestV2:159] Getting by sub region Eastern Europe
2026-03-25 14:42:02,179 INFO  [eu.fayder.restcountries.v2.rest.CountryRestV2:159] Getting by sub region Caribbean
2026-03-25 14:42:02,203 INFO  [eu.fayder.restcountries.v2.rest.CountryRestV2:159] Getting by sub region Eastern Europe
2026-03-25 14:42:02,210 INFO  [eu.fayder.restcountries.v2.rest.CountryRestV2:159] Getting by sub region Polynesia
2026-03-25 14:42:02,234 INFO  [eu.fayder.restcountries.v2.rest.CountryRestV2:159] Getting by sub region Polynesia
2026-03-25 14:42:02,242 INFO  [eu.fayder.restcountries.v2.rest.CountryRestV2:159] Getting by sub region Eastern Africa
2026-03-25 14:42:02,250 INFO  [eu.fayder.restcountries.v2.rest.CountryRestV2:159] Getting by sub region Central America
2026-03-25 14:42:02,257 INFO  [eu.fayder.restcountries.v2.rest.CountryRestV2:159] Getting by sub region Central Asia
2026-03-25 14:42:02,265 INFO  [eu.fayder.restcountries.v2.rest.CountryRestV2:159] Getting by sub region Western Asia
2026-03-25 14:42:02,296 INFO  [eu.fayder.restcountries.v2.rest.CountryRestV2:159] Getting by sub region South America
2026-03-25 14:42:02,327 INFO  [eu.fayder.restcountries.v2.rest.CountryRestV2:159] Getting by sub region Central Asia
2026-03-25 14:42:02,360 INFO  [eu.fayder.restcountries.v2.rest.CountryRestV2:159] Getting by sub region South-Eastern Asia
2026-03-25 14:42:02,391 INFO  [eu.fayder.restcountries.v2.rest.CountryRestV2:159] Getting by sub region Southern Europe
2026-03-25 14:42:02,400 INFO  [eu.fayder.restcountries.v2.rest.CountryRestV2:159] Getting by sub region Northern America
2026-03-25 14:42:02,408 INFO  [eu.fayder.restcountries.v2.rest.CountryRestV2:159] Getting by sub region Eastern Europe
2026-03-25 14:42:02,439 INFO  [eu.fayder.restcountries.v2.rest.CountryRestV2:159] Getting by sub region Polynesia
2026-03-25 14:42:02,448 INFO  [eu.fayder.restcountries.v2.rest.CountryRestV2:159] Getting by sub region Central Asia
2026-03-25 14:42:02,470 INFO  [eu.fayder.restcountries.v2.rest.CountryRestV2:159] Getting by sub region Southern Africa
2026-03-25 14:42:02,501 INFO  [eu.fayder.restcountries.v2.rest.CountryRestV2:159] Getting by sub region Eastern Asia
2026-03-25 14:42:02,532 INFO  [eu.fayder.restcountries.v2.rest.CountryRestV2:159] Getting by sub region Eastern Africa
2026-03-25 14:42:02,563 INFO  [eu.fayder.restcountries.v2.rest.CountryRestV2:159] Getting by sub region Western Asia
2026-03-25 14:42:02,594 INFO  [eu.fayder.restcountries.v2.rest.CountryRestV2:159] Getting by sub region South America
2026-03-25 14:42:02,625 INFO  [eu.fayder.restcountries.v2.rest.CountryRestV2:159] Getting by sub region Eastern Europe
2026-03-25 14:42:02,656 INFO  [eu.fayder.restcountries.v2.rest.CountryRestV2:159] Getting by sub region Western Asia
2026-03-25 14:42:02,688 INFO  [eu.fayder.restcountries.v2.rest.CountryRestV2:159] Getting by sub region Southern Africa
2026-03-25 14:42:02,699 INFO  [eu.fayder.restcountries.v2.rest.CountryRestV2:159] Getting by sub region Caribbean
2026-03-25 14:42:02,734 INFO  [eu.fayder.restcountries.v2.rest.CountryRestV2:159] Getting by sub region Micronesia
2026-03-25 14:42:02,765 INFO  [eu.fayder.restcountries.v2.rest.CountryRestV2:159] Getting by sub region Western Asia
2026-03-25 14:42:02,795 INFO  [eu.fayder.restcountries.v2.rest.CountryRestV2:159] Getting by sub region Western Africa
2026-03-25 14:42:02,812 INFO  [eu.fayder.restcountries.v2.rest.CountryRestV2:159] Getting by sub region South-Eastern Asia
2026-03-25 14:42:02,824 INFO  [eu.fayder.restcountries.v2.rest.CountryRestV2:159] Getting by sub region Southern Europe
2026-03-25 14:42:02,836 INFO  [eu.fayder.restcountries.v2.rest.CountryRestV2:159] Getting by sub region Australia and New Zealand
2026-03-25 14:42:02,858 INFO  [eu.fayder.restcountries.v2.rest.CountryRestV2:159] Getting by sub region Caribbean
2026-03-25 14:42:02,889 INFO  [eu.fayder.restcountries.v2.rest.CountryRestV2:159] Getting by sub region South America
2026-03-25 14:42:02,903 INFO  [eu.fayder.restcountries.v2.rest.CountryRestV2:159] Getting by sub region Central America
2026-03-25 14:42:02,915 INFO  [eu.fayder.restcountries.v2.rest.CountryRestV2:159] Getting by sub region Eastern Asia
2026-03-25 14:42:02,951 INFO  [eu.fayder.restcountries.v2.rest.CountryRestV2:159] Getting by sub region South-Eastern Asia
2026-03-25 14:42:38,645 INFO  [eu.fayder.restcountries.v2.rest.CountryRestV2:175] Getting by language ***LLMGenerator***
2026-03-25 14:42:38,649 INFO  [eu.fayder.restcountries.v2.rest.CountryRestV2:175] Getting by language pa
2026-03-25 14:42:38,677 INFO  [eu.fayder.restcountries.v2.rest.CountryRestV2:175] Getting by language ar
2026-03-25 14:42:38,708 INFO  [eu.fayder.restcountries.v2.rest.CountryRestV2:175] Getting by language fr
2026-03-25 14:42:38,739 INFO  [eu.fayder.restcountries.v2.rest.CountryRestV2:175] Getting by language es
2026-03-25 14:42:38,755 INFO  [eu.fayder.restcountries.v2.rest.CountryRestV2:175] Getting by language ar
2026-03-25 14:42:38,771 INFO  [eu.fayder.restcountries.v2.rest.CountryRestV2:175] Getting by language zh
2026-03-25 14:42:38,787 INFO  [eu.fayder.restcountries.v2.rest.CountryRestV2:175] Getting by language ff
2026-03-25 14:42:38,793 INFO  [eu.fayder.restcountries.v2.rest.CountryRestV2:175] Getting by language fr
2026-03-25 14:42:38,817 INFO  [eu.fayder.restcountries.v2.rest.CountryRestV2:175] Getting by language ar
2026-03-25 14:42:38,824 INFO  [eu.fayder.restcountries.v2.rest.CountryRestV2:175] Getting by language ar
2026-03-25 14:42:38,848 INFO  [eu.fayder.restcountries.v2.rest.CountryRestV2:175] Getting by language en
2026-03-25 14:42:38,879 INFO  [eu.fayder.restcountries.v2.rest.CountryRestV2:175] Getting by language pt
2026-03-25 14:42:38,911 INFO  [eu.fayder.restcountries.v2.rest.CountryRestV2:175] Getting by language fr
2026-03-25 14:42:38,942 INFO  [eu.fayder.restcountries.v2.rest.CountryRestV2:175] Getting by language sm
2026-03-25 14:42:38,973 INFO  [eu.fayder.restcountries.v2.rest.CountryRestV2:175] Getting by language fr
2026-03-25 14:42:39,005 INFO  [eu.fayder.restcountries.v2.rest.CountryRestV2:175] Getting by language ar
2026-03-25 14:42:39,035 INFO  [eu.fayder.restcountries.v2.rest.CountryRestV2:175] Getting by language fr
2026-03-25 14:42:39,066 INFO  [eu.fayder.restcountries.v2.rest.CountryRestV2:175] Getting by language ms
2026-03-25 14:42:39,096 INFO  [eu.fayder.restcountries.v2.rest.CountryRestV2:175] Getting by language ln
2026-03-25 14:42:39,128 INFO  [eu.fayder.restcountries.v2.rest.CountryRestV2:175] Getting by language ar
2026-03-25 14:42:39,159 INFO  [eu.fayder.restcountries.v2.rest.CountryRestV2:175] Getting by language en
2026-03-25 14:42:39,190 INFO  [eu.fayder.restcountries.v2.rest.CountryRestV2:175] Getting by language es
2026-03-25 14:42:39,221 INFO  [eu.fayder.restcountries.v2.rest.CountryRestV2:175] Getting by language en
2026-03-25 14:42:39,252 INFO  [eu.fayder.restcountries.v2.rest.CountryRestV2:175] Getting by language el
2026-03-25 14:42:39,283 INFO  [eu.fayder.restcountries.v2.rest.CountryRestV2:175] Getting by language es
2026-03-25 14:42:39,292 INFO  [eu.fayder.restcountries.v2.rest.CountryRestV2:175] Getting by language da
2026-03-25 14:42:39,314 INFO  [eu.fayder.restcountries.v2.rest.CountryRestV2:175] Getting by language en
2026-03-25 14:42:39,326 INFO  [eu.fayder.restcountries.v2.rest.CountryRestV2:175] Getting by language fr
2026-03-25 14:42:39,361 INFO  [eu.fayder.restcountries.v2.rest.CountryRestV2:175] Getting by language en
2026-03-25 14:42:39,391 INFO  [eu.fayder.restcountries.v2.rest.CountryRestV2:175] Getting by language en
2026-03-25 14:42:39,423 INFO  [eu.fayder.restcountries.v2.rest.CountryRestV2:175] Getting by language tr
2026-03-25 14:42:39,454 INFO  [eu.fayder.restcountries.v2.rest.CountryRestV2:175] Getting by language ku
2026-03-25 14:42:39,485 INFO  [eu.fayder.restcountries.v2.rest.CountryRestV2:175] Getting by language en
2026-03-25 14:42:39,496 INFO  [eu.fayder.restcountries.v2.rest.CountryRestV2:175] Getting by language en
2026-03-25 14:42:39,533 INFO  [eu.fayder.restcountries.v2.rest.CountryRestV2:175] Getting by language es
2026-03-25 14:42:39,563 INFO  [eu.fayder.restcountries.v2.rest.CountryRestV2:175] Getting by language fr
2026-03-25 14:42:39,594 INFO  [eu.fayder.restcountries.v2.rest.CountryRestV2:175] Getting by language en
2026-03-25 14:42:39,625 INFO  [eu.fayder.restcountries.v2.rest.CountryRestV2:175] Getting by language pt
2026-03-25 14:42:39,656 INFO  [eu.fayder.restcountries.v2.rest.CountryRestV2:175] Getting by language en
2026-03-25 14:42:39,670 INFO  [eu.fayder.restcountries.v2.rest.CountryRestV2:175] Getting by language ja
2026-03-25 14:42:39,704 INFO  [eu.fayder.restcountries.v2.rest.CountryRestV2:175] Getting by language es
2026-03-25 14:42:39,717 INFO  [eu.fayder.restcountries.v2.rest.CountryRestV2:175] Getting by language ss
2026-03-25 14:42:39,750 INFO  [eu.fayder.restcountries.v2.rest.CountryRestV2:175] Getting by language en
2026-03-25 14:42:39,766 INFO  [eu.fayder.restcountries.v2.rest.CountryRestV2:175] Getting by language ar
2026-03-25 14:42:39,797 INFO  [eu.fayder.restcountries.v2.rest.CountryRestV2:175] Getting by language es
2026-03-25 14:42:39,828 INFO  [eu.fayder.restcountries.v2.rest.CountryRestV2:175] Getting by language gn
2026-03-25 14:42:39,841 INFO  [eu.fayder.restcountries.v2.rest.CountryRestV2:175] Getting by language fr
2026-03-25 14:42:39,856 INFO  [eu.fayder.restcountries.v2.rest.CountryRestV2:175] Getting by language zh
2026-03-25 14:42:39,891 INFO  [eu.fayder.restcountries.v2.rest.CountryRestV2:175] Getting by language fr
2026-03-25 14:43:07,501 INFO  [eu.fayder.restcountries.v2.rest.CountryRestV2:191] Getting by demonym ***LLMGenerator***
2026-03-25 14:43:07,515 INFO  [eu.fayder.restcountries.v2.rest.CountryRestV2:191] Getting by demonym ***LLMGenerator***
2026-03-25 14:43:07,520 INFO  [eu.fayder.restcountries.v2.rest.CountryRestV2:191] Getting by demonym ***LLMGenerator***
2026-03-25 14:43:07,548 INFO  [eu.fayder.restcountries.v2.rest.CountryRestV2:191] Getting by demonym Canadian
2026-03-25 14:43:07,579 INFO  [eu.fayder.restcountries.v2.rest.CountryRestV2:191] Getting by demonym Brazilian
2026-03-25 14:43:07,584 INFO  [eu.fayder.restcountries.v2.rest.CountryRestV2:191] Getting by demonym Japanese
2026-03-25 14:43:07,588 INFO  [eu.fayder.restcountries.v2.rest.CountryRestV2:191] Getting by demonym French
2026-03-25 14:43:07,593 INFO  [eu.fayder.restcountries.v2.rest.CountryRestV2:191] Getting by demonym Italian
2026-03-25 14:43:07,598 INFO  [eu.fayder.restcountries.v2.rest.CountryRestV2:191] Getting by demonym Mexican
2026-03-25 14:43:07,625 INFO  [eu.fayder.restcountries.v2.rest.CountryRestV2:191] Getting by demonym German
2026-03-25 14:43:07,630 INFO  [eu.fayder.restcountries.v2.rest.CountryRestV2:191] Getting by demonym Australian
2026-03-25 14:43:07,656 INFO  [eu.fayder.restcountries.v2.rest.CountryRestV2:191] Getting by demonym Indian
2026-03-25 14:43:07,661 INFO  [eu.fayder.restcountries.v2.rest.CountryRestV2:191] Getting by demonym Russian
2026-03-25 14:43:07,667 INFO  [eu.fayder.restcountries.v2.rest.CountryRestV2:191] Getting by demonym Egyptian
2026-03-25 14:43:07,687 INFO  [eu.fayder.restcountries.v2.rest.CountryRestV2:191] Getting by demonym Spanish
2026-03-25 14:43:07,693 INFO  [eu.fayder.restcountries.v2.rest.CountryRestV2:191] Getting by demonym Norwegian
2026-03-25 14:43:07,698 INFO  [eu.fayder.restcountries.v2.rest.CountryRestV2:191] Getting by demonym Swedish
2026-03-25 14:43:07,705 INFO  [eu.fayder.restcountries.v2.rest.CountryRestV2:191] Getting by demonym Dutch
2026-03-25 14:43:07,711 INFO  [eu.fayder.restcountries.v2.rest.CountryRestV2:191] Getting by demonym Greek
2026-03-25 14:43:07,734 INFO  [eu.fayder.restcountries.v2.rest.CountryRestV2:191] Getting by demonym Portuguese
2026-03-25 14:43:07,765 INFO  [eu.fayder.restcountries.v2.rest.CountryRestV2:191] Getting by demonym Irish
2026-03-25 14:43:07,795 INFO  [eu.fayder.restcountries.v2.rest.CountryRestV2:191] Getting by demonym Polish
2026-03-25 14:43:07,827 INFO  [eu.fayder.restcountries.v2.rest.CountryRestV2:191] Getting by demonym Turkish
2026-03-25 14:43:07,858 INFO  [eu.fayder.restcountries.v2.rest.CountryRestV2:191] Getting by demonym South African
2026-03-25 14:43:07,889 INFO  [eu.fayder.restcountries.v2.rest.CountryRestV2:191] Getting by demonym Argentinian
2026-03-25 14:43:07,919 INFO  [eu.fayder.restcountries.v2.rest.CountryRestV2:191] Getting by demonym Chilean
2026-03-25 14:43:07,927 INFO  [eu.fayder.restcountries.v2.rest.CountryRestV2:191] Getting by demonym Colombian
2026-03-25 14:43:07,950 INFO  [eu.fayder.restcountries.v2.rest.CountryRestV2:191] Getting by demonym Cuban
2026-03-25 14:43:07,958 INFO  [eu.fayder.restcountries.v2.rest.CountryRestV2:191] Getting by demonym Venezuelan
2026-03-25 14:43:07,966 INFO  [eu.fayder.restcountries.v2.rest.CountryRestV2:191] Getting by demonym Peruvian
2026-03-25 14:43:07,974 INFO  [eu.fayder.restcountries.v2.rest.CountryRestV2:191] Getting by demonym Ecuadorian
2026-03-25 14:43:07,980 INFO  [eu.fayder.restcountries.v2.rest.CountryRestV2:191] Getting by demonym Bolivian
2026-03-25 14:43:08,011 INFO  [eu.fayder.restcountries.v2.rest.CountryRestV2:191] Getting by demonym Paraguayan
2026-03-25 14:43:08,020 INFO  [eu.fayder.restcountries.v2.rest.CountryRestV2:191] Getting by demonym Uruguayan
2026-03-25 14:43:08,042 INFO  [eu.fayder.restcountries.v2.rest.CountryRestV2:191] Getting by demonym Honduran
2026-03-25 14:43:08,072 INFO  [eu.fayder.restcountries.v2.rest.CountryRestV2:191] Getting by demonym Guatemalan
2026-03-25 14:43:08,104 INFO  [eu.fayder.restcountries.v2.rest.CountryRestV2:191] Getting by demonym Costa Rican
2026-03-25 14:43:08,135 INFO  [eu.fayder.restcountries.v2.rest.CountryRestV2:191] Getting by demonym Panamanian
2026-03-25 14:43:08,166 INFO  [eu.fayder.restcountries.v2.rest.CountryRestV2:191] Getting by demonym Nicaraguan
2026-03-25 14:43:08,198 INFO  [eu.fayder.restcountries.v2.rest.CountryRestV2:191] Getting by demonym Salvadoran
2026-03-25 14:43:08,229 INFO  [eu.fayder.restcountries.v2.rest.CountryRestV2:191] Getting by demonym Belizean
2026-03-25 14:43:08,261 INFO  [eu.fayder.restcountries.v2.rest.CountryRestV2:191] Getting by demonym Jamaican
2026-03-25 14:43:08,291 INFO  [eu.fayder.restcountries.v2.rest.CountryRestV2:191] Getting by demonym Trinidadian
2026-03-25 14:43:08,323 INFO  [eu.fayder.restcountries.v2.rest.CountryRestV2:191] Getting by demonym Barbadian
2026-03-25 14:43:08,353 INFO  [eu.fayder.restcountries.v2.rest.CountryRestV2:191] Getting by demonym Bahaman
2026-03-25 14:43:08,362 INFO  [eu.fayder.restcountries.v2.rest.CountryRestV2:191] Getting by demonym Grenadian
2026-03-25 14:43:08,371 INFO  [eu.fayder.restcountries.v2.rest.CountryRestV2:191] Getting by demonym Saint Lucian
2026-03-25 14:43:08,379 INFO  [eu.fayder.restcountries.v2.rest.CountryRestV2:191] Getting by demonym Antiguan
2026-03-25 14:43:08,399 INFO  [eu.fayder.restcountries.v2.rest.CountryRestV2:191] Getting by demonym Kittitian
2026-03-25 14:43:08,430 INFO  [eu.fayder.restcountries.v2.rest.CountryRestV2:191] Getting by demonym Dominican
2026-03-25 14:43:39,106 INFO  [eu.fayder.restcountries.v2.rest.CountryRestV2:207] Getting by regional bloc ***LLMGenerator***
2026-03-25 14:43:39,120 INFO  [eu.fayder.restcountries.v2.rest.CountryRestV2:207] Getting by regional bloc ***LLMGenerator***
2026-03-25 14:43:39,136 INFO  [eu.fayder.restcountries.v2.rest.CountryRestV2:207] Getting by regional bloc ***LLMGenerator***
2026-03-25 14:43:39,152 INFO  [eu.fayder.restcountries.v2.rest.CountryRestV2:207] Getting by regional bloc ***LLMGenerator***
2026-03-25 14:43:39,167 INFO  [eu.fayder.restcountries.v2.rest.CountryRestV2:207] Getting by regional bloc ***LLMGenerator***
2026-03-25 14:43:39,182 INFO  [eu.fayder.restcountries.v2.rest.CountryRestV2:207] Getting by regional bloc EU
2026-03-25 14:43:39,198 INFO  [eu.fayder.restcountries.v2.rest.CountryRestV2:207] Getting by regional bloc NAFTA
2026-03-25 14:43:39,204 INFO  [eu.fayder.restcountries.v2.rest.CountryRestV2:207] Getting by regional bloc AU
2026-03-25 14:43:39,229 INFO  [eu.fayder.restcountries.v2.rest.CountryRestV2:207] Getting by regional bloc ASEAN
2026-03-25 14:43:39,261 INFO  [eu.fayder.restcountries.v2.rest.CountryRestV2:207] Getting by regional bloc CARICOM
2026-03-25 14:43:39,292 INFO  [eu.fayder.restcountries.v2.rest.CountryRestV2:207] Getting by regional bloc PA
2026-03-25 14:43:39,307 INFO  [eu.fayder.restcountries.v2.rest.CountryRestV2:207] Getting by regional bloc CEFTA
2026-03-25 14:43:39,314 INFO  [eu.fayder.restcountries.v2.rest.CountryRestV2:207] Getting by regional bloc SAARC
2026-03-25 14:43:39,321 INFO  [eu.fayder.restcountries.v2.rest.CountryRestV2:207] Getting by regional bloc EFTA
2026-03-25 14:43:39,327 INFO  [eu.fayder.restcountries.v2.rest.CountryRestV2:207] Getting by regional bloc AL
2026-03-25 14:43:39,354 INFO  [eu.fayder.restcountries.v2.rest.CountryRestV2:207] Getting by regional bloc USAN
2026-03-25 14:43:39,361 INFO  [eu.fayder.restcountries.v2.rest.CountryRestV2:207] Getting by regional bloc PA
2026-03-25 14:43:39,369 INFO  [eu.fayder.restcountries.v2.rest.CountryRestV2:207] Getting by regional bloc EU
2026-03-25 14:43:39,377 INFO  [eu.fayder.restcountries.v2.rest.CountryRestV2:207] Getting by regional bloc NAFTA
2026-03-25 14:43:39,401 INFO  [eu.fayder.restcountries.v2.rest.CountryRestV2:207] Getting by regional bloc AU
2026-03-25 14:43:39,432 INFO  [eu.fayder.restcountries.v2.rest.CountryRestV2:207] Getting by regional bloc ASEAN
2026-03-25 14:43:39,463 INFO  [eu.fayder.restcountries.v2.rest.CountryRestV2:207] Getting by regional bloc CARICOM
2026-03-25 14:43:39,471 INFO  [eu.fayder.restcountries.v2.rest.CountryRestV2:207] Getting by regional bloc PA
2026-03-25 14:43:39,492 INFO  [eu.fayder.restcountries.v2.rest.CountryRestV2:207] Getting by regional bloc CEFTA
2026-03-25 14:43:39,524 INFO  [eu.fayder.restcountries.v2.rest.CountryRestV2:207] Getting by regional bloc SAARC
2026-03-25 14:43:39,533 INFO  [eu.fayder.restcountries.v2.rest.CountryRestV2:207] Getting by regional bloc EFTA
2026-03-25 14:43:39,542 INFO  [eu.fayder.restcountries.v2.rest.CountryRestV2:207] Getting by regional bloc AL
2026-03-25 14:43:39,550 INFO  [eu.fayder.restcountries.v2.rest.CountryRestV2:207] Getting by regional bloc USAN
2026-03-25 14:43:39,571 INFO  [eu.fayder.restcountries.v2.rest.CountryRestV2:207] Getting by regional bloc PA
2026-03-25 14:43:39,602 INFO  [eu.fayder.restcountries.v2.rest.CountryRestV2:207] Getting by regional bloc EU
2026-03-25 14:43:39,633 INFO  [eu.fayder.restcountries.v2.rest.CountryRestV2:207] Getting by regional bloc NAFTA
2026-03-25 14:43:39,665 INFO  [eu.fayder.restcountries.v2.rest.CountryRestV2:207] Getting by regional bloc AU
2026-03-25 14:43:39,696 INFO  [eu.fayder.restcountries.v2.rest.CountryRestV2:207] Getting by regional bloc ASEAN
2026-03-25 14:43:39,727 INFO  [eu.fayder.restcountries.v2.rest.CountryRestV2:207] Getting by regional bloc CARICOM
2026-03-25 14:43:39,736 INFO  [eu.fayder.restcountries.v2.rest.CountryRestV2:207] Getting by regional bloc PA
2026-03-25 14:43:39,745 INFO  [eu.fayder.restcountries.v2.rest.CountryRestV2:207] Getting by regional bloc CEFTA
2026-03-25 14:43:39,755 INFO  [eu.fayder.restcountries.v2.rest.CountryRestV2:207] Getting by regional bloc SAARC
2026-03-25 14:43:39,765 INFO  [eu.fayder.restcountries.v2.rest.CountryRestV2:207] Getting by regional bloc EFTA
2026-03-25 14:43:39,773 INFO  [eu.fayder.restcountries.v2.rest.CountryRestV2:207] Getting by regional bloc AL
2026-03-25 14:43:39,806 INFO  [eu.fayder.restcountries.v2.rest.CountryRestV2:207] Getting by regional bloc USAN
2026-03-25 14:43:39,817 INFO  [eu.fayder.restcountries.v2.rest.CountryRestV2:207] Getting by regional bloc PA
2026-03-25 14:43:39,837 INFO  [eu.fayder.restcountries.v2.rest.CountryRestV2:207] Getting by regional bloc EU
2026-03-25 14:43:39,868 INFO  [eu.fayder.restcountries.v2.rest.CountryRestV2:207] Getting by regional bloc NAFTA
2026-03-25 14:43:39,899 INFO  [eu.fayder.restcountries.v2.rest.CountryRestV2:207] Getting by regional bloc AU
2026-03-25 14:43:39,910 INFO  [eu.fayder.restcountries.v2.rest.CountryRestV2:207] Getting by regional bloc ASEAN
2026-03-25 14:43:39,945 INFO  [eu.fayder.restcountries.v2.rest.CountryRestV2:207] Getting by regional bloc CARICOM
2026-03-25 14:43:39,976 INFO  [eu.fayder.restcountries.v2.rest.CountryRestV2:207] Getting by regional bloc PA
2026-03-25 14:43:40,006 INFO  [eu.fayder.restcountries.v2.rest.CountryRestV2:207] Getting by regional bloc CEFTA
2026-03-25 14:43:40,037 INFO  [eu.fayder.restcountries.v2.rest.CountryRestV2:207] Getting by regional bloc SAARC
2026-03-25 14:43:40,050 INFO  [eu.fayder.restcountries.v2.rest.CountryRestV2:207] Getting by regional bloc EFTA
2026-03-25 14:49:39,016 INFO  [eu.fayder.restcountries.v1.rest.CountryRestV1:40] Getting all
2026-03-25 14:49:57,006 INFO  [eu.fayder.restcountries.v1.rest.CountryRestV1:61] Getting by list ***LLMGenerator***
2026-03-25 14:49:57,037 INFO  [eu.fayder.restcountries.v1.rest.CountryRestV1:61] Getting by list CZE
2026-03-25 14:49:57,053 INFO  [eu.fayder.restcountries.v1.rest.CountryRestV1:61] Getting by list UZ
2026-03-25 14:49:57,058 INFO  [eu.fayder.restcountries.v1.rest.CountryRestV1:61] Getting by list RE
2026-03-25 14:49:57,084 INFO  [eu.fayder.restcountries.v1.rest.CountryRestV1:61] Getting by list TUR
2026-03-25 14:49:57,100 INFO  [eu.fayder.restcountries.v1.rest.CountryRestV1:61] Getting by list ARE
2026-03-25 14:49:57,116 INFO  [eu.fayder.restcountries.v1.rest.CountryRestV1:61] Getting by list BVT
2026-03-25 14:49:57,131 INFO  [eu.fayder.restcountries.v1.rest.CountryRestV1:61] Getting by list UA
2026-03-25 14:49:57,146 INFO  [eu.fayder.restcountries.v1.rest.CountryRestV1:61] Getting by list HKG
2026-03-25 14:49:57,163 INFO  [eu.fayder.restcountries.v1.rest.CountryRestV1:61] Getting by list AU
2026-03-25 14:49:57,192 INFO  [eu.fayder.restcountries.v1.rest.CountryRestV1:61] Getting by list TR
2026-03-25 14:49:57,223 INFO  [eu.fayder.restcountries.v1.rest.CountryRestV1:61] Getting by list TV
2026-03-25 14:49:57,253 INFO  [eu.fayder.restcountries.v1.rest.CountryRestV1:61] Getting by list VA
2026-03-25 14:49:57,269 INFO  [eu.fayder.restcountries.v1.rest.CountryRestV1:61] Getting by list TV
2026-03-25 14:49:57,284 INFO  [eu.fayder.restcountries.v1.rest.CountryRestV1:61] Getting by list KI
2026-03-25 14:49:57,301 INFO  [eu.fayder.restcountries.v1.rest.CountryRestV1:61] Getting by list TT
2026-03-25 14:49:57,332 INFO  [eu.fayder.restcountries.v1.rest.CountryRestV1:61] Getting by list TCA
2026-03-25 14:49:57,363 INFO  [eu.fayder.restcountries.v1.rest.CountryRestV1:61] Getting by list MAF
2026-03-25 14:49:57,394 INFO  [eu.fayder.restcountries.v1.rest.CountryRestV1:61] Getting by list JPN
2026-03-25 14:49:57,400 INFO  [eu.fayder.restcountries.v1.rest.CountryRestV1:61] Getting by list TZ
2026-03-25 14:49:57,427 INFO  [eu.fayder.restcountries.v1.rest.CountryRestV1:61] Getting by list MT
2026-03-25 14:49:57,458 INFO  [eu.fayder.restcountries.v1.rest.CountryRestV1:61] Getting by list WLF
2026-03-25 14:49:57,489 INFO  [eu.fayder.restcountries.v1.rest.CountryRestV1:61] Getting by list BO
2026-03-25 14:49:57,521 INFO  [eu.fayder.restcountries.v1.rest.CountryRestV1:61] Getting by list GIB
2026-03-25 14:49:57,552 INFO  [eu.fayder.restcountries.v1.rest.CountryRestV1:61] Getting by list TM
2026-03-25 14:49:57,568 INFO  [eu.fayder.restcountries.v1.rest.CountryRestV1:61] Getting by list HKG
2026-03-25 14:49:57,599 INFO  [eu.fayder.restcountries.v1.rest.CountryRestV1:61] Getting by list TTO
2026-03-25 14:49:57,631 INFO  [eu.fayder.restcountries.v1.rest.CountryRestV1:61] Getting by list CUW
2026-03-25 14:49:57,662 INFO  [eu.fayder.restcountries.v1.rest.CountryRestV1:61] Getting by list DEU
2026-03-25 14:49:57,693 INFO  [eu.fayder.restcountries.v1.rest.CountryRestV1:61] Getting by list AU
2026-03-25 14:49:57,724 INFO  [eu.fayder.restcountries.v1.rest.CountryRestV1:61] Getting by list QA
2026-03-25 14:49:57,754 INFO  [eu.fayder.restcountries.v1.rest.CountryRestV1:61] Getting by list HMD
2026-03-25 14:49:57,785 INFO  [eu.fayder.restcountries.v1.rest.CountryRestV1:61] Getting by list SN
2026-03-25 14:49:57,816 INFO  [eu.fayder.restcountries.v1.rest.CountryRestV1:61] Getting by list DM
2026-03-25 14:49:57,824 INFO  [eu.fayder.restcountries.v1.rest.CountryRestV1:61] Getting by list RU
2026-03-25 14:49:57,848 INFO  [eu.fayder.restcountries.v1.rest.CountryRestV1:61] Getting by list UMI
2026-03-25 14:49:57,879 INFO  [eu.fayder.restcountries.v1.rest.CountryRestV1:61] Getting by list HND
2026-03-25 14:49:57,888 INFO  [eu.fayder.restcountries.v1.rest.CountryRestV1:61] Getting by list URY
2026-03-25 14:49:57,910 INFO  [eu.fayder.restcountries.v1.rest.CountryRestV1:61] Getting by list JEY
2026-03-25 14:49:57,941 INFO  [eu.fayder.restcountries.v1.rest.CountryRestV1:61] Getting by list KW
2026-03-25 14:49:57,950 INFO  [eu.fayder.restcountries.v1.rest.CountryRestV1:61] Getting by list BLM
2026-03-25 14:49:57,972 INFO  [eu.fayder.restcountries.v1.rest.CountryRestV1:61] Getting by list GNB
2026-03-25 14:49:57,981 INFO  [eu.fayder.restcountries.v1.rest.CountryRestV1:61] Getting by list JE
2026-03-25 14:49:57,990 INFO  [eu.fayder.restcountries.v1.rest.CountryRestV1:61] Getting by list UY
2026-03-25 14:49:58,019 INFO  [eu.fayder.restcountries.v1.rest.CountryRestV1:61] Getting by list UMI
2026-03-25 14:49:58,050 INFO  [eu.fayder.restcountries.v1.rest.CountryRestV1:61] Getting by list CK
2026-03-25 14:49:58,082 INFO  [eu.fayder.restcountries.v1.rest.CountryRestV1:61] Getting by list SXM
2026-03-25 14:49:58,113 INFO  [eu.fayder.restcountries.v1.rest.CountryRestV1:61] Getting by list NA
2026-03-25 14:49:58,145 INFO  [eu.fayder.restcountries.v1.rest.CountryRestV1:61] Getting by list UM
2026-03-25 14:49:58,176 INFO  [eu.fayder.restcountries.v1.rest.CountryRestV1:61] Getting by list CH
2026-03-25 14:50:26,835 INFO  [eu.fayder.restcountries.v2.rest.CountryRestV2:35] Getting all
2026-03-25 14:50:26,866 INFO  [eu.fayder.restcountries.v2.rest.CountryRestV2:35] Getting all
2026-03-25 14:50:26,878 INFO  [eu.fayder.restcountries.v2.rest.CountryRestV2:35] Getting all
2026-03-25 14:50:26,912 INFO  [eu.fayder.restcountries.v2.rest.CountryRestV2:35] Getting all
2026-03-25 14:50:26,943 INFO  [eu.fayder.restcountries.v2.rest.CountryRestV2:35] Getting all
2026-03-25 14:50:26,975 INFO  [eu.fayder.restcountries.v2.rest.CountryRestV2:35] Getting all
2026-03-25 14:50:26,990 INFO  [eu.fayder.restcountries.v2.rest.CountryRestV2:35] Getting all
2026-03-25 14:50:27,022 INFO  [eu.fayder.restcountries.v2.rest.CountryRestV2:35] Getting all
2026-03-25 14:50:27,068 INFO  [eu.fayder.restcountries.v2.rest.CountryRestV2:35] Getting all
2026-03-25 14:50:27,113 INFO  [eu.fayder.restcountries.v2.rest.CountryRestV2:35] Getting all
2026-03-25 14:50:27,160 INFO  [eu.fayder.restcountries.v2.rest.CountryRestV2:35] Getting all
2026-03-25 14:50:27,207 INFO  [eu.fayder.restcountries.v2.rest.CountryRestV2:35] Getting all
2026-03-25 14:50:27,239 INFO  [eu.fayder.restcountries.v2.rest.CountryRestV2:35] Getting all
2026-03-25 14:50:27,285 INFO  [eu.fayder.restcountries.v2.rest.CountryRestV2:35] Getting all
2026-03-25 14:50:27,311 INFO  [eu.fayder.restcountries.v2.rest.CountryRestV2:35] Getting all
2026-03-25 14:50:27,336 INFO  [eu.fayder.restcountries.v2.rest.CountryRestV2:35] Getting all
2026-03-25 14:50:27,377 INFO  [eu.fayder.restcountries.v2.rest.CountryRestV2:35] Getting all
2026-03-25 14:50:27,407 INFO  [eu.fayder.restcountries.v2.rest.CountryRestV2:35] Getting all
2026-03-25 14:50:27,435 INFO  [eu.fayder.restcountries.v2.rest.CountryRestV2:35] Getting all
2026-03-25 14:50:27,487 INFO  [eu.fayder.restcountries.v2.rest.CountryRestV2:35] Getting all
2026-03-25 14:50:27,534 INFO  [eu.fayder.restcountries.v2.rest.CountryRestV2:35] Getting all
2026-03-25 14:50:27,565 INFO  [eu.fayder.restcountries.v2.rest.CountryRestV2:35] Getting all
2026-03-25 14:50:27,611 INFO  [eu.fayder.restcountries.v2.rest.CountryRestV2:35] Getting all
2026-03-25 14:50:27,658 INFO  [eu.fayder.restcountries.v2.rest.CountryRestV2:35] Getting all
2026-03-25 14:50:27,689 INFO  [eu.fayder.restcountries.v2.rest.CountryRestV2:35] Getting all
2026-03-25 14:50:27,736 INFO  [eu.fayder.restcountries.v2.rest.CountryRestV2:35] Getting all
2026-03-25 14:50:27,783 INFO  [eu.fayder.restcountries.v2.rest.CountryRestV2:35] Getting all
2026-03-25 14:50:27,830 INFO  [eu.fayder.restcountries.v2.rest.CountryRestV2:35] Getting all
2026-03-25 14:50:27,876 INFO  [eu.fayder.restcountries.v2.rest.CountryRestV2:35] Getting all
2026-03-25 14:50:27,922 INFO  [eu.fayder.restcountries.v2.rest.CountryRestV2:35] Getting all
2026-03-25 14:50:27,959 INFO  [eu.fayder.restcountries.v2.rest.CountryRestV2:35] Getting all
2026-03-25 14:50:28,016 INFO  [eu.fayder.restcountries.v2.rest.CountryRestV2:35] Getting all
2026-03-25 14:50:28,078 INFO  [eu.fayder.restcountries.v2.rest.CountryRestV2:35] Getting all
2026-03-25 14:50:28,125 INFO  [eu.fayder.restcountries.v2.rest.CountryRestV2:35] Getting all
2026-03-25 14:50:28,187 INFO  [eu.fayder.restcountries.v2.rest.CountryRestV2:35] Getting all
2026-03-25 14:50:28,249 INFO  [eu.fayder.restcountries.v2.rest.CountryRestV2:35] Getting all
2026-03-25 14:50:28,314 INFO  [eu.fayder.restcountries.v2.rest.CountryRestV2:35] Getting all
2026-03-25 14:50:28,376 INFO  [eu.fayder.restcountries.v2.rest.CountryRestV2:35] Getting all
2026-03-25 14:50:28,437 INFO  [eu.fayder.restcountries.v2.rest.CountryRestV2:35] Getting all
2026-03-25 14:50:28,500 INFO  [eu.fayder.restcountries.v2.rest.CountryRestV2:35] Getting all
2026-03-25 14:50:28,561 INFO  [eu.fayder.restcountries.v2.rest.CountryRestV2:35] Getting all
2026-03-25 14:50:28,624 INFO  [eu.fayder.restcountries.v2.rest.CountryRestV2:35] Getting all
2026-03-25 14:50:28,686 INFO  [eu.fayder.restcountries.v2.rest.CountryRestV2:35] Getting all
2026-03-25 14:50:28,748 INFO  [eu.fayder.restcountries.v2.rest.CountryRestV2:35] Getting all
2026-03-25 14:50:28,809 INFO  [eu.fayder.restcountries.v2.rest.CountryRestV2:35] Getting all
2026-03-25 14:50:28,872 INFO  [eu.fayder.restcountries.v2.rest.CountryRestV2:35] Getting all
2026-03-25 14:50:28,934 INFO  [eu.fayder.restcountries.v2.rest.CountryRestV2:35] Getting all
2026-03-25 14:50:28,997 INFO  [eu.fayder.restcountries.v2.rest.CountryRestV2:35] Getting all
2026-03-25 14:50:29,075 INFO  [eu.fayder.restcountries.v2.rest.CountryRestV2:35] Getting all
2026-03-25 14:50:29,139 INFO  [eu.fayder.restcountries.v2.rest.CountryRestV2:35] Getting all
2026-03-25 14:50:55,617 INFO  [eu.fayder.restcountries.v2.rest.CountryRestV2:57] Getting by list 246
2026-03-25 14:50:55,617 ERROR [eu.fayder.restcountries.v2.rest.CountryRestV2:68] 
java.lang.ClassCastException
2026-03-25 14:50:55,622 INFO  [eu.fayder.restcountries.v2.rest.CountryRestV2:57] Getting by list ***LLMGenerator***
2026-03-25 14:50:55,648 INFO  [eu.fayder.restcountries.v2.rest.CountryRestV2:57] Getting by list ***LLMGenerator***
2026-03-25 14:50:55,653 INFO  [eu.fayder.restcountries.v2.rest.CountryRestV2:57] Getting by list ***LLMGenerator***
2026-03-25 14:50:55,679 INFO  [eu.fayder.restcountries.v2.rest.CountryRestV2:57] Getting by list ZWE
2026-03-25 14:50:55,694 INFO  [eu.fayder.restcountries.v2.rest.CountryRestV2:57] Getting by list SDN
2026-03-25 14:50:55,710 INFO  [eu.fayder.restcountries.v2.rest.CountryRestV2:57] Getting by list US
2026-03-25 14:50:55,715 INFO  [eu.fayder.restcountries.v2.rest.CountryRestV2:57] Getting by list CW
2026-03-25 14:50:55,741 INFO  [eu.fayder.restcountries.v2.rest.CountryRestV2:57] Getting by list ZW
2026-03-25 14:50:55,756 INFO  [eu.fayder.restcountries.v2.rest.CountryRestV2:57] Getting by list EGY
2026-03-25 14:50:55,772 INFO  [eu.fayder.restcountries.v2.rest.CountryRestV2:57] Getting by list ZW
2026-03-25 14:50:55,788 INFO  [eu.fayder.restcountries.v2.rest.CountryRestV2:57] Getting by list 716
2026-03-25 14:50:55,803 INFO  [eu.fayder.restcountries.v2.rest.CountryRestV2:57] Getting by list 652
2026-03-25 14:50:55,834 INFO  [eu.fayder.restcountries.v2.rest.CountryRestV2:57] Getting by list ZAF
2026-03-25 14:50:55,849 INFO  [eu.fayder.restcountries.v2.rest.CountryRestV2:57] Getting by list 752
2026-03-25 14:50:55,865 INFO  [eu.fayder.restcountries.v2.rest.CountryRestV2:57] Getting by list IQ
2026-03-25 14:50:55,881 INFO  [eu.fayder.restcountries.v2.rest.CountryRestV2:57] Getting by list 368
2026-03-25 14:50:55,897 INFO  [eu.fayder.restcountries.v2.rest.CountryRestV2:57] Getting by list 752
2026-03-25 14:50:55,897 ERROR [eu.fayder.restcountries.v2.rest.CountryRestV2:68] 
java.lang.ClassCastException
2026-03-25 14:50:55,904 INFO  [eu.fayder.restcountries.v2.rest.CountryRestV2:57] Getting by list 652
2026-03-25 14:50:55,905 ERROR [eu.fayder.restcountries.v2.rest.CountryRestV2:68] 
java.lang.ClassCastException
2026-03-25 14:50:55,911 INFO  [eu.fayder.restcountries.v2.rest.CountryRestV2:57] Getting by list IRQ
2026-03-25 14:50:55,927 INFO  [eu.fayder.restcountries.v2.rest.CountryRestV2:57] Getting by list PW
2026-03-25 14:50:55,958 INFO  [eu.fayder.restcountries.v2.rest.CountryRestV2:57] Getting by list IRQ
2026-03-25 14:50:55,964 INFO  [eu.fayder.restcountries.v2.rest.CountryRestV2:57] Getting by list 398
2026-03-25 14:50:55,965 ERROR [eu.fayder.restcountries.v2.rest.CountryRestV2:68] 
java.lang.ClassCastException
2026-03-25 14:50:55,989 INFO  [eu.fayder.restcountries.v2.rest.CountryRestV2:57] Getting by list EGY
2026-03-25 14:50:56,020 INFO  [eu.fayder.restcountries.v2.rest.CountryRestV2:57] Getting by list 854
2026-03-25 14:50:56,021 ERROR [eu.fayder.restcountries.v2.rest.CountryRestV2:68] 
java.lang.ClassCastException
2026-03-25 14:50:56,052 INFO  [eu.fayder.restcountries.v2.rest.CountryRestV2:57] Getting by list CIV
2026-03-25 14:50:56,060 INFO  [eu.fayder.restcountries.v2.rest.CountryRestV2:57] Getting by list SE
2026-03-25 14:50:56,083 INFO  [eu.fayder.restcountries.v2.rest.CountryRestV2:57] Getting by list SAU
2026-03-25 14:50:56,114 INFO  [eu.fayder.restcountries.v2.rest.CountryRestV2:57] Getting by list LV
2026-03-25 14:50:56,146 INFO  [eu.fayder.restcountries.v2.rest.CountryRestV2:57] Getting by list 752
2026-03-25 14:50:56,147 ERROR [eu.fayder.restcountries.v2.rest.CountryRestV2:68] 
java.lang.ClassCastException
2026-03-25 14:50:56,177 INFO  [eu.fayder.restcountries.v2.rest.CountryRestV2:57] Getting by list 585
2026-03-25 14:50:56,208 INFO  [eu.fayder.restcountries.v2.rest.CountryRestV2:57] Getting by list 531
2026-03-25 14:50:56,209 ERROR [eu.fayder.restcountries.v2.rest.CountryRestV2:68] 
java.lang.ClassCastException
2026-03-25 14:50:56,239 INFO  [eu.fayder.restcountries.v2.rest.CountryRestV2:57] Getting by list ST
2026-03-25 14:50:56,272 INFO  [eu.fayder.restcountries.v2.rest.CountryRestV2:57] Getting by list IRQ
2026-03-25 14:50:56,302 INFO  [eu.fayder.restcountries.v2.rest.CountryRestV2:57] Getting by list PT
2026-03-25 14:50:56,333 INFO  [eu.fayder.restcountries.v2.rest.CountryRestV2:57] Getting by list IND
2026-03-25 14:50:56,341 INFO  [eu.fayder.restcountries.v2.rest.CountryRestV2:57] Getting by list MT
2026-03-25 14:50:56,364 INFO  [eu.fayder.restcountries.v2.rest.CountryRestV2:57] Getting by list ST
2026-03-25 14:50:56,395 INFO  [eu.fayder.restcountries.v2.rest.CountryRestV2:57] Getting by list 752
2026-03-25 14:50:56,426 INFO  [eu.fayder.restcountries.v2.rest.CountryRestV2:57] Getting by list USA
2026-03-25 14:50:56,436 INFO  [eu.fayder.restcountries.v2.rest.CountryRestV2:57] Getting by list 729
2026-03-25 14:50:56,436 ERROR [eu.fayder.restcountries.v2.rest.CountryRestV2:68] 
java.lang.ClassCastException
2026-03-25 14:50:56,458 INFO  [eu.fayder.restcountries.v2.rest.CountryRestV2:57] Getting by list JOR
2026-03-25 14:50:56,488 INFO  [eu.fayder.restcountries.v2.rest.CountryRestV2:57] Getting by list ZAF
2026-03-25 14:50:56,520 INFO  [eu.fayder.restcountries.v2.rest.CountryRestV2:57] Getting by list 036
2026-03-25 14:50:56,551 INFO  [eu.fayder.restcountries.v2.rest.CountryRestV2:57] Getting by list 368
2026-03-25 14:50:56,551 ERROR [eu.fayder.restcountries.v2.rest.CountryRestV2:68] 
java.lang.ClassCastException
2026-03-25 14:50:56,582 INFO  [eu.fayder.restcountries.v2.rest.CountryRestV2:57] Getting by list 540
2026-03-25 14:50:56,629 INFO  [eu.fayder.restcountries.v2.rest.CountryRestV2:57] Getting by list 400
2026-03-25 14:50:56,629 ERROR [eu.fayder.restcountries.v2.rest.CountryRestV2:68] 
java.lang.ClassCastException
2026-03-25 14:50:56,643 INFO  [eu.fayder.restcountries.v2.rest.CountryRestV2:57] Getting by list AUS
2026-03-25 14:50:56,656 INFO  [eu.fayder.restcountries.v2.rest.CountryRestV2:57] Getting by list CUW
2026-03-25 14:50:56,668 INFO  [eu.fayder.restcountries.v2.rest.CountryRestV2:57] Getting by list SC
2026-03-25 14:51:14,467 INFO  [eu.fayder.restcountries.v1.rest.CountryRestV1:47] Getting by alpha ***LLMGenerator***
2026-03-25 14:51:14,488 INFO  [eu.fayder.restcountries.v1.rest.CountryRestV1:47] Getting by alpha ***LLMGenerator***
2026-03-25 14:51:14,504 INFO  [eu.fayder.restcountries.v1.rest.CountryRestV1:47] Getting by alpha ***LLMGenerator***
2026-03-25 14:51:14,520 INFO  [eu.fayder.restcountries.v1.rest.CountryRestV1:47] Getting by alpha ***LLMGenerator***
2026-03-25 14:51:14,551 INFO  [eu.fayder.restcountries.v1.rest.CountryRestV1:47] Getting by alpha ***LLMGenerator***
2026-03-25 14:51:14,559 INFO  [eu.fayder.restcountries.v1.rest.CountryRestV1:47] Getting by alpha LR
2026-03-25 14:51:14,581 INFO  [eu.fayder.restcountries.v1.rest.CountryRestV1:47] Getting by alpha PK
2026-03-25 14:51:14,597 INFO  [eu.fayder.restcountries.v1.rest.CountryRestV1:47] Getting by alpha PLW
2026-03-25 14:51:14,612 INFO  [eu.fayder.restcountries.v1.rest.CountryRestV1:47] Getting by alpha NRU
2026-03-25 14:51:14,643 INFO  [eu.fayder.restcountries.v1.rest.CountryRestV1:47] Getting by alpha IT
2026-03-25 14:51:14,658 INFO  [eu.fayder.restcountries.v1.rest.CountryRestV1:47] Getting by alpha CL
2026-03-25 14:51:14,675 INFO  [eu.fayder.restcountries.v1.rest.CountryRestV1:47] Getting by alpha AT
2026-03-25 14:51:14,705 INFO  [eu.fayder.restcountries.v1.rest.CountryRestV1:47] Getting by alpha JPN
2026-03-25 14:51:14,721 INFO  [eu.fayder.restcountries.v1.rest.CountryRestV1:47] Getting by alpha NP
2026-03-25 14:51:14,752 INFO  [eu.fayder.restcountries.v1.rest.CountryRestV1:47] Getting by alpha EG
2026-03-25 14:51:14,783 INFO  [eu.fayder.restcountries.v1.rest.CountryRestV1:47] Getting by alpha SE
2026-03-25 14:51:14,814 INFO  [eu.fayder.restcountries.v1.rest.CountryRestV1:47] Getting by alpha JOR
2026-03-25 14:51:14,820 INFO  [eu.fayder.restcountries.v1.rest.CountryRestV1:47] Getting by alpha JPN
2026-03-25 14:51:14,845 INFO  [eu.fayder.restcountries.v1.rest.CountryRestV1:47] Getting by alpha US
2026-03-25 14:51:14,861 INFO  [eu.fayder.restcountries.v1.rest.CountryRestV1:47] Getting by alpha COL
2026-03-25 14:51:14,892 INFO  [eu.fayder.restcountries.v1.rest.CountryRestV1:47] Getting by alpha MYS
2026-03-25 14:51:14,924 INFO  [eu.fayder.restcountries.v1.rest.CountryRestV1:47] Getting by alpha TH
2026-03-25 14:51:14,955 INFO  [eu.fayder.restcountries.v1.rest.CountryRestV1:47] Getting by alpha CL
2026-03-25 14:51:14,986 INFO  [eu.fayder.restcountries.v1.rest.CountryRestV1:47] Getting by alpha BR
2026-03-25 14:51:15,018 INFO  [eu.fayder.restcountries.v1.rest.CountryRestV1:47] Getting by alpha RO
2026-03-25 14:51:15,048 INFO  [eu.fayder.restcountries.v1.rest.CountryRestV1:47] Getting by alpha FI
2026-03-25 14:51:15,079 INFO  [eu.fayder.restcountries.v1.rest.CountryRestV1:47] Getting by alpha CY
2026-03-25 14:51:15,111 INFO  [eu.fayder.restcountries.v1.rest.CountryRestV1:47] Getting by alpha MUS
2026-03-25 14:51:15,142 INFO  [eu.fayder.restcountries.v1.rest.CountryRestV1:47] Getting by alpha EG
2026-03-25 14:51:15,173 INFO  [eu.fayder.restcountries.v1.rest.CountryRestV1:47] Getting by alpha BLM
2026-03-25 14:51:15,180 INFO  [eu.fayder.restcountries.v1.rest.CountryRestV1:47] Getting by alpha SXM
2026-03-25 14:51:15,204 INFO  [eu.fayder.restcountries.v1.rest.CountryRestV1:47] Getting by alpha UMI
2026-03-25 14:51:15,236 INFO  [eu.fayder.restcountries.v1.rest.CountryRestV1:47] Getting by alpha ZW
2026-03-25 14:51:15,246 INFO  [eu.fayder.restcountries.v1.rest.CountryRestV1:47] Getting by alpha IN
2026-03-25 14:51:15,257 INFO  [eu.fayder.restcountries.v1.rest.CountryRestV1:47] Getting by alpha IN
2026-03-25 14:51:15,282 INFO  [eu.fayder.restcountries.v1.rest.CountryRestV1:47] Getting by alpha BZ
2026-03-25 14:51:15,290 INFO  [eu.fayder.restcountries.v1.rest.CountryRestV1:47] Getting by alpha SE
2026-03-25 14:51:15,313 INFO  [eu.fayder.restcountries.v1.rest.CountryRestV1:47] Getting by alpha RE
2026-03-25 14:51:15,320 INFO  [eu.fayder.restcountries.v1.rest.CountryRestV1:47] Getting by alpha SI
2026-03-25 14:51:15,344 INFO  [eu.fayder.restcountries.v1.rest.CountryRestV1:47] Getting by alpha PM
2026-03-25 14:51:15,375 INFO  [eu.fayder.restcountries.v1.rest.CountryRestV1:47] Getting by alpha MD
2026-03-25 14:51:15,407 INFO  [eu.fayder.restcountries.v1.rest.CountryRestV1:47] Getting by alpha VGB
2026-03-25 14:51:15,438 INFO  [eu.fayder.restcountries.v1.rest.CountryRestV1:47] Getting by alpha ML
2026-03-25 14:51:15,468 INFO  [eu.fayder.restcountries.v1.rest.CountryRestV1:47] Getting by alpha JP
2026-03-25 14:51:15,501 INFO  [eu.fayder.restcountries.v1.rest.CountryRestV1:47] Getting by alpha CH
2026-03-25 14:51:15,533 INFO  [eu.fayder.restcountries.v1.rest.CountryRestV1:47] Getting by alpha IRQ
2026-03-25 14:51:15,563 INFO  [eu.fayder.restcountries.v1.rest.CountryRestV1:47] Getting by alpha SWZ
2026-03-25 14:51:15,595 INFO  [eu.fayder.restcountries.v1.rest.CountryRestV1:47] Getting by alpha VEN
2026-03-25 14:51:15,626 INFO  [eu.fayder.restcountries.v1.rest.CountryRestV1:47] Getting by alpha COD
2026-03-25 14:51:15,657 INFO  [eu.fayder.restcountries.v1.rest.CountryRestV1:47] Getting by alpha TTO
2026-03-25 14:51:44,157 INFO  [eu.fayder.restcountries.v1.rest.CountryRestV1:80] Getting by currency ***LLMGenerator***
2026-03-25 14:51:44,163 INFO  [eu.fayder.restcountries.v1.rest.CountryRestV1:80] Getting by currency ***LLMGenerator***
2026-03-25 14:51:44,179 INFO  [eu.fayder.restcountries.v1.rest.CountryRestV1:80] Getting by currency ***LLMGenerator***
2026-03-25 14:51:44,194 INFO  [eu.fayder.restcountries.v1.rest.CountryRestV1:80] Getting by currency USD
2026-03-25 14:51:44,224 INFO  [eu.fayder.restcountries.v1.rest.CountryRestV1:80] Getting by currency EUR
2026-03-25 14:51:44,240 INFO  [eu.fayder.restcountries.v1.rest.CountryRestV1:80] Getting by currency JPY
2026-03-25 14:51:44,255 INFO  [eu.fayder.restcountries.v1.rest.CountryRestV1:80] Getting by currency GBP
2026-03-25 14:51:44,270 INFO  [eu.fayder.restcountries.v1.rest.CountryRestV1:80] Getting by currency AUD
2026-03-25 14:51:44,286 INFO  [eu.fayder.restcountries.v1.rest.CountryRestV1:80] Getting by currency CAD
2026-03-25 14:51:44,302 INFO  [eu.fayder.restcountries.v1.rest.CountryRestV1:80] Getting by currency CHF
2026-03-25 14:51:44,332 INFO  [eu.fayder.restcountries.v1.rest.CountryRestV1:80] Getting by currency CNY
2026-03-25 14:51:44,339 INFO  [eu.fayder.restcountries.v1.rest.CountryRestV1:80] Getting by currency SEK
2026-03-25 14:51:44,344 INFO  [eu.fayder.restcountries.v1.rest.CountryRestV1:80] Getting by currency NZD
2026-03-25 14:51:44,364 INFO  [eu.fayder.restcountries.v1.rest.CountryRestV1:80] Getting by currency MXN
2026-03-25 14:51:44,370 INFO  [eu.fayder.restcountries.v1.rest.CountryRestV1:80] Getting by currency SGD
2026-03-25 14:51:44,395 INFO  [eu.fayder.restcountries.v1.rest.CountryRestV1:80] Getting by currency HKD
2026-03-25 14:51:44,426 INFO  [eu.fayder.restcountries.v1.rest.CountryRestV1:80] Getting by currency NOK
2026-03-25 14:51:44,457 INFO  [eu.fayder.restcountries.v1.rest.CountryRestV1:80] Getting by currency KRW
2026-03-25 14:51:44,487 INFO  [eu.fayder.restcountries.v1.rest.CountryRestV1:80] Getting by currency TRY
2026-03-25 14:51:44,518 INFO  [eu.fayder.restcountries.v1.rest.CountryRestV1:80] Getting by currency RUB
2026-03-25 14:51:44,548 INFO  [eu.fayder.restcountries.v1.rest.CountryRestV1:80] Getting by currency INR
2026-03-25 14:51:44,579 INFO  [eu.fayder.restcountries.v1.rest.CountryRestV1:80] Getting by currency BRL
2026-03-25 14:51:44,610 INFO  [eu.fayder.restcountries.v1.rest.CountryRestV1:80] Getting by currency ZAR
2026-03-25 14:51:44,641 INFO  [eu.fayder.restcountries.v1.rest.CountryRestV1:80] Getting by currency DKK
2026-03-25 14:51:44,672 INFO  [eu.fayder.restcountries.v1.rest.CountryRestV1:80] Getting by currency PLN
2026-03-25 14:51:44,703 INFO  [eu.fayder.restcountries.v1.rest.CountryRestV1:80] Getting by currency TWD
2026-03-25 14:51:44,713 INFO  [eu.fayder.restcountries.v1.rest.CountryRestV1:80] Getting by currency THB
2026-03-25 14:51:44,734 INFO  [eu.fayder.restcountries.v1.rest.CountryRestV1:80] Getting by currency MYR
2026-03-25 14:51:44,765 INFO  [eu.fayder.restcountries.v1.rest.CountryRestV1:80] Getting by currency IDR
2026-03-25 14:51:44,795 INFO  [eu.fayder.restcountries.v1.rest.CountryRestV1:80] Getting by currency CZK
2026-03-25 14:51:44,802 INFO  [eu.fayder.restcountries.v1.rest.CountryRestV1:80] Getting by currency HUF
2026-03-25 14:51:44,826 INFO  [eu.fayder.restcountries.v1.rest.CountryRestV1:80] Getting by currency ILS
2026-03-25 14:51:44,835 INFO  [eu.fayder.restcountries.v1.rest.CountryRestV1:80] Getting by currency PHP
2026-03-25 14:51:44,858 INFO  [eu.fayder.restcountries.v1.rest.CountryRestV1:80] Getting by currency AED
2026-03-25 14:51:44,888 INFO  [eu.fayder.restcountries.v1.rest.CountryRestV1:80] Getting by currency COP
2026-03-25 14:51:44,919 INFO  [eu.fayder.restcountries.v1.rest.CountryRestV1:80] Getting by currency SAR
2026-03-25 14:51:44,950 INFO  [eu.fayder.restcountries.v1.rest.CountryRestV1:80] Getting by currency CLP
2026-03-25 14:51:44,961 INFO  [eu.fayder.restcountries.v1.rest.CountryRestV1:80] Getting by currency PEN
2026-03-25 14:51:44,996 INFO  [eu.fayder.restcountries.v1.rest.CountryRestV1:80] Getting by currency VND
2026-03-25 14:51:45,026 INFO  [eu.fayder.restcountries.v1.rest.CountryRestV1:80] Getting by currency EGP
2026-03-25 14:51:45,057 INFO  [eu.fayder.restcountries.v1.rest.CountryRestV1:80] Getting by currency NGN
2026-03-25 14:51:45,088 INFO  [eu.fayder.restcountries.v1.rest.CountryRestV1:80] Getting by currency BDT
2026-03-25 14:51:45,097 INFO  [eu.fayder.restcountries.v1.rest.CountryRestV1:80] Getting by currency PKR
2026-03-25 14:51:45,119 INFO  [eu.fayder.restcountries.v1.rest.CountryRestV1:80] Getting by currency UAH
2026-03-25 14:51:45,151 INFO  [eu.fayder.restcountries.v1.rest.CountryRestV1:80] Getting by currency KWD
2026-03-25 14:51:45,182 INFO  [eu.fayder.restcountries.v1.rest.CountryRestV1:80] Getting by currency QAR
2026-03-25 14:51:45,213 INFO  [eu.fayder.restcountries.v1.rest.CountryRestV1:80] Getting by currency OMR
2026-03-25 14:52:28,000 INFO  [eu.fayder.restcountries.v1.rest.CountryRestV1:99] Getting by name ***LLMGenerator***
2026-03-25 14:52:28,032 INFO  [eu.fayder.restcountries.v1.rest.CountryRestV1:99] Getting by name ***LLMGenerator***
2026-03-25 14:52:28,062 INFO  [eu.fayder.restcountries.v1.rest.CountryRestV1:99] Getting by name British Indian Ocean Territory
2026-03-25 14:52:28,069 INFO  [eu.fayder.restcountries.v1.rest.CountryRestV1:99] Getting by name South Sudan
2026-03-25 14:52:28,076 INFO  [eu.fayder.restcountries.v1.rest.CountryRestV1:99] Getting by name Qatar
2026-03-25 14:52:28,092 INFO  [eu.fayder.restcountries.v1.rest.CountryRestV1:99] Getting by name South Africa
2026-03-25 14:52:28,100 INFO  [eu.fayder.restcountries.v1.rest.CountryRestV1:99] Getting by name Norway
2026-03-25 14:52:28,124 INFO  [eu.fayder.restcountries.v1.rest.CountryRestV1:99] Getting by name United States of America
2026-03-25 14:52:28,133 INFO  [eu.fayder.restcountries.v1.rest.CountryRestV1:99] Getting by name United States
2026-03-25 14:52:28,155 INFO  [eu.fayder.restcountries.v1.rest.CountryRestV1:99] Getting by name Jersey
2026-03-25 14:52:28,186 INFO  [eu.fayder.restcountries.v1.rest.CountryRestV1:99] Getting by name Finland
2026-03-25 14:52:28,217 INFO  [eu.fayder.restcountries.v1.rest.CountryRestV1:99] Getting by name Palau
2026-03-25 14:52:28,248 INFO  [eu.fayder.restcountries.v1.rest.CountryRestV1:99] Getting by name Christmas Island
2026-03-25 14:52:28,279 INFO  [eu.fayder.restcountries.v1.rest.CountryRestV1:99] Getting by name Guyana
2026-03-25 14:52:28,310 INFO  [eu.fayder.restcountries.v1.rest.CountryRestV1:99] Getting by name Kyrgyzstan
2026-03-25 14:52:28,317 INFO  [eu.fayder.restcountries.v1.rest.CountryRestV1:99] Getting by name Uzbekistan
2026-03-25 14:52:28,341 INFO  [eu.fayder.restcountries.v1.rest.CountryRestV1:99] Getting by name South Sudan
2026-03-25 14:52:28,372 INFO  [eu.fayder.restcountries.v1.rest.CountryRestV1:99] Getting by name United States Minor Outlying Islands
2026-03-25 14:52:28,381 INFO  [eu.fayder.restcountries.v1.rest.CountryRestV1:99] Getting by name Zimbabwe
2026-03-25 14:52:28,404 INFO  [eu.fayder.restcountries.v1.rest.CountryRestV1:99] Getting by name South Africa
2026-03-25 14:52:28,436 INFO  [eu.fayder.restcountries.v1.rest.CountryRestV1:99] Getting by name Philippines
2026-03-25 14:52:28,468 INFO  [eu.fayder.restcountries.v1.rest.CountryRestV1:99] Getting by name Panama
2026-03-25 14:52:28,498 INFO  [eu.fayder.restcountries.v1.rest.CountryRestV1:99] Getting by name South Africa
2026-03-25 14:52:28,529 INFO  [eu.fayder.restcountries.v1.rest.CountryRestV1:99] Getting by name United States Minor Outlying Islands
2026-03-25 14:52:28,560 INFO  [eu.fayder.restcountries.v1.rest.CountryRestV1:99] Getting by name Luxembourg
2026-03-25 14:52:28,591 INFO  [eu.fayder.restcountries.v1.rest.CountryRestV1:99] Getting by name Bhutan
2026-03-25 14:52:28,623 INFO  [eu.fayder.restcountries.v1.rest.CountryRestV1:99] Getting by name United States
2026-03-25 14:52:28,633 INFO  [eu.fayder.restcountries.v1.rest.CountryRestV1:99] Getting by name Wallis and Futuna
2026-03-25 14:52:28,654 INFO  [eu.fayder.restcountries.v1.rest.CountryRestV1:99] Getting by name Colombia
2026-03-25 14:52:28,686 INFO  [eu.fayder.restcountries.v1.rest.CountryRestV1:99] Getting by name Namibia
2026-03-25 14:52:28,717 INFO  [eu.fayder.restcountries.v1.rest.CountryRestV1:99] Getting by name Luxembourg
2026-03-25 14:52:28,747 INFO  [eu.fayder.restcountries.v1.rest.CountryRestV1:99] Getting by name United States Minor Outlying Islands
2026-03-25 14:52:28,779 INFO  [eu.fayder.restcountries.v1.rest.CountryRestV1:99] Getting by name United States
2026-03-25 14:52:28,810 INFO  [eu.fayder.restcountries.v1.rest.CountryRestV1:99] Getting by name Sweden
2026-03-25 14:52:28,842 INFO  [eu.fayder.restcountries.v1.rest.CountryRestV1:99] Getting by name Wallis and Futuna
2026-03-25 14:52:28,853 INFO  [eu.fayder.restcountries.v1.rest.CountryRestV1:99] Getting by name United States
2026-03-25 14:52:28,873 INFO  [eu.fayder.restcountries.v1.rest.CountryRestV1:99] Getting by name Christmas Island
2026-03-25 14:52:28,904 INFO  [eu.fayder.restcountries.v1.rest.CountryRestV1:99] Getting by name Philippines
2026-03-25 14:52:28,935 INFO  [eu.fayder.restcountries.v1.rest.CountryRestV1:99] Getting by name Guyana
2026-03-25 14:52:28,966 INFO  [eu.fayder.restcountries.v1.rest.CountryRestV1:99] Getting by name British Indian Ocean Territory
2026-03-25 14:52:28,997 INFO  [eu.fayder.restcountries.v1.rest.CountryRestV1:99] Getting by name Turkmenistan
2026-03-25 14:52:29,008 INFO  [eu.fayder.restcountries.v1.rest.CountryRestV1:99] Getting by name Saint Barthélemy
2026-03-25 14:52:29,020 INFO  [eu.fayder.restcountries.v1.rest.CountryRestV1:99] Getting by name Saint Barthélemy
2026-03-25 14:52:29,042 INFO  [eu.fayder.restcountries.v1.rest.CountryRestV1:99] Getting by name Norway
2026-03-25 14:52:29,074 INFO  [eu.fayder.restcountries.v1.rest.CountryRestV1:99] Getting by name Guinea-Bissau
2026-03-25 14:52:29,105 INFO  [eu.fayder.restcountries.v1.rest.CountryRestV1:99] Getting by name United States
2026-03-25 14:52:29,136 INFO  [eu.fayder.restcountries.v1.rest.CountryRestV1:99] Getting by name Bulgaria
2026-03-25 14:52:29,167 INFO  [eu.fayder.restcountries.v1.rest.CountryRestV1:99] Getting by name São Tomé and Príncipe
2026-03-25 14:52:29,200 INFO  [eu.fayder.restcountries.v1.rest.CountryRestV1:99] Getting by name Christmas Island
2026-03-25 14:52:29,230 INFO  [eu.fayder.restcountries.v1.rest.CountryRestV1:99] Getting by name Sudan
2026-03-25 14:52:53,498 INFO  [eu.fayder.restcountries.v1.rest.CountryRestV1:115] Getting by calling code 962
2026-03-25 14:52:53,516 INFO  [eu.fayder.restcountries.v1.rest.CountryRestV1:115] Getting by calling code 1
2026-03-25 14:52:53,531 INFO  [eu.fayder.restcountries.v1.rest.CountryRestV1:115] Getting by calling code 1
2026-03-25 14:52:53,561 INFO  [eu.fayder.restcountries.v1.rest.CountryRestV1:115] Getting by calling code 1
2026-03-25 14:52:53,592 INFO  [eu.fayder.restcountries.v1.rest.CountryRestV1:115] Getting by calling code 236
2026-03-25 14:52:53,608 INFO  [eu.fayder.restcountries.v1.rest.CountryRestV1:115] Getting by calling code 964
2026-03-25 14:52:53,623 INFO  [eu.fayder.restcountries.v1.rest.CountryRestV1:115] Getting by calling code 351
2026-03-25 14:52:53,639 INFO  [eu.fayder.restcountries.v1.rest.CountryRestV1:115] Getting by calling code 56
2026-03-25 14:52:53,654 INFO  [eu.fayder.restcountries.v1.rest.CountryRestV1:115] Getting by calling code 226
2026-03-25 14:52:53,670 INFO  [eu.fayder.restcountries.v1.rest.CountryRestV1:115] Getting by calling code 351
2026-03-25 14:52:53,685 INFO  [eu.fayder.restcountries.v1.rest.CountryRestV1:115] Getting by calling code 20
2026-03-25 14:52:53,702 INFO  [eu.fayder.restcountries.v1.rest.CountryRestV1:115] Getting by calling code 356
2026-03-25 14:52:53,707 INFO  [eu.fayder.restcountries.v1.rest.CountryRestV1:115] Getting by calling code 61
2026-03-25 14:52:53,733 INFO  [eu.fayder.restcountries.v1.rest.CountryRestV1:115] Getting by calling code 386
2026-03-25 14:52:53,749 INFO  [eu.fayder.restcountries.v1.rest.CountryRestV1:115] Getting by calling code 371
2026-03-25 14:52:53,755 INFO  [eu.fayder.restcountries.v1.rest.CountryRestV1:115] Getting by calling code 688
2026-03-25 14:52:53,761 INFO  [eu.fayder.restcountries.v1.rest.CountryRestV1:115] Getting by calling code 374
2026-03-25 14:52:53,767 INFO  [eu.fayder.restcountries.v1.rest.CountryRestV1:115] Getting by calling code 47
2026-03-25 14:52:53,796 INFO  [eu.fayder.restcountries.v1.rest.CountryRestV1:115] Getting by calling code 48
2026-03-25 14:52:53,827 INFO  [eu.fayder.restcountries.v1.rest.CountryRestV1:115] Getting by calling code 91
2026-03-25 14:52:53,858 INFO  [eu.fayder.restcountries.v1.rest.CountryRestV1:115] Getting by calling code 355
2026-03-25 14:52:53,889 INFO  [eu.fayder.restcountries.v1.rest.CountryRestV1:115] Getting by calling code 502
2026-03-25 14:52:53,920 INFO  [eu.fayder.restcountries.v1.rest.CountryRestV1:115] Getting by calling code 886
2026-03-25 14:52:53,952 INFO  [eu.fayder.restcountries.v1.rest.CountryRestV1:115] Getting by calling code 599
2026-03-25 14:52:53,984 INFO  [eu.fayder.restcountries.v1.rest.CountryRestV1:115] Getting by calling code 355
2026-03-25 14:52:54,014 INFO  [eu.fayder.restcountries.v1.rest.CountryRestV1:115] Getting by calling code 383
2026-03-25 14:52:54,045 INFO  [eu.fayder.restcountries.v1.rest.CountryRestV1:115] Getting by calling code 226
2026-03-25 14:52:54,077 INFO  [eu.fayder.restcountries.v1.rest.CountryRestV1:115] Getting by calling code 45
2026-03-25 14:52:54,108 INFO  [eu.fayder.restcountries.v1.rest.CountryRestV1:115] Getting by calling code 687
2026-03-25 14:52:54,139 INFO  [eu.fayder.restcountries.v1.rest.CountryRestV1:115] Getting by calling code 248
2026-03-25 14:52:54,169 INFO  [eu.fayder.restcountries.v1.rest.CountryRestV1:115] Getting by calling code 1
2026-03-25 14:52:54,201 INFO  [eu.fayder.restcountries.v1.rest.CountryRestV1:115] Getting by calling code 1
2026-03-25 14:52:54,232 INFO  [eu.fayder.restcountries.v1.rest.CountryRestV1:115] Getting by calling code 60
2026-03-25 14:52:54,241 INFO  [eu.fayder.restcountries.v1.rest.CountryRestV1:115] Getting by calling code 421
2026-03-25 14:52:54,252 INFO  [eu.fayder.restcountries.v1.rest.CountryRestV1:115] Getting by calling code 51
2026-03-25 14:52:54,279 INFO  [eu.fayder.restcountries.v1.rest.CountryRestV1:115] Getting by calling code 90
2026-03-25 14:52:54,289 INFO  [eu.fayder.restcountries.v1.rest.CountryRestV1:115] Getting by calling code 592
2026-03-25 14:52:54,299 INFO  [eu.fayder.restcountries.v1.rest.CountryRestV1:115] Getting by calling code 590
2026-03-25 14:52:54,309 INFO  [eu.fayder.restcountries.v1.rest.CountryRestV1:115] Getting by calling code 374
2026-03-25 14:52:54,319 INFO  [eu.fayder.restcountries.v1.rest.CountryRestV1:115] Getting by calling code 90
2026-03-25 14:52:54,342 INFO  [eu.fayder.restcountries.v1.rest.CountryRestV1:115] Getting by calling code 1
2026-03-25 14:52:54,351 INFO  [eu.fayder.restcountries.v1.rest.CountryRestV1:115] Getting by calling code 246
2026-03-25 14:52:54,372 INFO  [eu.fayder.restcountries.v1.rest.CountryRestV1:115] Getting by calling code 680
2026-03-25 14:52:54,404 INFO  [eu.fayder.restcountries.v1.rest.CountryRestV1:115] Getting by calling code 351
2026-03-25 14:52:54,435 INFO  [eu.fayder.restcountries.v1.rest.CountryRestV1:115] Getting by calling code 1
2026-03-25 14:52:54,466 INFO  [eu.fayder.restcountries.v1.rest.CountryRestV1:115] Getting by calling code 55
2026-03-25 14:52:54,497 INFO  [eu.fayder.restcountries.v1.rest.CountryRestV1:115] Getting by calling code 1
2026-03-25 14:52:54,528 INFO  [eu.fayder.restcountries.v1.rest.CountryRestV1:115] Getting by calling code 86
2026-03-25 14:52:54,539 INFO  [eu.fayder.restcountries.v1.rest.CountryRestV1:115] Getting by calling code 681
2026-03-25 14:52:54,559 INFO  [eu.fayder.restcountries.v1.rest.CountryRestV1:115] Getting by calling code 44
2026-03-25 14:53:17,752 INFO  [eu.fayder.restcountries.v1.rest.CountryRestV1:131] Getting by capital ***LLMGenerator***
2026-03-25 14:53:17,774 INFO  [eu.fayder.restcountries.v1.rest.CountryRestV1:131] Getting by capital Buenos Aires
2026-03-25 14:53:17,790 INFO  [eu.fayder.restcountries.v1.rest.CountryRestV1:131] Getting by capital New Delhi
2026-03-25 14:53:17,820 INFO  [eu.fayder.restcountries.v1.rest.CountryRestV1:131] Getting by capital Cockburn Town
2026-03-25 14:53:17,836 INFO  [eu.fayder.restcountries.v1.rest.CountryRestV1:131] Getting by capital Taipei
2026-03-25 14:53:17,851 INFO  [eu.fayder.restcountries.v1.rest.CountryRestV1:131] Getting by capital Lomé
2026-03-25 14:53:17,867 INFO  [eu.fayder.restcountries.v1.rest.CountryRestV1:131] Getting by capital Sana'a
2026-03-25 14:53:17,883 INFO  [eu.fayder.restcountries.v1.rest.CountryRestV1:131] Getting by capital Athens
2026-03-25 14:53:17,914 INFO  [eu.fayder.restcountries.v1.rest.CountryRestV1:131] Getting by capital Yaoundé
2026-03-25 14:53:17,944 INFO  [eu.fayder.restcountries.v1.rest.CountryRestV1:131] Getting by capital Paris
2026-03-25 14:53:17,975 INFO  [eu.fayder.restcountries.v1.rest.CountryRestV1:131] Getting by capital Valletta
2026-03-25 14:53:17,991 INFO  [eu.fayder.restcountries.v1.rest.CountryRestV1:131] Getting by capital Asunción
2026-03-25 14:53:18,006 INFO  [eu.fayder.restcountries.v1.rest.CountryRestV1:131] Getting by capital Monaco
2026-03-25 14:53:18,022 INFO  [eu.fayder.restcountries.v1.rest.CountryRestV1:131] Getting by capital Libreville
2026-03-25 14:53:18,053 INFO  [eu.fayder.restcountries.v1.rest.CountryRestV1:131] Getting by capital Port-au-Prince
2026-03-25 14:53:18,059 INFO  [eu.fayder.restcountries.v1.rest.CountryRestV1:131] Getting by capital Kingston
2026-03-25 14:53:18,084 INFO  [eu.fayder.restcountries.v1.rest.CountryRestV1:131] Getting by capital Jamestown
2026-03-25 14:53:18,114 INFO  [eu.fayder.restcountries.v1.rest.CountryRestV1:131] Getting by capital Bern
2026-03-25 14:53:18,130 INFO  [eu.fayder.restcountries.v1.rest.CountryRestV1:131] Getting by capital Charlotte Amalie
2026-03-25 14:53:18,161 INFO  [eu.fayder.restcountries.v1.rest.CountryRestV1:131] Getting by capital Valletta
2026-03-25 14:53:18,191 INFO  [eu.fayder.restcountries.v1.rest.CountryRestV1:131] Getting by capital Sucre
2026-03-25 14:53:18,222 INFO  [eu.fayder.restcountries.v1.rest.CountryRestV1:131] Getting by capital Caracas
2026-03-25 14:53:18,253 INFO  [eu.fayder.restcountries.v1.rest.CountryRestV1:131] Getting by capital Funafuti
2026-03-25 14:53:18,284 INFO  [eu.fayder.restcountries.v1.rest.CountryRestV1:131] Getting by capital Apia
2026-03-25 14:53:18,314 INFO  [eu.fayder.restcountries.v1.rest.CountryRestV1:131] Getting by capital Budapest
2026-03-25 14:53:18,346 INFO  [eu.fayder.restcountries.v1.rest.CountryRestV1:131] Getting by capital Belgrade
2026-03-25 14:53:18,377 INFO  [eu.fayder.restcountries.v1.rest.CountryRestV1:131] Getting by capital Cayenne
2026-03-25 14:53:18,407 INFO  [eu.fayder.restcountries.v1.rest.CountryRestV1:131] Getting by capital Monrovia
2026-03-25 14:53:18,437 INFO  [eu.fayder.restcountries.v1.rest.CountryRestV1:131] Getting by capital Astana
2026-03-25 14:53:18,469 INFO  [eu.fayder.restcountries.v1.rest.CountryRestV1:131] Getting by capital Seoul
2026-03-25 14:53:18,499 INFO  [eu.fayder.restcountries.v1.rest.CountryRestV1:131] Getting by capital Conakry
2026-03-25 14:53:18,508 INFO  [eu.fayder.restcountries.v1.rest.CountryRestV1:131] Getting by capital New Delhi
2026-03-25 14:53:18,531 INFO  [eu.fayder.restcountries.v1.rest.CountryRestV1:131] Getting by capital Castries
2026-03-25 14:53:18,540 INFO  [eu.fayder.restcountries.v1.rest.CountryRestV1:131] Getting by capital Warsaw
2026-03-25 14:53:18,562 INFO  [eu.fayder.restcountries.v1.rest.CountryRestV1:131] Getting by capital Saint Helier
2026-03-25 14:53:18,572 INFO  [eu.fayder.restcountries.v1.rest.CountryRestV1:131] Getting by capital Kingston
2026-03-25 14:53:18,581 INFO  [eu.fayder.restcountries.v1.rest.CountryRestV1:131] Getting by capital Roseau
2026-03-25 14:53:18,590 INFO  [eu.fayder.restcountries.v1.rest.CountryRestV1:131] Getting by capital Saint-Pierre
2026-03-25 14:53:18,609 INFO  [eu.fayder.restcountries.v1.rest.CountryRestV1:131] Getting by capital Port-aux-Français
2026-03-25 14:53:18,619 INFO  [eu.fayder.restcountries.v1.rest.CountryRestV1:131] Getting by capital São Tomé
2026-03-25 14:53:18,640 INFO  [eu.fayder.restcountries.v1.rest.CountryRestV1:131] Getting by capital Ankara
2026-03-25 14:53:18,672 INFO  [eu.fayder.restcountries.v1.rest.CountryRestV1:131] Getting by capital Ouagadougou
2026-03-25 14:53:18,704 INFO  [eu.fayder.restcountries.v1.rest.CountryRestV1:131] Getting by capital Ankara
2026-03-25 14:53:18,714 INFO  [eu.fayder.restcountries.v1.rest.CountryRestV1:131] Getting by capital West Island
2026-03-25 14:53:18,735 INFO  [eu.fayder.restcountries.v1.rest.CountryRestV1:131] Getting by capital Taipei
2026-03-25 14:53:18,744 INFO  [eu.fayder.restcountries.v1.rest.CountryRestV1:131] Getting by capital Oslo
2026-03-25 14:53:18,766 INFO  [eu.fayder.restcountries.v1.rest.CountryRestV1:131] Getting by capital Cayenne
2026-03-25 14:53:47,303 INFO  [eu.fayder.restcountries.v1.rest.CountryRestV1:147] Getting by region ***LLMGenerator***
2026-03-25 14:53:47,309 INFO  [eu.fayder.restcountries.v1.rest.CountryRestV1:147] Getting by region ***LLMGenerator***
2026-03-25 14:53:47,329 INFO  [eu.fayder.restcountries.v1.rest.CountryRestV1:147] Getting by region ***LLMGenerator***
2026-03-25 14:53:47,345 INFO  [eu.fayder.restcountries.v1.rest.CountryRestV1:147] Getting by region Asia
2026-03-25 14:53:47,376 INFO  [eu.fayder.restcountries.v1.rest.CountryRestV1:147] Getting by region Asia
2026-03-25 14:53:47,392 INFO  [eu.fayder.restcountries.v1.rest.CountryRestV1:147] Getting by region Americas
2026-03-25 14:53:47,399 INFO  [eu.fayder.restcountries.v1.rest.CountryRestV1:147] Getting by region Americas
2026-03-25 14:53:47,422 INFO  [eu.fayder.restcountries.v1.rest.CountryRestV1:147] Getting by region Africa
2026-03-25 14:53:47,453 INFO  [eu.fayder.restcountries.v1.rest.CountryRestV1:147] Getting by region Americas
2026-03-25 14:53:47,484 INFO  [eu.fayder.restcountries.v1.rest.CountryRestV1:147] Getting by region Africa
2026-03-25 14:53:47,516 INFO  [eu.fayder.restcountries.v1.rest.CountryRestV1:147] Getting by region Americas
2026-03-25 14:53:47,547 INFO  [eu.fayder.restcountries.v1.rest.CountryRestV1:147] Getting by region Europe
2026-03-25 14:53:47,579 INFO  [eu.fayder.restcountries.v1.rest.CountryRestV1:147] Getting by region Africa
2026-03-25 14:53:47,610 INFO  [eu.fayder.restcountries.v1.rest.CountryRestV1:147] Getting by region Asia
2026-03-25 14:53:47,641 INFO  [eu.fayder.restcountries.v1.rest.CountryRestV1:147] Getting by region Oceania
2026-03-25 14:53:47,671 INFO  [eu.fayder.restcountries.v1.rest.CountryRestV1:147] Getting by region Oceania
2026-03-25 14:53:47,702 INFO  [eu.fayder.restcountries.v1.rest.CountryRestV1:147] Getting by region Asia
2026-03-25 14:53:47,733 INFO  [eu.fayder.restcountries.v1.rest.CountryRestV1:147] Getting by region Americas
2026-03-25 14:53:47,765 INFO  [eu.fayder.restcountries.v1.rest.CountryRestV1:147] Getting by region Asia
2026-03-25 14:53:47,796 INFO  [eu.fayder.restcountries.v1.rest.CountryRestV1:147] Getting by region Americas
2026-03-25 14:53:47,827 INFO  [eu.fayder.restcountries.v1.rest.CountryRestV1:147] Getting by region Europe
2026-03-25 14:53:47,858 INFO  [eu.fayder.restcountries.v1.rest.CountryRestV1:147] Getting by region Europe
2026-03-25 14:53:47,869 INFO  [eu.fayder.restcountries.v1.rest.CountryRestV1:147] Getting by region Asia
2026-03-25 14:53:47,904 INFO  [eu.fayder.restcountries.v1.rest.CountryRestV1:147] Getting by region Europe
2026-03-25 14:53:47,937 INFO  [eu.fayder.restcountries.v1.rest.CountryRestV1:147] Getting by region Americas
2026-03-25 14:53:47,967 INFO  [eu.fayder.restcountries.v1.rest.CountryRestV1:147] Getting by region Americas
2026-03-25 14:53:47,998 INFO  [eu.fayder.restcountries.v1.rest.CountryRestV1:147] Getting by region Americas
2026-03-25 14:53:48,029 INFO  [eu.fayder.restcountries.v1.rest.CountryRestV1:147] Getting by region Europe
2026-03-25 14:53:48,059 INFO  [eu.fayder.restcountries.v1.rest.CountryRestV1:147] Getting by region Americas
2026-03-25 14:53:48,090 INFO  [eu.fayder.restcountries.v1.rest.CountryRestV1:147] Getting by region Africa
2026-03-25 14:53:48,123 INFO  [eu.fayder.restcountries.v1.rest.CountryRestV1:147] Getting by region Africa
2026-03-25 14:53:48,153 INFO  [eu.fayder.restcountries.v1.rest.CountryRestV1:147] Getting by region Americas
2026-03-25 14:53:48,184 INFO  [eu.fayder.restcountries.v1.rest.CountryRestV1:147] Getting by region Americas
2026-03-25 14:53:48,216 INFO  [eu.fayder.restcountries.v1.rest.CountryRestV1:147] Getting by region Asia
2026-03-25 14:53:48,248 INFO  [eu.fayder.restcountries.v1.rest.CountryRestV1:147] Getting by region Asia
2026-03-25 14:53:48,266 INFO  [eu.fayder.restcountries.v1.rest.CountryRestV1:147] Getting by region Americas
2026-03-25 14:53:48,295 INFO  [eu.fayder.restcountries.v1.rest.CountryRestV1:147] Getting by region Americas
2026-03-25 14:53:48,326 INFO  [eu.fayder.restcountries.v1.rest.CountryRestV1:147] Getting by region Africa
2026-03-25 14:53:48,357 INFO  [eu.fayder.restcountries.v1.rest.CountryRestV1:147] Getting by region Americas
2026-03-25 14:53:48,374 INFO  [eu.fayder.restcountries.v1.rest.CountryRestV1:147] Getting by region Europe
2026-03-25 14:53:48,402 INFO  [eu.fayder.restcountries.v1.rest.CountryRestV1:147] Getting by region Americas
2026-03-25 14:53:48,421 INFO  [eu.fayder.restcountries.v1.rest.CountryRestV1:147] Getting by region Americas
2026-03-25 14:53:48,449 INFO  [eu.fayder.restcountries.v1.rest.CountryRestV1:147] Getting by region Asia
2026-03-25 14:53:48,480 INFO  [eu.fayder.restcountries.v1.rest.CountryRestV1:147] Getting by region Asia
2026-03-25 14:53:48,499 INFO  [eu.fayder.restcountries.v1.rest.CountryRestV1:147] Getting by region Europe
2026-03-25 14:53:48,541 INFO  [eu.fayder.restcountries.v1.rest.CountryRestV1:147] Getting by region Americas
2026-03-25 14:53:48,560 INFO  [eu.fayder.restcountries.v1.rest.CountryRestV1:147] Getting by region Oceania
2026-03-25 14:53:48,602 INFO  [eu.fayder.restcountries.v1.rest.CountryRestV1:147] Getting by region Americas
2026-03-25 14:53:48,623 INFO  [eu.fayder.restcountries.v1.rest.CountryRestV1:147] Getting by region Americas
2026-03-25 14:53:48,665 INFO  [eu.fayder.restcountries.v1.rest.CountryRestV1:147] Getting by region Oceania
2026-03-25 14:54:04,349 INFO  [eu.fayder.restcountries.v1.rest.CountryRestV1:163] Getting by region ***LLMGenerator***
2026-03-25 14:54:04,371 INFO  [eu.fayder.restcountries.v1.rest.CountryRestV1:163] Getting by region Eastern Africa
2026-03-25 14:54:04,387 INFO  [eu.fayder.restcountries.v1.rest.CountryRestV1:163] Getting by region South America
2026-03-25 14:54:04,417 INFO  [eu.fayder.restcountries.v1.rest.CountryRestV1:163] Getting by region Northern Europe
2026-03-25 14:54:04,448 INFO  [eu.fayder.restcountries.v1.rest.CountryRestV1:163] Getting by region Melanesia
2026-03-25 14:54:04,463 INFO  [eu.fayder.restcountries.v1.rest.CountryRestV1:163] Getting by region Central America
2026-03-25 14:54:04,479 INFO  [eu.fayder.restcountries.v1.rest.CountryRestV1:163] Getting by region Western Africa
2026-03-25 14:54:04,484 INFO  [eu.fayder.restcountries.v1.rest.CountryRestV1:163] Getting by region Eastern Europe
2026-03-25 14:54:04,510 INFO  [eu.fayder.restcountries.v1.rest.CountryRestV1:163] Getting by region Southern Europe
2026-03-25 14:54:04,541 INFO  [eu.fayder.restcountries.v1.rest.CountryRestV1:163] Getting by region Northern Africa
2026-03-25 14:54:04,558 INFO  [eu.fayder.restcountries.v1.rest.CountryRestV1:163] Getting by region Middle Africa
2026-03-25 14:54:04,564 INFO  [eu.fayder.restcountries.v1.rest.CountryRestV1:163] Getting by region Micronesia
2026-03-25 14:54:04,589 INFO  [eu.fayder.restcountries.v1.rest.CountryRestV1:163] Getting by region Central Asia
2026-03-25 14:54:04,605 INFO  [eu.fayder.restcountries.v1.rest.CountryRestV1:163] Getting by region Southern Africa
2026-03-25 14:54:04,635 INFO  [eu.fayder.restcountries.v1.rest.CountryRestV1:163] Getting by region Caribbean
2026-03-25 14:54:04,666 INFO  [eu.fayder.restcountries.v1.rest.CountryRestV1:163] Getting by region Caribbean
2026-03-25 14:54:04,697 INFO  [eu.fayder.restcountries.v1.rest.CountryRestV1:163] Getting by region Northern Europe
2026-03-25 14:54:04,704 INFO  [eu.fayder.restcountries.v1.rest.CountryRestV1:163] Getting by region Southern Europe
2026-03-25 14:54:04,710 INFO  [eu.fayder.restcountries.v1.rest.CountryRestV1:163] Getting by region Central America
2026-03-25 14:54:04,743 INFO  [eu.fayder.restcountries.v1.rest.CountryRestV1:163] Getting by region Southern Asia
2026-03-25 14:54:04,774 INFO  [eu.fayder.restcountries.v1.rest.CountryRestV1:163] Getting by region Polynesia
2026-03-25 14:54:04,805 INFO  [eu.fayder.restcountries.v1.rest.CountryRestV1:163] Getting by region Caribbean
2026-03-25 14:54:04,835 INFO  [eu.fayder.restcountries.v1.rest.CountryRestV1:163] Getting by region Western Asia
2026-03-25 14:54:04,868 INFO  [eu.fayder.restcountries.v1.rest.CountryRestV1:163] Getting by region Eastern Africa
2026-03-25 14:54:04,900 INFO  [eu.fayder.restcountries.v1.rest.CountryRestV1:163] Getting by region South-Eastern Asia
2026-03-25 14:54:04,930 INFO  [eu.fayder.restcountries.v1.rest.CountryRestV1:163] Getting by region Australia and New Zealand
2026-03-25 14:54:04,962 INFO  [eu.fayder.restcountries.v1.rest.CountryRestV1:163] Getting by region Caribbean
2026-03-25 14:54:04,993 INFO  [eu.fayder.restcountries.v1.rest.CountryRestV1:163] Getting by region Middle Africa
2026-03-25 14:54:05,024 INFO  [eu.fayder.restcountries.v1.rest.CountryRestV1:163] Getting by region Southern Europe
2026-03-25 14:54:05,056 INFO  [eu.fayder.restcountries.v1.rest.CountryRestV1:163] Getting by region Southern Europe
2026-03-25 14:54:05,072 INFO  [eu.fayder.restcountries.v1.rest.CountryRestV1:163] Getting by region Micronesia
2026-03-25 14:54:05,085 INFO  [eu.fayder.restcountries.v1.rest.CountryRestV1:163] Getting by region Northern Europe
2026-03-25 14:54:05,097 INFO  [eu.fayder.restcountries.v1.rest.CountryRestV1:163] Getting by region Northern Europe
2026-03-25 14:54:05,109 INFO  [eu.fayder.restcountries.v1.rest.CountryRestV1:163] Getting by region Polynesia
2026-03-25 14:54:05,134 INFO  [eu.fayder.restcountries.v1.rest.CountryRestV1:163] Getting by region Western Europe
2026-03-25 14:54:05,146 INFO  [eu.fayder.restcountries.v1.rest.CountryRestV1:163] Getting by region Western Asia
2026-03-25 14:54:05,159 INFO  [eu.fayder.restcountries.v1.rest.CountryRestV1:163] Getting by region South-Eastern Asia
2026-03-25 14:54:05,196 INFO  [eu.fayder.restcountries.v1.rest.CountryRestV1:163] Getting by region Western Asia
2026-03-25 14:54:05,226 INFO  [eu.fayder.restcountries.v1.rest.CountryRestV1:163] Getting by region Western Africa
2026-03-25 14:54:05,257 INFO  [eu.fayder.restcountries.v1.rest.CountryRestV1:163] Getting by region Eastern Africa
2026-03-25 14:54:05,289 INFO  [eu.fayder.restcountries.v1.rest.CountryRestV1:163] Getting by region South-Eastern Asia
2026-03-25 14:54:05,320 INFO  [eu.fayder.restcountries.v1.rest.CountryRestV1:163] Getting by region Australia and New Zealand
2026-03-25 14:54:05,350 INFO  [eu.fayder.restcountries.v1.rest.CountryRestV1:163] Getting by region Northern Africa
2026-03-25 14:54:05,362 INFO  [eu.fayder.restcountries.v1.rest.CountryRestV1:163] Getting by region Northern Europe
2026-03-25 14:54:05,397 INFO  [eu.fayder.restcountries.v1.rest.CountryRestV1:163] Getting by region Eastern Africa
2026-03-25 14:54:05,429 INFO  [eu.fayder.restcountries.v1.rest.CountryRestV1:163] Getting by region Southern Europe
2026-03-25 14:54:05,459 INFO  [eu.fayder.restcountries.v1.rest.CountryRestV1:163] Getting by region Middle Africa
2026-03-25 14:54:05,491 INFO  [eu.fayder.restcountries.v1.rest.CountryRestV1:163] Getting by region Polynesia
2026-03-25 14:54:05,522 INFO  [eu.fayder.restcountries.v1.rest.CountryRestV1:163] Getting by region Australia and New Zealand
2026-03-25 14:54:36,897 INFO  [eu.fayder.restcountries.v1.rest.CountryRestV1:179] Getting by language da
2026-03-25 14:54:36,912 INFO  [eu.fayder.restcountries.v1.rest.CountryRestV1:179] Getting by language en
2026-03-25 14:54:36,917 INFO  [eu.fayder.restcountries.v1.rest.CountryRestV1:179] Getting by language en
2026-03-25 14:54:36,942 INFO  [eu.fayder.restcountries.v1.rest.CountryRestV1:179] Getting by language en
2026-03-25 14:54:36,973 INFO  [eu.fayder.restcountries.v1.rest.CountryRestV1:179] Getting by language ar
2026-03-25 14:54:37,004 INFO  [eu.fayder.restcountries.v1.rest.CountryRestV1:179] Getting by language hu
2026-03-25 14:54:37,034 INFO  [eu.fayder.restcountries.v1.rest.CountryRestV1:179] Getting by language si
2026-03-25 14:54:37,050 INFO  [eu.fayder.restcountries.v1.rest.CountryRestV1:179] Getting by language da
2026-03-25 14:54:37,067 INFO  [eu.fayder.restcountries.v1.rest.CountryRestV1:179] Getting by language uk
2026-03-25 14:54:37,099 INFO  [eu.fayder.restcountries.v1.rest.CountryRestV1:179] Getting by language en
2026-03-25 14:54:37,130 INFO  [eu.fayder.restcountries.v1.rest.CountryRestV1:179] Getting by language ar
2026-03-25 14:54:37,160 INFO  [eu.fayder.restcountries.v1.rest.CountryRestV1:179] Getting by language fr
2026-03-25 14:54:37,191 INFO  [eu.fayder.restcountries.v1.rest.CountryRestV1:179] Getting by language pt
2026-03-25 14:54:37,223 INFO  [eu.fayder.restcountries.v1.rest.CountryRestV1:179] Getting by language es
2026-03-25 14:54:37,254 INFO  [eu.fayder.restcountries.v1.rest.CountryRestV1:179] Getting by language nl
2026-03-25 14:54:37,264 INFO  [eu.fayder.restcountries.v1.rest.CountryRestV1:179] Getting by language ar
2026-03-25 14:54:37,286 INFO  [eu.fayder.restcountries.v1.rest.CountryRestV1:179] Getting by language ar
2026-03-25 14:54:37,316 INFO  [eu.fayder.restcountries.v1.rest.CountryRestV1:179] Getting by language en
2026-03-25 14:54:37,327 INFO  [eu.fayder.restcountries.v1.rest.CountryRestV1:179] Getting by language en
2026-03-25 14:54:37,348 INFO  [eu.fayder.restcountries.v1.rest.CountryRestV1:179] Getting by language en
2026-03-25 14:54:37,379 INFO  [eu.fayder.restcountries.v1.rest.CountryRestV1:179] Getting by language en
2026-03-25 14:54:37,410 INFO  [eu.fayder.restcountries.v1.rest.CountryRestV1:179] Getting by language en
2026-03-25 14:54:37,440 INFO  [eu.fayder.restcountries.v1.rest.CountryRestV1:179] Getting by language fr
2026-03-25 14:54:37,471 INFO  [eu.fayder.restcountries.v1.rest.CountryRestV1:179] Getting by language fr
2026-03-25 14:54:37,502 INFO  [eu.fayder.restcountries.v1.rest.CountryRestV1:179] Getting by language fr
2026-03-25 14:54:37,533 INFO  [eu.fayder.restcountries.v1.rest.CountryRestV1:179] Getting by language zh
2026-03-25 14:54:37,565 INFO  [eu.fayder.restcountries.v1.rest.CountryRestV1:179] Getting by language fr
2026-03-25 14:54:37,577 INFO  [eu.fayder.restcountries.v1.rest.CountryRestV1:179] Getting by language es
2026-03-25 14:54:37,612 INFO  [eu.fayder.restcountries.v1.rest.CountryRestV1:179] Getting by language en
2026-03-25 14:54:37,643 INFO  [eu.fayder.restcountries.v1.rest.CountryRestV1:179] Getting by language ms
2026-03-25 14:54:37,655 INFO  [eu.fayder.restcountries.v1.rest.CountryRestV1:179] Getting by language ff
2026-03-25 14:54:37,668 INFO  [eu.fayder.restcountries.v1.rest.CountryRestV1:179] Getting by language zh
2026-03-25 14:54:37,681 INFO  [eu.fayder.restcountries.v1.rest.CountryRestV1:179] Getting by language de
2026-03-25 14:54:37,721 INFO  [eu.fayder.restcountries.v1.rest.CountryRestV1:179] Getting by language ro
2026-03-25 14:54:37,753 INFO  [eu.fayder.restcountries.v1.rest.CountryRestV1:179] Getting by language hu
2026-03-25 14:54:37,784 INFO  [eu.fayder.restcountries.v1.rest.CountryRestV1:179] Getting by language es
2026-03-25 14:54:37,801 INFO  [eu.fayder.restcountries.v1.rest.CountryRestV1:179] Getting by language fr
2026-03-25 14:54:37,832 INFO  [eu.fayder.restcountries.v1.rest.CountryRestV1:179] Getting by language nl
2026-03-25 14:54:37,853 INFO  [eu.fayder.restcountries.v1.rest.CountryRestV1:179] Getting by language fr
2026-03-25 14:54:37,893 INFO  [eu.fayder.restcountries.v1.rest.CountryRestV1:179] Getting by language fr
2026-03-25 14:54:37,924 INFO  [eu.fayder.restcountries.v1.rest.CountryRestV1:179] Getting by language et
2026-03-25 14:54:37,956 INFO  [eu.fayder.restcountries.v1.rest.CountryRestV1:179] Getting by language en
2026-03-25 14:54:37,986 INFO  [eu.fayder.restcountries.v1.rest.CountryRestV1:179] Getting by language es
2026-03-25 14:54:38,001 INFO  [eu.fayder.restcountries.v1.rest.CountryRestV1:179] Getting by language ar
2026-03-25 14:54:38,017 INFO  [eu.fayder.restcountries.v1.rest.CountryRestV1:179] Getting by language en
2026-03-25 14:54:38,047 INFO  [eu.fayder.restcountries.v1.rest.CountryRestV1:179] Getting by language de
2026-03-25 14:54:38,078 INFO  [eu.fayder.restcountries.v1.rest.CountryRestV1:179] Getting by language fr
2026-03-25 14:54:38,095 INFO  [eu.fayder.restcountries.v1.rest.CountryRestV1:179] Getting by language en
2026-03-25 14:54:38,113 INFO  [eu.fayder.restcountries.v1.rest.CountryRestV1:179] Getting by language pt
2026-03-25 14:54:38,140 INFO  [eu.fayder.restcountries.v1.rest.CountryRestV1:179] Getting by language en
2026-03-25 14:55:07,587 INFO  [eu.fayder.restcountries.v2.rest.CountryRestV2:43] Getting by alpha 400
2026-03-25 14:55:07,616 INFO  [eu.fayder.restcountries.v2.rest.CountryRestV2:43] Getting by alpha MW
2026-03-25 14:55:07,631 INFO  [eu.fayder.restcountries.v2.rest.CountryRestV2:43] Getting by alpha ***LLMGenerator***
2026-03-25 14:55:07,647 INFO  [eu.fayder.restcountries.v2.rest.CountryRestV2:43] Getting by alpha ***LLMGenerator***
2026-03-25 14:55:07,662 INFO  [eu.fayder.restcountries.v2.rest.CountryRestV2:43] Getting by alpha MDG
2026-03-25 14:55:07,678 INFO  [eu.fayder.restcountries.v2.rest.CountryRestV2:43] Getting by alpha AO
2026-03-25 14:55:07,683 INFO  [eu.fayder.restcountries.v2.rest.CountryRestV2:43] Getting by alpha SA
2026-03-25 14:55:07,709 INFO  [eu.fayder.restcountries.v2.rest.CountryRestV2:43] Getting by alpha 531
2026-03-25 14:55:07,725 INFO  [eu.fayder.restcountries.v2.rest.CountryRestV2:43] Getting by alpha 710
2026-03-25 14:55:07,740 INFO  [eu.fayder.restcountries.v2.rest.CountryRestV2:43] Getting by alpha 818
2026-03-25 14:55:07,755 INFO  [eu.fayder.restcountries.v2.rest.CountryRestV2:43] Getting by alpha CF
2026-03-25 14:55:07,770 INFO  [eu.fayder.restcountries.v2.rest.CountryRestV2:43] Getting by alpha NCL
2026-03-25 14:55:07,775 INFO  [eu.fayder.restcountries.v2.rest.CountryRestV2:43] Getting by alpha NCL
2026-03-25 14:55:07,801 INFO  [eu.fayder.restcountries.v2.rest.CountryRestV2:43] Getting by alpha BF
2026-03-25 14:55:07,833 INFO  [eu.fayder.restcountries.v2.rest.CountryRestV2:43] Getting by alpha SA
2026-03-25 14:55:07,848 INFO  [eu.fayder.restcountries.v2.rest.CountryRestV2:43] Getting by alpha EG
2026-03-25 14:55:07,880 INFO  [eu.fayder.restcountries.v2.rest.CountryRestV2:43] Getting by alpha IRQ
2026-03-25 14:55:07,911 INFO  [eu.fayder.restcountries.v2.rest.CountryRestV2:43] Getting by alpha NIC
2026-03-25 14:55:07,943 INFO  [eu.fayder.restcountries.v2.rest.CountryRestV2:43] Getting by alpha SE
2026-03-25 14:55:07,974 INFO  [eu.fayder.restcountries.v2.rest.CountryRestV2:43] Getting by alpha AO
2026-03-25 14:55:07,982 INFO  [eu.fayder.restcountries.v2.rest.CountryRestV2:43] Getting by alpha 682
2026-03-25 14:55:07,989 INFO  [eu.fayder.restcountries.v2.rest.CountryRestV2:43] Getting by alpha 716
2026-03-25 14:55:08,020 INFO  [eu.fayder.restcountries.v2.rest.CountryRestV2:43] Getting by alpha SAU
2026-03-25 14:55:08,051 INFO  [eu.fayder.restcountries.v2.rest.CountryRestV2:43] Getting by alpha ST
2026-03-25 14:55:08,082 INFO  [eu.fayder.restcountries.v2.rest.CountryRestV2:43] Getting by alpha 454
2026-03-25 14:55:08,114 INFO  [eu.fayder.restcountries.v2.rest.CountryRestV2:43] Getting by alpha ST
2026-03-25 14:55:08,146 INFO  [eu.fayder.restcountries.v2.rest.CountryRestV2:43] Getting by alpha 752
2026-03-25 14:55:08,176 INFO  [eu.fayder.restcountries.v2.rest.CountryRestV2:43] Getting by alpha PW
2026-03-25 14:55:08,184 INFO  [eu.fayder.restcountries.v2.rest.CountryRestV2:43] Getting by alpha ST
2026-03-25 14:55:08,191 INFO  [eu.fayder.restcountries.v2.rest.CountryRestV2:43] Getting by alpha TW
2026-03-25 14:55:08,221 INFO  [eu.fayder.restcountries.v2.rest.CountryRestV2:43] Getting by alpha 470
2026-03-25 14:55:08,251 INFO  [eu.fayder.restcountries.v2.rest.CountryRestV2:43] Getting by alpha 036
2026-03-25 14:55:08,282 INFO  [eu.fayder.restcountries.v2.rest.CountryRestV2:43] Getting by alpha TW
2026-03-25 14:55:08,313 INFO  [eu.fayder.restcountries.v2.rest.CountryRestV2:43] Getting by alpha SE
2026-03-25 14:55:08,344 INFO  [eu.fayder.restcountries.v2.rest.CountryRestV2:43] Getting by alpha NE
2026-03-25 14:55:08,375 INFO  [eu.fayder.restcountries.v2.rest.CountryRestV2:43] Getting by alpha SWE
2026-03-25 14:55:08,405 INFO  [eu.fayder.restcountries.v2.rest.CountryRestV2:43] Getting by alpha SA
2026-03-25 14:55:08,436 INFO  [eu.fayder.restcountries.v2.rest.CountryRestV2:43] Getting by alpha BL
2026-03-25 14:55:08,467 INFO  [eu.fayder.restcountries.v2.rest.CountryRestV2:43] Getting by alpha JOR
2026-03-25 14:55:08,475 INFO  [eu.fayder.restcountries.v2.rest.CountryRestV2:43] Getting by alpha SWE
2026-03-25 14:55:08,499 INFO  [eu.fayder.restcountries.v2.rest.CountryRestV2:43] Getting by alpha ST
2026-03-25 14:55:08,528 INFO  [eu.fayder.restcountries.v2.rest.CountryRestV2:43] Getting by alpha 682
2026-03-25 14:55:08,560 INFO  [eu.fayder.restcountries.v2.rest.CountryRestV2:43] Getting by alpha MW
2026-03-25 14:55:08,592 INFO  [eu.fayder.restcountries.v2.rest.CountryRestV2:43] Getting by alpha LV
2026-03-25 14:55:08,602 INFO  [eu.fayder.restcountries.v2.rest.CountryRestV2:43] Getting by alpha PRT
2026-03-25 14:55:08,613 INFO  [eu.fayder.restcountries.v2.rest.CountryRestV2:43] Getting by alpha EGY
2026-03-25 14:55:08,638 INFO  [eu.fayder.restcountries.v2.rest.CountryRestV2:43] Getting by alpha SD
2026-03-25 14:55:08,649 INFO  [eu.fayder.restcountries.v2.rest.CountryRestV2:43] Getting by alpha IND
2026-03-25 14:55:08,669 INFO  [eu.fayder.restcountries.v2.rest.CountryRestV2:43] Getting by alpha FR
2026-03-25 14:55:08,701 INFO  [eu.fayder.restcountries.v2.rest.CountryRestV2:43] Getting by alpha BL
2026-03-25 14:55:45,951 INFO  [eu.fayder.restcountries.v2.rest.CountryRestV2:76] Getting by currency ***LLMGenerator***
2026-03-25 14:55:45,955 INFO  [eu.fayder.restcountries.v2.rest.CountryRestV2:76] Getting by currency ***LLMGenerator***
2026-03-25 14:55:45,980 INFO  [eu.fayder.restcountries.v2.rest.CountryRestV2:76] Getting by currency USD
2026-03-25 14:55:45,995 INFO  [eu.fayder.restcountries.v2.rest.CountryRestV2:76] Getting by currency EUR
2026-03-25 14:55:46,026 INFO  [eu.fayder.restcountries.v2.rest.CountryRestV2:76] Getting by currency JPY
2026-03-25 14:55:46,058 INFO  [eu.fayder.restcountries.v2.rest.CountryRestV2:76] Getting by currency GBP
2026-03-25 14:55:46,064 INFO  [eu.fayder.restcountries.v2.rest.CountryRestV2:76] Getting by currency AUD
2026-03-25 14:55:46,090 INFO  [eu.fayder.restcountries.v2.rest.CountryRestV2:76] Getting by currency CAD
2026-03-25 14:55:46,098 INFO  [eu.fayder.restcountries.v2.rest.CountryRestV2:76] Getting by currency CHF
2026-03-25 14:55:46,104 INFO  [eu.fayder.restcountries.v2.rest.CountryRestV2:76] Getting by currency CNY
2026-03-25 14:55:46,110 INFO  [eu.fayder.restcountries.v2.rest.CountryRestV2:76] Getting by currency SEK
2026-03-25 14:55:46,136 INFO  [eu.fayder.restcountries.v2.rest.CountryRestV2:76] Getting by currency NZD
2026-03-25 14:55:46,166 INFO  [eu.fayder.restcountries.v2.rest.CountryRestV2:76] Getting by currency MXN
2026-03-25 14:55:46,198 INFO  [eu.fayder.restcountries.v2.rest.CountryRestV2:76] Getting by currency SGD
2026-03-25 14:55:46,228 INFO  [eu.fayder.restcountries.v2.rest.CountryRestV2:76] Getting by currency HKD
2026-03-25 14:55:46,259 INFO  [eu.fayder.restcountries.v2.rest.CountryRestV2:76] Getting by currency NOK
2026-03-25 14:55:46,290 INFO  [eu.fayder.restcountries.v2.rest.CountryRestV2:76] Getting by currency KRW
2026-03-25 14:55:46,298 INFO  [eu.fayder.restcountries.v2.rest.CountryRestV2:76] Getting by currency TRY
2026-03-25 14:55:46,320 INFO  [eu.fayder.restcountries.v2.rest.CountryRestV2:76] Getting by currency INR
2026-03-25 14:55:46,328 INFO  [eu.fayder.restcountries.v2.rest.CountryRestV2:76] Getting by currency BRL
2026-03-25 14:55:46,351 INFO  [eu.fayder.restcountries.v2.rest.CountryRestV2:76] Getting by currency ZAR
2026-03-25 14:55:46,383 INFO  [eu.fayder.restcountries.v2.rest.CountryRestV2:76] Getting by currency RUB
2026-03-25 14:55:46,414 INFO  [eu.fayder.restcountries.v2.rest.CountryRestV2:76] Getting by currency AED
2026-03-25 14:55:46,446 INFO  [eu.fayder.restcountries.v2.rest.CountryRestV2:76] Getting by currency PLN
2026-03-25 14:55:46,477 INFO  [eu.fayder.restcountries.v2.rest.CountryRestV2:76] Getting by currency THB
2026-03-25 14:55:46,509 INFO  [eu.fayder.restcountries.v2.rest.CountryRestV2:76] Getting by currency IDR
2026-03-25 14:55:46,541 INFO  [eu.fayder.restcountries.v2.rest.CountryRestV2:76] Getting by currency HUF
2026-03-25 14:55:46,572 INFO  [eu.fayder.restcountries.v2.rest.CountryRestV2:76] Getting by currency CZK
2026-03-25 14:55:46,602 INFO  [eu.fayder.restcountries.v2.rest.CountryRestV2:76] Getting by currency ILS
2026-03-25 14:55:46,633 INFO  [eu.fayder.restcountries.v2.rest.CountryRestV2:76] Getting by currency CLP
2026-03-25 14:55:46,665 INFO  [eu.fayder.restcountries.v2.rest.CountryRestV2:76] Getting by currency PHP
2026-03-25 14:55:46,696 INFO  [eu.fayder.restcountries.v2.rest.CountryRestV2:76] Getting by currency PKR
2026-03-25 14:55:46,727 INFO  [eu.fayder.restcountries.v2.rest.CountryRestV2:76] Getting by currency COP
2026-03-25 14:55:46,757 INFO  [eu.fayder.restcountries.v2.rest.CountryRestV2:76] Getting by currency VND
2026-03-25 14:55:46,787 INFO  [eu.fayder.restcountries.v2.rest.CountryRestV2:76] Getting by currency MYR
2026-03-25 14:55:46,818 INFO  [eu.fayder.restcountries.v2.rest.CountryRestV2:76] Getting by currency RON
2026-03-25 14:55:46,849 INFO  [eu.fayder.restcountries.v2.rest.CountryRestV2:76] Getting by currency NZD
2026-03-25 14:55:46,880 INFO  [eu.fayder.restcountries.v2.rest.CountryRestV2:76] Getting by currency DZD
2026-03-25 14:55:46,889 INFO  [eu.fayder.restcountries.v2.rest.CountryRestV2:76] Getting by currency ARS
2026-03-25 14:55:46,912 INFO  [eu.fayder.restcountries.v2.rest.CountryRestV2:76] Getting by currency BGN
2026-03-25 14:55:46,943 INFO  [eu.fayder.restcountries.v2.rest.CountryRestV2:76] Getting by currency HRK
2026-03-25 14:55:46,974 INFO  [eu.fayder.restcountries.v2.rest.CountryRestV2:76] Getting by currency LKR
2026-03-25 14:55:47,005 INFO  [eu.fayder.restcountries.v2.rest.CountryRestV2:76] Getting by currency JMD
2026-03-25 14:55:47,036 INFO  [eu.fayder.restcountries.v2.rest.CountryRestV2:76] Getting by currency TZS
2026-03-25 14:55:47,068 INFO  [eu.fayder.restcountries.v2.rest.CountryRestV2:76] Getting by currency UGX
2026-03-25 14:55:47,098 INFO  [eu.fayder.restcountries.v2.rest.CountryRestV2:76] Getting by currency GHS
2026-03-25 14:55:47,110 INFO  [eu.fayder.restcountries.v2.rest.CountryRestV2:76] Getting by currency NAD
2026-03-25 14:55:47,132 INFO  [eu.fayder.restcountries.v2.rest.CountryRestV2:76] Getting by currency BHD
2026-03-25 14:55:47,162 INFO  [eu.fayder.restcountries.v2.rest.CountryRestV2:76] Getting by currency QAR
2026-03-25 14:56:24,137 INFO  [eu.fayder.restcountries.v2.rest.CountryRestV2:95] Getting by name ***LLMGenerator***
2026-03-25 14:56:24,165 INFO  [eu.fayder.restcountries.v2.rest.CountryRestV2:95] Getting by name ***LLMGenerator***
2026-03-25 14:56:24,196 INFO  [eu.fayder.restcountries.v2.rest.CountryRestV2:95] Getting by name ***LLMGenerator***
2026-03-25 14:56:24,227 INFO  [eu.fayder.restcountries.v2.rest.CountryRestV2:95] Getting by name ***LLMGenerator***
2026-03-25 14:56:24,258 INFO  [eu.fayder.restcountries.v2.rest.CountryRestV2:95] Getting by name ***LLMGenerator***
2026-03-25 14:56:24,288 INFO  [eu.fayder.restcountries.v2.rest.CountryRestV2:95] Getting by name Portugal
2026-03-25 14:56:24,320 INFO  [eu.fayder.restcountries.v2.rest.CountryRestV2:95] Getting by name Sudan
2026-03-25 14:56:24,351 INFO  [eu.fayder.restcountries.v2.rest.CountryRestV2:95] Getting by name Oman
2026-03-25 14:56:24,381 INFO  [eu.fayder.restcountries.v2.rest.CountryRestV2:95] Getting by name Russian Federation
2026-03-25 14:56:24,411 INFO  [eu.fayder.restcountries.v2.rest.CountryRestV2:95] Getting by name Tokelau
2026-03-25 14:56:24,443 INFO  [eu.fayder.restcountries.v2.rest.CountryRestV2:95] Getting by name Switzerland
2026-03-25 14:56:24,474 INFO  [eu.fayder.restcountries.v2.rest.CountryRestV2:95] Getting by name Paraguay
2026-03-25 14:56:24,504 INFO  [eu.fayder.restcountries.v2.rest.CountryRestV2:95] Getting by name Switzerland
2026-03-25 14:56:24,535 INFO  [eu.fayder.restcountries.v2.rest.CountryRestV2:95] Getting by name Palau
2026-03-25 14:56:24,541 INFO  [eu.fayder.restcountries.v2.rest.CountryRestV2:95] Getting by name Croatia
2026-03-25 14:56:24,566 INFO  [eu.fayder.restcountries.v2.rest.CountryRestV2:95] Getting by name Timor-Leste
2026-03-25 14:56:24,573 INFO  [eu.fayder.restcountries.v2.rest.CountryRestV2:95] Getting by name Republic of Ireland
2026-03-25 14:56:24,597 INFO  [eu.fayder.restcountries.v2.rest.CountryRestV2:95] Getting by name Namibia
2026-03-25 14:56:24,628 INFO  [eu.fayder.restcountries.v2.rest.CountryRestV2:95] Getting by name Pitcairn Islands
2026-03-25 14:56:24,659 INFO  [eu.fayder.restcountries.v2.rest.CountryRestV2:95] Getting by name Republic of the Congo
2026-03-25 14:56:24,690 INFO  [eu.fayder.restcountries.v2.rest.CountryRestV2:95] Getting by name Mexico
2026-03-25 14:56:24,721 INFO  [eu.fayder.restcountries.v2.rest.CountryRestV2:95] Getting by name French Polynesia
2026-03-25 14:56:24,729 INFO  [eu.fayder.restcountries.v2.rest.CountryRestV2:95] Getting by name Zimbabwe
2026-03-25 14:56:24,752 INFO  [eu.fayder.restcountries.v2.rest.CountryRestV2:95] Getting by name Georgia
2026-03-25 14:56:24,783 INFO  [eu.fayder.restcountries.v2.rest.CountryRestV2:95] Getting by name Faroe Islands
2026-03-25 14:56:24,791 INFO  [eu.fayder.restcountries.v2.rest.CountryRestV2:95] Getting by name Vanuatu
2026-03-25 14:56:24,814 INFO  [eu.fayder.restcountries.v2.rest.CountryRestV2:95] Getting by name Portugal
2026-03-25 14:56:24,844 INFO  [eu.fayder.restcountries.v2.rest.CountryRestV2:95] Getting by name Indonesia
2026-03-25 14:56:24,852 INFO  [eu.fayder.restcountries.v2.rest.CountryRestV2:95] Getting by name India
2026-03-25 14:56:24,876 INFO  [eu.fayder.restcountries.v2.rest.CountryRestV2:95] Getting by name Wallis and Futuna
2026-03-25 14:56:24,907 INFO  [eu.fayder.restcountries.v2.rest.CountryRestV2:95] Getting by name Democratic Republic of the Congo
2026-03-25 14:56:24,938 INFO  [eu.fayder.restcountries.v2.rest.CountryRestV2:95] Getting by name Bolivia (Plurinational State of)
2026-03-25 14:56:24,948 INFO  [eu.fayder.restcountries.v2.rest.CountryRestV2:95] Getting by name Belgium
2026-03-25 14:56:24,970 INFO  [eu.fayder.restcountries.v2.rest.CountryRestV2:95] Getting by name Tokelau
2026-03-25 14:56:25,002 INFO  [eu.fayder.restcountries.v2.rest.CountryRestV2:95] Getting by name Congo
2026-03-25 14:56:25,032 INFO  [eu.fayder.restcountries.v2.rest.CountryRestV2:95] Getting by name Senegal
2026-03-25 14:56:25,063 INFO  [eu.fayder.restcountries.v2.rest.CountryRestV2:95] Getting by name Guyana
2026-03-25 14:56:25,073 INFO  [eu.fayder.restcountries.v2.rest.CountryRestV2:95] Getting by name Virgin Islands (British)
2026-03-25 14:56:25,096 INFO  [eu.fayder.restcountries.v2.rest.CountryRestV2:95] Getting by name Cyprus
2026-03-25 14:56:25,106 INFO  [eu.fayder.restcountries.v2.rest.CountryRestV2:95] Getting by name Hungary
2026-03-25 14:56:25,126 INFO  [eu.fayder.restcountries.v2.rest.CountryRestV2:95] Getting by name Uzbekistan
2026-03-25 14:56:25,157 INFO  [eu.fayder.restcountries.v2.rest.CountryRestV2:95] Getting by name United Arab Emirates
2026-03-25 14:56:25,189 INFO  [eu.fayder.restcountries.v2.rest.CountryRestV2:95] Getting by name Namibia
2026-03-25 14:56:25,201 INFO  [eu.fayder.restcountries.v2.rest.CountryRestV2:95] Getting by name Chile
2026-03-25 14:56:25,212 INFO  [eu.fayder.restcountries.v2.rest.CountryRestV2:95] Getting by name Greece
2026-03-25 14:56:25,235 INFO  [eu.fayder.restcountries.v2.rest.CountryRestV2:95] Getting by name China
2026-03-25 14:56:25,247 INFO  [eu.fayder.restcountries.v2.rest.CountryRestV2:95] Getting by name Portugal
2026-03-25 14:56:25,262 INFO  [eu.fayder.restcountries.v2.rest.CountryRestV2:95] Getting by name Barbados
2026-03-25 14:56:25,275 INFO  [eu.fayder.restcountries.v2.rest.CountryRestV2:95] Getting by name Belgium
2026-03-25 14:56:25,312 INFO  [eu.fayder.restcountries.v2.rest.CountryRestV2:95] Getting by name Belgium
2026-03-25 14:56:57,236 INFO  [eu.fayder.restcountries.v2.rest.CountryRestV2:111] Getting by calling code ***LLMGenerator***
2026-03-25 14:56:57,265 INFO  [eu.fayder.restcountries.v2.rest.CountryRestV2:111] Getting by calling code 1
2026-03-25 14:56:57,295 INFO  [eu.fayder.restcountries.v2.rest.CountryRestV2:111] Getting by calling code 1
2026-03-25 14:56:57,311 INFO  [eu.fayder.restcountries.v2.rest.CountryRestV2:111] Getting by calling code 674
2026-03-25 14:56:57,327 INFO  [eu.fayder.restcountries.v2.rest.CountryRestV2:111] Getting by calling code 381
2026-03-25 14:56:57,344 INFO  [eu.fayder.restcountries.v2.rest.CountryRestV2:111] Getting by calling code 261
2026-03-25 14:56:57,373 INFO  [eu.fayder.restcountries.v2.rest.CountryRestV2:111] Getting by calling code 41
2026-03-25 14:56:57,389 INFO  [eu.fayder.restcountries.v2.rest.CountryRestV2:111] Getting by calling code 54
2026-03-25 14:56:57,404 INFO  [eu.fayder.restcountries.v2.rest.CountryRestV2:111] Getting by calling code 56
2026-03-25 14:56:57,420 INFO  [eu.fayder.restcountries.v2.rest.CountryRestV2:111] Getting by calling code 46
2026-03-25 14:56:57,435 INFO  [eu.fayder.restcountries.v2.rest.CountryRestV2:111] Getting by calling code 358
2026-03-25 14:56:57,451 INFO  [eu.fayder.restcountries.v2.rest.CountryRestV2:111] Getting by calling code 672
2026-03-25 14:56:57,483 INFO  [eu.fayder.restcountries.v2.rest.CountryRestV2:111] Getting by calling code 264
2026-03-25 14:56:57,514 INFO  [eu.fayder.restcountries.v2.rest.CountryRestV2:111] Getting by calling code 1
2026-03-25 14:56:57,545 INFO  [eu.fayder.restcountries.v2.rest.CountryRestV2:111] Getting by calling code 1
2026-03-25 14:56:57,576 INFO  [eu.fayder.restcountries.v2.rest.CountryRestV2:111] Getting by calling code 246
2026-03-25 14:56:57,606 INFO  [eu.fayder.restcountries.v2.rest.CountryRestV2:111] Getting by calling code 27
2026-03-25 14:56:57,615 INFO  [eu.fayder.restcountries.v2.rest.CountryRestV2:111] Getting by calling code 1
2026-03-25 14:56:57,637 INFO  [eu.fayder.restcountries.v2.rest.CountryRestV2:111] Getting by calling code 51
2026-03-25 14:56:57,646 INFO  [eu.fayder.restcountries.v2.rest.CountryRestV2:111] Getting by calling code 44
2026-03-25 14:56:57,668 INFO  [eu.fayder.restcountries.v2.rest.CountryRestV2:111] Getting by calling code 683
2026-03-25 14:56:57,700 INFO  [eu.fayder.restcountries.v2.rest.CountryRestV2:111] Getting by calling code 680
2026-03-25 14:56:57,711 INFO  [eu.fayder.restcountries.v2.rest.CountryRestV2:111] Getting by calling code 222
2026-03-25 14:56:57,729 INFO  [eu.fayder.restcountries.v2.rest.CountryRestV2:111] Getting by calling code 61
2026-03-25 14:56:57,760 INFO  [eu.fayder.restcountries.v2.rest.CountryRestV2:111] Getting by calling code 850
2026-03-25 14:56:57,791 INFO  [eu.fayder.restcountries.v2.rest.CountryRestV2:111] Getting by calling code 230
2026-03-25 14:56:57,822 INFO  [eu.fayder.restcountries.v2.rest.CountryRestV2:111] Getting by calling code 686
2026-03-25 14:56:57,853 INFO  [eu.fayder.restcountries.v2.rest.CountryRestV2:111] Getting by calling code 852
2026-03-25 14:56:57,884 INFO  [eu.fayder.restcountries.v2.rest.CountryRestV2:111] Getting by calling code 7
2026-03-25 14:56:57,915 INFO  [eu.fayder.restcountries.v2.rest.CountryRestV2:111] Getting by calling code 682
2026-03-25 14:56:57,946 INFO  [eu.fayder.restcountries.v2.rest.CountryRestV2:111] Getting by calling code 351
2026-03-25 14:56:57,954 INFO  [eu.fayder.restcountries.v2.rest.CountryRestV2:111] Getting by calling code 61
2026-03-25 14:56:57,961 INFO  [eu.fayder.restcountries.v2.rest.CountryRestV2:111] Getting by calling code 56
2026-03-25 14:56:57,969 INFO  [eu.fayder.restcountries.v2.rest.CountryRestV2:111] Getting by calling code 263
2026-03-25 14:56:57,994 INFO  [eu.fayder.restcountries.v2.rest.CountryRestV2:111] Getting by calling code 1
2026-03-25 14:56:58,025 INFO  [eu.fayder.restcountries.v2.rest.CountryRestV2:111] Getting by calling code 243
2026-03-25 14:56:58,055 INFO  [eu.fayder.restcountries.v2.rest.CountryRestV2:111] Getting by calling code 672
2026-03-25 14:56:58,087 INFO  [eu.fayder.restcountries.v2.rest.CountryRestV2:111] Getting by calling code 691
2026-03-25 14:56:58,118 INFO  [eu.fayder.restcountries.v2.rest.CountryRestV2:111] Getting by calling code 27
2026-03-25 14:56:58,149 INFO  [eu.fayder.restcountries.v2.rest.CountryRestV2:111] Getting by calling code 591
2026-03-25 14:56:58,180 INFO  [eu.fayder.restcountries.v2.rest.CountryRestV2:111] Getting by calling code 250
2026-03-25 14:56:58,211 INFO  [eu.fayder.restcountries.v2.rest.CountryRestV2:111] Getting by calling code 264
2026-03-25 14:56:58,242 INFO  [eu.fayder.restcountries.v2.rest.CountryRestV2:111] Getting by calling code 592
2026-03-25 14:56:58,274 INFO  [eu.fayder.restcountries.v2.rest.CountryRestV2:111] Getting by calling code 254
2026-03-25 14:56:58,306 INFO  [eu.fayder.restcountries.v2.rest.CountryRestV2:111] Getting by calling code 353
2026-03-25 14:56:58,337 INFO  [eu.fayder.restcountries.v2.rest.CountryRestV2:111] Getting by calling code 680
2026-03-25 14:56:58,368 INFO  [eu.fayder.restcountries.v2.rest.CountryRestV2:111] Getting by calling code 674
2026-03-25 14:56:58,399 INFO  [eu.fayder.restcountries.v2.rest.CountryRestV2:111] Getting by calling code 590
2026-03-25 14:56:58,429 INFO  [eu.fayder.restcountries.v2.rest.CountryRestV2:111] Getting by calling code 968
2026-03-25 14:56:58,460 INFO  [eu.fayder.restcountries.v2.rest.CountryRestV2:111] Getting by calling code 1
2026-03-25 14:57:21,932 INFO  [eu.fayder.restcountries.v2.rest.CountryRestV2:127] Getting by capital ***LLMGenerator***
2026-03-25 14:57:21,947 INFO  [eu.fayder.restcountries.v2.rest.CountryRestV2:127] Getting by capital ***LLMGenerator***
2026-03-25 14:57:21,963 INFO  [eu.fayder.restcountries.v2.rest.CountryRestV2:127] Getting by capital ***LLMGenerator***
2026-03-25 14:57:21,994 INFO  [eu.fayder.restcountries.v2.rest.CountryRestV2:127] Getting by capital ***LLMGenerator***
2026-03-25 14:57:22,024 INFO  [eu.fayder.restcountries.v2.rest.CountryRestV2:127] Getting by capital Sucre
2026-03-25 14:57:22,040 INFO  [eu.fayder.restcountries.v2.rest.CountryRestV2:127] Getting by capital Oslo
2026-03-25 14:57:22,071 INFO  [eu.fayder.restcountries.v2.rest.CountryRestV2:127] Getting by capital Jakarta
2026-03-25 14:57:22,077 INFO  [eu.fayder.restcountries.v2.rest.CountryRestV2:127] Getting by capital Taipei
2026-03-25 14:57:22,102 INFO  [eu.fayder.restcountries.v2.rest.CountryRestV2:127] Getting by capital City of Victoria
2026-03-25 14:57:22,118 INFO  [eu.fayder.restcountries.v2.rest.CountryRestV2:127] Getting by capital Copenhagen
2026-03-25 14:57:22,149 INFO  [eu.fayder.restcountries.v2.rest.CountryRestV2:127] Getting by capital Kinshasa
2026-03-25 14:57:22,164 INFO  [eu.fayder.restcountries.v2.rest.CountryRestV2:127] Getting by capital Harare
2026-03-25 14:57:22,180 INFO  [eu.fayder.restcountries.v2.rest.CountryRestV2:127] Getting by capital Taipei
2026-03-25 14:57:22,195 INFO  [eu.fayder.restcountries.v2.rest.CountryRestV2:127] Getting by capital Oslo
2026-03-25 14:57:22,227 INFO  [eu.fayder.restcountries.v2.rest.CountryRestV2:127] Getting by capital Plymouth
2026-03-25 14:57:22,257 INFO  [eu.fayder.restcountries.v2.rest.CountryRestV2:127] Getting by capital Lilongwe
2026-03-25 14:57:22,288 INFO  [eu.fayder.restcountries.v2.rest.CountryRestV2:127] Getting by capital Ankara
2026-03-25 14:57:22,296 INFO  [eu.fayder.restcountries.v2.rest.CountryRestV2:127] Getting by capital San José
2026-03-25 14:57:22,319 INFO  [eu.fayder.restcountries.v2.rest.CountryRestV2:127] Getting by capital Alofi
2026-03-25 14:57:22,351 INFO  [eu.fayder.restcountries.v2.rest.CountryRestV2:127] Getting by capital Moscow
2026-03-25 14:57:22,382 INFO  [eu.fayder.restcountries.v2.rest.CountryRestV2:127] Getting by capital Panama City
2026-03-25 14:57:22,413 INFO  [eu.fayder.restcountries.v2.rest.CountryRestV2:127] Getting by capital Port of Spain
2026-03-25 14:57:22,444 INFO  [eu.fayder.restcountries.v2.rest.CountryRestV2:127] Getting by capital Harare
2026-03-25 14:57:22,475 INFO  [eu.fayder.restcountries.v2.rest.CountryRestV2:127] Getting by capital Georgetown
2026-03-25 14:57:22,506 INFO  [eu.fayder.restcountries.v2.rest.CountryRestV2:127] Getting by capital New Delhi
2026-03-25 14:57:22,538 INFO  [eu.fayder.restcountries.v2.rest.CountryRestV2:127] Getting by capital Manila
2026-03-25 14:57:22,547 INFO  [eu.fayder.restcountries.v2.rest.CountryRestV2:127] Getting by capital Jakarta
2026-03-25 14:57:22,558 INFO  [eu.fayder.restcountries.v2.rest.CountryRestV2:127] Getting by capital Georgetown
2026-03-25 14:57:22,566 INFO  [eu.fayder.restcountries.v2.rest.CountryRestV2:127] Getting by capital Baghdad
2026-03-25 14:57:22,574 INFO  [eu.fayder.restcountries.v2.rest.CountryRestV2:127] Getting by capital Stockholm
2026-03-25 14:57:22,601 INFO  [eu.fayder.restcountries.v2.rest.CountryRestV2:127] Getting by capital Dakar
2026-03-25 14:57:22,631 INFO  [eu.fayder.restcountries.v2.rest.CountryRestV2:127] Getting by capital Monrovia
2026-03-25 14:57:22,663 INFO  [eu.fayder.restcountries.v2.rest.CountryRestV2:127] Getting by capital Diego Garcia
2026-03-25 14:57:22,694 INFO  [eu.fayder.restcountries.v2.rest.CountryRestV2:127] Getting by capital Baghdad
2026-03-25 14:57:22,725 INFO  [eu.fayder.restcountries.v2.rest.CountryRestV2:127] Getting by capital Panama City
2026-03-25 14:57:22,757 INFO  [eu.fayder.restcountries.v2.rest.CountryRestV2:127] Getting by capital Juba
2026-03-25 14:57:22,787 INFO  [eu.fayder.restcountries.v2.rest.CountryRestV2:127] Getting by capital King Edward Point
2026-03-25 14:57:22,818 INFO  [eu.fayder.restcountries.v2.rest.CountryRestV2:127] Getting by capital Marigot
2026-03-25 14:57:22,850 INFO  [eu.fayder.restcountries.v2.rest.CountryRestV2:127] Getting by capital Port-au-Prince
2026-03-25 14:57:22,860 INFO  [eu.fayder.restcountries.v2.rest.CountryRestV2:127] Getting by capital Warsaw
2026-03-25 14:57:22,881 INFO  [eu.fayder.restcountries.v2.rest.CountryRestV2:127] Getting by capital Warsaw
2026-03-25 14:57:22,891 INFO  [eu.fayder.restcountries.v2.rest.CountryRestV2:127] Getting by capital Stockholm
2026-03-25 14:57:22,927 INFO  [eu.fayder.restcountries.v2.rest.CountryRestV2:127] Getting by capital Rabat
2026-03-25 14:57:22,959 INFO  [eu.fayder.restcountries.v2.rest.CountryRestV2:127] Getting by capital Baku
2026-03-25 14:57:22,989 INFO  [eu.fayder.restcountries.v2.rest.CountryRestV2:127] Getting by capital Ashgabat
2026-03-25 14:57:23,020 INFO  [eu.fayder.restcountries.v2.rest.CountryRestV2:127] Getting by capital Canberra
2026-03-25 14:57:23,051 INFO  [eu.fayder.restcountries.v2.rest.CountryRestV2:127] Getting by capital Sarajevo
2026-03-25 14:57:23,081 INFO  [eu.fayder.restcountries.v2.rest.CountryRestV2:127] Getting by capital Hagåtña
2026-03-25 14:57:50,780 INFO  [eu.fayder.restcountries.v2.rest.CountryRestV2:143] Getting by region Asia
2026-03-25 14:57:50,811 INFO  [eu.fayder.restcountries.v2.rest.CountryRestV2:143] Getting by region ***LLMGenerator***
2026-03-25 14:57:50,828 INFO  [eu.fayder.restcountries.v2.rest.CountryRestV2:143] Getting by region Europe
2026-03-25 14:57:50,858 INFO  [eu.fayder.restcountries.v2.rest.CountryRestV2:143] Getting by region Asia
2026-03-25 14:57:50,889 INFO  [eu.fayder.restcountries.v2.rest.CountryRestV2:143] Getting by region Americas
2026-03-25 14:57:50,921 INFO  [eu.fayder.restcountries.v2.rest.CountryRestV2:143] Getting by region Asia
2026-03-25 14:57:50,951 INFO  [eu.fayder.restcountries.v2.rest.CountryRestV2:143] Getting by region Europe
2026-03-25 14:57:50,982 INFO  [eu.fayder.restcountries.v2.rest.CountryRestV2:143] Getting by region Europe
2026-03-25 14:57:51,014 INFO  [eu.fayder.restcountries.v2.rest.CountryRestV2:143] Getting by region Africa
2026-03-25 14:57:51,044 INFO  [eu.fayder.restcountries.v2.rest.CountryRestV2:143] Getting by region Europe
2026-03-25 14:57:51,074 INFO  [eu.fayder.restcountries.v2.rest.CountryRestV2:143] Getting by region Americas
2026-03-25 14:57:51,106 INFO  [eu.fayder.restcountries.v2.rest.CountryRestV2:143] Getting by region Europe
2026-03-25 14:57:51,137 INFO  [eu.fayder.restcountries.v2.rest.CountryRestV2:143] Getting by region Americas
2026-03-25 14:57:51,168 INFO  [eu.fayder.restcountries.v2.rest.CountryRestV2:143] Getting by region Americas
2026-03-25 14:57:51,199 INFO  [eu.fayder.restcountries.v2.rest.CountryRestV2:143] Getting by region Asia
2026-03-25 14:57:51,231 INFO  [eu.fayder.restcountries.v2.rest.CountryRestV2:143] Getting by region Americas
2026-03-25 14:57:51,241 INFO  [eu.fayder.restcountries.v2.rest.CountryRestV2:143] Getting by region Africa
2026-03-25 14:57:51,276 INFO  [eu.fayder.restcountries.v2.rest.CountryRestV2:143] Getting by region Americas
2026-03-25 14:57:51,307 INFO  [eu.fayder.restcountries.v2.rest.CountryRestV2:143] Getting by region Asia
2026-03-25 14:57:51,338 INFO  [eu.fayder.restcountries.v2.rest.CountryRestV2:143] Getting by region Africa
2026-03-25 14:57:51,369 INFO  [eu.fayder.restcountries.v2.rest.CountryRestV2:143] Getting by region Asia
2026-03-25 14:57:51,401 INFO  [eu.fayder.restcountries.v2.rest.CountryRestV2:143] Getting by region Americas
2026-03-25 14:57:51,414 INFO  [eu.fayder.restcountries.v2.rest.CountryRestV2:143] Getting by region Africa
2026-03-25 14:57:51,430 INFO  [eu.fayder.restcountries.v2.rest.CountryRestV2:143] Getting by region Europe
2026-03-25 14:57:51,444 INFO  [eu.fayder.restcountries.v2.rest.CountryRestV2:143] Getting by region Africa
2026-03-25 14:57:51,459 INFO  [eu.fayder.restcountries.v2.rest.CountryRestV2:143] Getting by region Africa
2026-03-25 14:57:51,474 INFO  [eu.fayder.restcountries.v2.rest.CountryRestV2:143] Getting by region Africa
2026-03-25 14:57:51,490 INFO  [eu.fayder.restcountries.v2.rest.CountryRestV2:143] Getting by region Asia
2026-03-25 14:57:51,524 INFO  [eu.fayder.restcountries.v2.rest.CountryRestV2:143] Getting by region Europe
2026-03-25 14:57:51,556 INFO  [eu.fayder.restcountries.v2.rest.CountryRestV2:143] Getting by region Asia
2026-03-25 14:57:51,587 INFO  [eu.fayder.restcountries.v2.rest.CountryRestV2:143] Getting by region Americas
2026-03-25 14:57:51,619 INFO  [eu.fayder.restcountries.v2.rest.CountryRestV2:143] Getting by region Africa
2026-03-25 14:57:51,651 INFO  [eu.fayder.restcountries.v2.rest.CountryRestV2:143] Getting by region Africa
2026-03-25 14:57:51,682 INFO  [eu.fayder.restcountries.v2.rest.CountryRestV2:143] Getting by region Asia
2026-03-25 14:57:51,713 INFO  [eu.fayder.restcountries.v2.rest.CountryRestV2:143] Getting by region Oceania
2026-03-25 14:57:51,744 INFO  [eu.fayder.restcountries.v2.rest.CountryRestV2:143] Getting by region Africa
2026-03-25 14:57:51,776 INFO  [eu.fayder.restcountries.v2.rest.CountryRestV2:143] Getting by region Africa
2026-03-25 14:57:51,807 INFO  [eu.fayder.restcountries.v2.rest.CountryRestV2:143] Getting by region Oceania
2026-03-25 14:57:51,837 INFO  [eu.fayder.restcountries.v2.rest.CountryRestV2:143] Getting by region Asia
2026-03-25 14:57:51,869 INFO  [eu.fayder.restcountries.v2.rest.CountryRestV2:143] Getting by region Africa
2026-03-25 14:57:51,915 INFO  [eu.fayder.restcountries.v2.rest.CountryRestV2:143] Getting by region Americas
2026-03-25 14:57:51,947 INFO  [eu.fayder.restcountries.v2.rest.CountryRestV2:143] Getting by region Asia
2026-03-25 14:57:51,965 INFO  [eu.fayder.restcountries.v2.rest.CountryRestV2:143] Getting by region Africa
2026-03-25 14:57:51,985 INFO  [eu.fayder.restcountries.v2.rest.CountryRestV2:143] Getting by region Americas
2026-03-25 14:57:52,024 INFO  [eu.fayder.restcountries.v2.rest.CountryRestV2:143] Getting by region Europe
2026-03-25 14:57:52,055 INFO  [eu.fayder.restcountries.v2.rest.CountryRestV2:143] Getting by region Asia
2026-03-25 14:57:52,086 INFO  [eu.fayder.restcountries.v2.rest.CountryRestV2:143] Getting by region Asia
2026-03-25 14:57:52,108 INFO  [eu.fayder.restcountries.v2.rest.CountryRestV2:143] Getting by region Europe
2026-03-25 14:57:52,129 INFO  [eu.fayder.restcountries.v2.rest.CountryRestV2:143] Getting by region Americas
2026-03-25 14:57:52,163 INFO  [eu.fayder.restcountries.v2.rest.CountryRestV2:143] Getting by region Africa
2026-03-25 14:58:17,454 INFO  [eu.fayder.restcountries.v2.rest.CountryRestV2:159] Getting by sub region ***LLMGenerator***
2026-03-25 14:58:17,479 INFO  [eu.fayder.restcountries.v2.rest.CountryRestV2:159] Getting by sub region Southern Europe
2026-03-25 14:58:17,495 INFO  [eu.fayder.restcountries.v2.rest.CountryRestV2:159] Getting by sub region ***LLMGenerator***
2026-03-25 14:58:17,526 INFO  [eu.fayder.restcountries.v2.rest.CountryRestV2:159] Getting by sub region ***LLMGenerator***
2026-03-25 14:58:17,556 INFO  [eu.fayder.restcountries.v2.rest.CountryRestV2:159] Getting by sub region Southern Europe
2026-03-25 14:58:17,588 INFO  [eu.fayder.restcountries.v2.rest.CountryRestV2:159] Getting by sub region Eastern Europe
2026-03-25 14:58:17,619 INFO  [eu.fayder.restcountries.v2.rest.CountryRestV2:159] Getting by sub region Micronesia
2026-03-25 14:58:17,624 INFO  [eu.fayder.restcountries.v2.rest.CountryRestV2:159] Getting by sub region Eastern Africa
2026-03-25 14:58:17,631 INFO  [eu.fayder.restcountries.v2.rest.CountryRestV2:159] Getting by sub region Western Asia
2026-03-25 14:58:17,649 INFO  [eu.fayder.restcountries.v2.rest.CountryRestV2:159] Getting by sub region Central America
2026-03-25 14:58:17,666 INFO  [eu.fayder.restcountries.v2.rest.CountryRestV2:159] Getting by sub region Western Europe
2026-03-25 14:58:17,697 INFO  [eu.fayder.restcountries.v2.rest.CountryRestV2:159] Getting by sub region Southern Africa
2026-03-25 14:58:17,728 INFO  [eu.fayder.restcountries.v2.rest.CountryRestV2:159] Getting by sub region Western Asia
2026-03-25 14:58:17,759 INFO  [eu.fayder.restcountries.v2.rest.CountryRestV2:159] Getting by sub region Central America
2026-03-25 14:58:17,791 INFO  [eu.fayder.restcountries.v2.rest.CountryRestV2:159] Getting by sub region Eastern Africa
2026-03-25 14:58:17,823 INFO  [eu.fayder.restcountries.v2.rest.CountryRestV2:159] Getting by sub region Southern Asia
2026-03-25 14:58:17,853 INFO  [eu.fayder.restcountries.v2.rest.CountryRestV2:159] Getting by sub region Polynesia
2026-03-25 14:58:17,885 INFO  [eu.fayder.restcountries.v2.rest.CountryRestV2:159] Getting by sub region Polynesia
2026-03-25 14:58:17,916 INFO  [eu.fayder.restcountries.v2.rest.CountryRestV2:159] Getting by sub region Micronesia
2026-03-25 14:58:17,947 INFO  [eu.fayder.restcountries.v2.rest.CountryRestV2:159] Getting by sub region Western Asia
2026-03-25 14:58:17,954 INFO  [eu.fayder.restcountries.v2.rest.CountryRestV2:159] Getting by sub region Caribbean
2026-03-25 14:58:17,978 INFO  [eu.fayder.restcountries.v2.rest.CountryRestV2:159] Getting by sub region Southern Asia
2026-03-25 14:58:18,010 INFO  [eu.fayder.restcountries.v2.rest.CountryRestV2:159] Getting by sub region Eastern Africa
2026-03-25 14:58:18,041 INFO  [eu.fayder.restcountries.v2.rest.CountryRestV2:159] Getting by sub region Western Europe
2026-03-25 14:58:18,071 INFO  [eu.fayder.restcountries.v2.rest.CountryRestV2:159] Getting by sub region Northern Europe
2026-03-25 14:58:18,103 INFO  [eu.fayder.restcountries.v2.rest.CountryRestV2:159] Getting by sub region Northern America
2026-03-25 14:58:18,134 INFO  [eu.fayder.restcountries.v2.rest.CountryRestV2:159] Getting by sub region Caribbean
2026-03-25 14:58:18,166 INFO  [eu.fayder.restcountries.v2.rest.CountryRestV2:159] Getting by sub region Caribbean
2026-03-25 14:58:18,197 INFO  [eu.fayder.restcountries.v2.rest.CountryRestV2:159] Getting by sub region Western Africa
2026-03-25 14:58:18,207 INFO  [eu.fayder.restcountries.v2.rest.CountryRestV2:159] Getting by sub region Northern Africa
2026-03-25 14:58:18,228 INFO  [eu.fayder.restcountries.v2.rest.CountryRestV2:159] Getting by sub region Central Asia
2026-03-25 14:58:18,239 INFO  [eu.fayder.restcountries.v2.rest.CountryRestV2:159] Getting by sub region Eastern Europe
2026-03-25 14:58:18,259 INFO  [eu.fayder.restcountries.v2.rest.CountryRestV2:159] Getting by sub region Caribbean
2026-03-25 14:58:18,290 INFO  [eu.fayder.restcountries.v2.rest.CountryRestV2:159] Getting by sub region Eastern Europe
2026-03-25 14:58:18,321 INFO  [eu.fayder.restcountries.v2.rest.CountryRestV2:159] Getting by sub region Caribbean
2026-03-25 14:58:18,351 INFO  [eu.fayder.restcountries.v2.rest.CountryRestV2:159] Getting by sub region Western Europe
2026-03-25 14:58:18,382 INFO  [eu.fayder.restcountries.v2.rest.CountryRestV2:159] Getting by sub region Eastern Africa
2026-03-25 14:58:18,393 INFO  [eu.fayder.restcountries.v2.rest.CountryRestV2:159] Getting by sub region Eastern Africa
2026-03-25 14:58:18,414 INFO  [eu.fayder.restcountries.v2.rest.CountryRestV2:159] Getting by sub region Southern Europe
2026-03-25 14:58:18,445 INFO  [eu.fayder.restcountries.v2.rest.CountryRestV2:159] Getting by sub region Western Europe
2026-03-25 14:58:18,476 INFO  [eu.fayder.restcountries.v2.rest.CountryRestV2:159] Getting by sub region Northern Africa
2026-03-25 14:58:18,506 INFO  [eu.fayder.restcountries.v2.rest.CountryRestV2:159] Getting by sub region Eastern Africa
2026-03-25 14:58:18,537 INFO  [eu.fayder.restcountries.v2.rest.CountryRestV2:159] Getting by sub region Southern Europe
2026-03-25 14:58:18,549 INFO  [eu.fayder.restcountries.v2.rest.CountryRestV2:159] Getting by sub region Southern Africa
2026-03-25 14:58:18,561 INFO  [eu.fayder.restcountries.v2.rest.CountryRestV2:159] Getting by sub region Caribbean
2026-03-25 14:58:18,572 INFO  [eu.fayder.restcountries.v2.rest.CountryRestV2:159] Getting by sub region Southern Africa
2026-03-25 14:58:18,600 INFO  [eu.fayder.restcountries.v2.rest.CountryRestV2:159] Getting by sub region South-Eastern Asia
2026-03-25 14:58:18,631 INFO  [eu.fayder.restcountries.v2.rest.CountryRestV2:159] Getting by sub region Northern Europe
2026-03-25 14:58:18,662 INFO  [eu.fayder.restcountries.v2.rest.CountryRestV2:159] Getting by sub region South-Eastern Asia
2026-03-25 14:58:49,303 INFO  [eu.fayder.restcountries.v2.rest.CountryRestV2:175] Getting by language en
2026-03-25 14:58:49,327 INFO  [eu.fayder.restcountries.v2.rest.CountryRestV2:175] Getting by language fr
2026-03-25 14:58:49,358 INFO  [eu.fayder.restcountries.v2.rest.CountryRestV2:175] Getting by language es
2026-03-25 14:58:49,389 INFO  [eu.fayder.restcountries.v2.rest.CountryRestV2:175] Getting by language de
2026-03-25 14:58:49,420 INFO  [eu.fayder.restcountries.v2.rest.CountryRestV2:175] Getting by language it
2026-03-25 14:58:49,451 INFO  [eu.fayder.restcountries.v2.rest.CountryRestV2:175] Getting by language pt
2026-03-25 14:58:49,457 INFO  [eu.fayder.restcountries.v2.rest.CountryRestV2:175] Getting by language ru
2026-03-25 14:58:49,481 INFO  [eu.fayder.restcountries.v2.rest.CountryRestV2:175] Getting by language ja
2026-03-25 14:58:49,512 INFO  [eu.fayder.restcountries.v2.rest.CountryRestV2:175] Getting by language zh
2026-03-25 14:58:49,543 INFO  [eu.fayder.restcountries.v2.rest.CountryRestV2:175] Getting by language ko
2026-03-25 14:58:49,574 INFO  [eu.fayder.restcountries.v2.rest.CountryRestV2:175] Getting by language ar
2026-03-25 14:58:49,605 INFO  [eu.fayder.restcountries.v2.rest.CountryRestV2:175] Getting by language nl
2026-03-25 14:58:49,636 INFO  [eu.fayder.restcountries.v2.rest.CountryRestV2:175] Getting by language sv
2026-03-25 14:58:49,667 INFO  [eu.fayder.restcountries.v2.rest.CountryRestV2:175] Getting by language no
2026-03-25 14:58:49,698 INFO  [eu.fayder.restcountries.v2.rest.CountryRestV2:175] Getting by language da
2026-03-25 14:58:49,706 INFO  [eu.fayder.restcountries.v2.rest.CountryRestV2:175] Getting by language fi
2026-03-25 14:58:49,729 INFO  [eu.fayder.restcountries.v2.rest.CountryRestV2:175] Getting by language pl
2026-03-25 14:58:49,759 INFO  [eu.fayder.restcountries.v2.rest.CountryRestV2:175] Getting by language tr
2026-03-25 14:58:49,791 INFO  [eu.fayder.restcountries.v2.rest.CountryRestV2:175] Getting by language cs
2026-03-25 14:58:49,822 INFO  [eu.fayder.restcountries.v2.rest.CountryRestV2:175] Getting by language hu
2026-03-25 14:58:49,853 INFO  [eu.fayder.restcountries.v2.rest.CountryRestV2:175] Getting by language el
2026-03-25 14:58:49,883 INFO  [eu.fayder.restcountries.v2.rest.CountryRestV2:175] Getting by language he
2026-03-25 14:58:49,913 INFO  [eu.fayder.restcountries.v2.rest.CountryRestV2:175] Getting by language ro
2026-03-25 14:58:49,921 INFO  [eu.fayder.restcountries.v2.rest.CountryRestV2:175] Getting by language sk
2026-03-25 14:58:49,944 INFO  [eu.fayder.restcountries.v2.rest.CountryRestV2:175] Getting by language bg
2026-03-25 14:58:49,975 INFO  [eu.fayder.restcountries.v2.rest.CountryRestV2:175] Getting by language uk
2026-03-25 14:58:50,006 INFO  [eu.fayder.restcountries.v2.rest.CountryRestV2:175] Getting by language hr
2026-03-25 14:58:50,038 INFO  [eu.fayder.restcountries.v2.rest.CountryRestV2:175] Getting by language lt
2026-03-25 14:58:50,070 INFO  [eu.fayder.restcountries.v2.rest.CountryRestV2:175] Getting by language lv
2026-03-25 14:58:50,101 INFO  [eu.fayder.restcountries.v2.rest.CountryRestV2:175] Getting by language id
2026-03-25 14:58:50,132 INFO  [eu.fayder.restcountries.v2.rest.CountryRestV2:175] Getting by language ms
2026-03-25 14:58:50,141 INFO  [eu.fayder.restcountries.v2.rest.CountryRestV2:175] Getting by language th
2026-03-25 14:58:50,163 INFO  [eu.fayder.restcountries.v2.rest.CountryRestV2:175] Getting by language vi
2026-03-25 14:58:50,194 INFO  [eu.fayder.restcountries.v2.rest.CountryRestV2:175] Getting by language fa
2026-03-25 14:58:50,203 INFO  [eu.fayder.restcountries.v2.rest.CountryRestV2:175] Getting by language bn
2026-03-25 14:58:50,224 INFO  [eu.fayder.restcountries.v2.rest.CountryRestV2:175] Getting by language ta
2026-03-25 14:58:50,256 INFO  [eu.fayder.restcountries.v2.rest.CountryRestV2:175] Getting by language te
2026-03-25 14:58:50,265 INFO  [eu.fayder.restcountries.v2.rest.CountryRestV2:175] Getting by language kn
2026-03-25 14:58:50,286 INFO  [eu.fayder.restcountries.v2.rest.CountryRestV2:175] Getting by language ml
2026-03-25 14:58:50,317 INFO  [eu.fayder.restcountries.v2.rest.CountryRestV2:175] Getting by language mr
2026-03-25 14:58:50,348 INFO  [eu.fayder.restcountries.v2.rest.CountryRestV2:175] Getting by language gu
2026-03-25 14:58:50,359 INFO  [eu.fayder.restcountries.v2.rest.CountryRestV2:175] Getting by language or
2026-03-25 14:58:50,394 INFO  [eu.fayder.restcountries.v2.rest.CountryRestV2:175] Getting by language pa
2026-03-25 14:58:50,426 INFO  [eu.fayder.restcountries.v2.rest.CountryRestV2:175] Getting by language si
2026-03-25 14:58:50,457 INFO  [eu.fayder.restcountries.v2.rest.CountryRestV2:175] Getting by language ne
2026-03-25 14:58:50,489 INFO  [eu.fayder.restcountries.v2.rest.CountryRestV2:175] Getting by language sd
2026-03-25 14:58:50,499 INFO  [eu.fayder.restcountries.v2.rest.CountryRestV2:175] Getting by language km
2026-03-25 14:58:50,535 INFO  [eu.fayder.restcountries.v2.rest.CountryRestV2:175] Getting by language lo
2026-03-25 14:58:50,567 INFO  [eu.fayder.restcountries.v2.rest.CountryRestV2:175] Getting by language my
2026-03-25 14:58:50,597 INFO  [eu.fayder.restcountries.v2.rest.CountryRestV2:175] Getting by language am
2026-03-25 14:59:25,603 INFO  [eu.fayder.restcountries.v2.rest.CountryRestV2:191] Getting by demonym ***LLMGenerator***
2026-03-25 14:59:25,634 INFO  [eu.fayder.restcountries.v2.rest.CountryRestV2:191] Getting by demonym ***LLMGenerator***
2026-03-25 14:59:25,639 INFO  [eu.fayder.restcountries.v2.rest.CountryRestV2:191] Getting by demonym ***LLMGenerator***
2026-03-25 14:59:25,665 INFO  [eu.fayder.restcountries.v2.rest.CountryRestV2:191] Getting by demonym ***LLMGenerator***
2026-03-25 14:59:25,680 INFO  [eu.fayder.restcountries.v2.rest.CountryRestV2:191] Getting by demonym Bolivian
2026-03-25 14:59:25,696 INFO  [eu.fayder.restcountries.v2.rest.CountryRestV2:191] Getting by demonym Canadian
2026-03-25 14:59:25,712 INFO  [eu.fayder.restcountries.v2.rest.CountryRestV2:191] Getting by demonym Chilean
2026-03-25 14:59:25,742 INFO  [eu.fayder.restcountries.v2.rest.CountryRestV2:191] Getting by demonym Guatemalan
2026-03-25 14:59:25,758 INFO  [eu.fayder.restcountries.v2.rest.CountryRestV2:191] Getting by demonym Dominican
2026-03-25 14:59:25,774 INFO  [eu.fayder.restcountries.v2.rest.CountryRestV2:191] Getting by demonym Canadian
2026-03-25 14:59:25,779 INFO  [eu.fayder.restcountries.v2.rest.CountryRestV2:191] Getting by demonym Dominican
2026-03-25 14:59:25,804 INFO  [eu.fayder.restcountries.v2.rest.CountryRestV2:191] Getting by demonym Russian
2026-03-25 14:59:25,820 INFO  [eu.fayder.restcountries.v2.rest.CountryRestV2:191] Getting by demonym Jamaican
2026-03-25 14:59:25,850 INFO  [eu.fayder.restcountries.v2.rest.CountryRestV2:191] Getting by demonym Irish
2026-03-25 14:59:25,866 INFO  [eu.fayder.restcountries.v2.rest.CountryRestV2:191] Getting by demonym Guatemalan
2026-03-25 14:59:25,897 INFO  [eu.fayder.restcountries.v2.rest.CountryRestV2:191] Getting by demonym Australian
2026-03-25 14:59:25,929 INFO  [eu.fayder.restcountries.v2.rest.CountryRestV2:191] Getting by demonym Portuguese
2026-03-25 14:59:25,960 INFO  [eu.fayder.restcountries.v2.rest.CountryRestV2:191] Getting by demonym Norwegian
2026-03-25 14:59:25,991 INFO  [eu.fayder.restcountries.v2.rest.CountryRestV2:191] Getting by demonym Jamaican
2026-03-25 14:59:26,007 INFO  [eu.fayder.restcountries.v2.rest.CountryRestV2:191] Getting by demonym Canadian
2026-03-25 14:59:26,039 INFO  [eu.fayder.restcountries.v2.rest.CountryRestV2:191] Getting by demonym Irish
2026-03-25 14:59:26,069 INFO  [eu.fayder.restcountries.v2.rest.CountryRestV2:191] Getting by demonym Dominican
2026-03-25 14:59:26,100 INFO  [eu.fayder.restcountries.v2.rest.CountryRestV2:191] Getting by demonym Dominican
2026-03-25 14:59:26,131 INFO  [eu.fayder.restcountries.v2.rest.CountryRestV2:191] Getting by demonym Dominican
2026-03-25 14:59:26,162 INFO  [eu.fayder.restcountries.v2.rest.CountryRestV2:191] Getting by demonym Chilean
2026-03-25 14:59:26,193 INFO  [eu.fayder.restcountries.v2.rest.CountryRestV2:191] Getting by demonym Polish
2026-03-25 14:59:26,225 INFO  [eu.fayder.restcountries.v2.rest.CountryRestV2:191] Getting by demonym Bolivian
2026-03-25 14:59:26,256 INFO  [eu.fayder.restcountries.v2.rest.CountryRestV2:191] Getting by demonym Honduran
2026-03-25 14:59:26,287 INFO  [eu.fayder.restcountries.v2.rest.CountryRestV2:191] Getting by demonym Australian
2026-03-25 14:59:26,319 INFO  [eu.fayder.restcountries.v2.rest.CountryRestV2:191] Getting by demonym German
2026-03-25 14:59:26,349 INFO  [eu.fayder.restcountries.v2.rest.CountryRestV2:191] Getting by demonym Bolivian
2026-03-25 14:59:26,380 INFO  [eu.fayder.restcountries.v2.rest.CountryRestV2:191] Getting by demonym Jamaican
2026-03-25 14:59:26,411 INFO  [eu.fayder.restcountries.v2.rest.CountryRestV2:191] Getting by demonym Costa Rican
2026-03-25 14:59:26,442 INFO  [eu.fayder.restcountries.v2.rest.CountryRestV2:191] Getting by demonym Polish
2026-03-25 14:59:26,474 INFO  [eu.fayder.restcountries.v2.rest.CountryRestV2:191] Getting by demonym Chilean
2026-03-25 14:59:26,504 INFO  [eu.fayder.restcountries.v2.rest.CountryRestV2:191] Getting by demonym Costa Rican
2026-03-25 14:59:26,534 INFO  [eu.fayder.restcountries.v2.rest.CountryRestV2:191] Getting by demonym Russian
2026-03-25 14:59:26,566 INFO  [eu.fayder.restcountries.v2.rest.CountryRestV2:191] Getting by demonym Jamaican
2026-03-25 14:59:26,596 INFO  [eu.fayder.restcountries.v2.rest.CountryRestV2:191] Getting by demonym Australian
2026-03-25 14:59:26,628 INFO  [eu.fayder.restcountries.v2.rest.CountryRestV2:191] Getting by demonym Polish
2026-03-25 14:59:26,658 INFO  [eu.fayder.restcountries.v2.rest.CountryRestV2:191] Getting by demonym Portuguese
2026-03-25 14:59:26,689 INFO  [eu.fayder.restcountries.v2.rest.CountryRestV2:191] Getting by demonym Venezuelan
2026-03-25 14:59:26,720 INFO  [eu.fayder.restcountries.v2.rest.CountryRestV2:191] Getting by demonym Japanese
2026-03-25 14:59:26,751 INFO  [eu.fayder.restcountries.v2.rest.CountryRestV2:191] Getting by demonym Panamanian
2026-03-25 14:59:26,766 INFO  [eu.fayder.restcountries.v2.rest.CountryRestV2:191] Getting by demonym Belizean
2026-03-25 14:59:26,797 INFO  [eu.fayder.restcountries.v2.rest.CountryRestV2:191] Getting by demonym Russian
2026-03-25 14:59:26,829 INFO  [eu.fayder.restcountries.v2.rest.CountryRestV2:191] Getting by demonym Bolivian
2026-03-25 14:59:26,860 INFO  [eu.fayder.restcountries.v2.rest.CountryRestV2:191] Getting by demonym Dominican
2026-03-25 14:59:26,891 INFO  [eu.fayder.restcountries.v2.rest.CountryRestV2:191] Getting by demonym Irish
2026-03-25 14:59:26,922 INFO  [eu.fayder.restcountries.v2.rest.CountryRestV2:191] Getting by demonym Polish
2026-03-25 15:00:07,066 INFO  [eu.fayder.restcountries.v2.rest.CountryRestV2:207] Getting by regional bloc ***LLMGenerator***
2026-03-25 15:00:07,093 INFO  [eu.fayder.restcountries.v2.rest.CountryRestV2:207] Getting by regional bloc ***LLMGenerator***
2026-03-25 15:00:07,108 INFO  [eu.fayder.restcountries.v2.rest.CountryRestV2:207] Getting by regional bloc ***LLMGenerator***
2026-03-25 15:00:07,124 INFO  [eu.fayder.restcountries.v2.rest.CountryRestV2:207] Getting by regional bloc EU
2026-03-25 15:00:07,154 INFO  [eu.fayder.restcountries.v2.rest.CountryRestV2:207] Getting by regional bloc NAFTA
2026-03-25 15:00:07,186 INFO  [eu.fayder.restcountries.v2.rest.CountryRestV2:207] Getting by regional bloc AU
2026-03-25 15:00:07,193 INFO  [eu.fayder.restcountries.v2.rest.CountryRestV2:207] Getting by regional bloc ASEAN
2026-03-25 15:00:07,199 INFO  [eu.fayder.restcountries.v2.rest.CountryRestV2:207] Getting by regional bloc CARICOM
2026-03-25 15:00:07,206 INFO  [eu.fayder.restcountries.v2.rest.CountryRestV2:207] Getting by regional bloc PA
2026-03-25 15:00:07,232 INFO  [eu.fayder.restcountries.v2.rest.CountryRestV2:207] Getting by regional bloc AU
2026-03-25 15:00:07,263 INFO  [eu.fayder.restcountries.v2.rest.CountryRestV2:207] Getting by regional bloc EU
2026-03-25 15:00:07,273 INFO  [eu.fayder.restcountries.v2.rest.CountryRestV2:207] Getting by regional bloc NAFTA
2026-03-25 15:00:07,293 INFO  [eu.fayder.restcountries.v2.rest.CountryRestV2:207] Getting by regional bloc ASEAN
2026-03-25 15:00:07,300 INFO  [eu.fayder.restcountries.v2.rest.CountryRestV2:207] Getting by regional bloc CARICOM
2026-03-25 15:00:07,325 INFO  [eu.fayder.restcountries.v2.rest.CountryRestV2:207] Getting by regional bloc PA
2026-03-25 15:00:07,356 INFO  [eu.fayder.restcountries.v2.rest.CountryRestV2:207] Getting by regional bloc EU
2026-03-25 15:00:07,387 INFO  [eu.fayder.restcountries.v2.rest.CountryRestV2:207] Getting by regional bloc NAFTA
2026-03-25 15:00:07,417 INFO  [eu.fayder.restcountries.v2.rest.CountryRestV2:207] Getting by regional bloc AU
2026-03-25 15:00:07,428 INFO  [eu.fayder.restcountries.v2.rest.CountryRestV2:207] Getting by regional bloc ASEAN
2026-03-25 15:00:07,448 INFO  [eu.fayder.restcountries.v2.rest.CountryRestV2:207] Getting by regional bloc CARICOM
2026-03-25 15:00:07,479 INFO  [eu.fayder.restcountries.v2.rest.CountryRestV2:207] Getting by regional bloc PA
2026-03-25 15:00:07,510 INFO  [eu.fayder.restcountries.v2.rest.CountryRestV2:207] Getting by regional bloc EU
2026-03-25 15:00:07,518 INFO  [eu.fayder.restcountries.v2.rest.CountryRestV2:207] Getting by regional bloc NAFTA
2026-03-25 15:00:07,541 INFO  [eu.fayder.restcountries.v2.rest.CountryRestV2:207] Getting by regional bloc AU
2026-03-25 15:00:07,572 INFO  [eu.fayder.restcountries.v2.rest.CountryRestV2:207] Getting by regional bloc ASEAN
2026-03-25 15:00:07,603 INFO  [eu.fayder.restcountries.v2.rest.CountryRestV2:207] Getting by regional bloc CARICOM
2026-03-25 15:00:07,634 INFO  [eu.fayder.restcountries.v2.rest.CountryRestV2:207] Getting by regional bloc PA
2026-03-25 15:00:07,665 INFO  [eu.fayder.restcountries.v2.rest.CountryRestV2:207] Getting by regional bloc EU
2026-03-25 15:00:07,696 INFO  [eu.fayder.restcountries.v2.rest.CountryRestV2:207] Getting by regional bloc NAFTA
2026-03-25 15:00:07,727 INFO  [eu.fayder.restcountries.v2.rest.CountryRestV2:207] Getting by regional bloc AU
2026-03-25 15:00:07,758 INFO  [eu.fayder.restcountries.v2.rest.CountryRestV2:207] Getting by regional bloc ASEAN
2026-03-25 15:00:07,788 INFO  [eu.fayder.restcountries.v2.rest.CountryRestV2:207] Getting by regional bloc CARICOM
2026-03-25 15:00:07,820 INFO  [eu.fayder.restcountries.v2.rest.CountryRestV2:207] Getting by regional bloc PA
2026-03-25 15:00:07,850 INFO  [eu.fayder.restcountries.v2.rest.CountryRestV2:207] Getting by regional bloc EU
2026-03-25 15:00:07,881 INFO  [eu.fayder.restcountries.v2.rest.CountryRestV2:207] Getting by regional bloc NAFTA
2026-03-25 15:00:07,912 INFO  [eu.fayder.restcountries.v2.rest.CountryRestV2:207] Getting by regional bloc AU
2026-03-25 15:00:07,943 INFO  [eu.fayder.restcountries.v2.rest.CountryRestV2:207] Getting by regional bloc ASEAN
2026-03-25 15:00:07,975 INFO  [eu.fayder.restcountries.v2.rest.CountryRestV2:207] Getting by regional bloc CARICOM
2026-03-25 15:00:07,986 INFO  [eu.fayder.restcountries.v2.rest.CountryRestV2:207] Getting by regional bloc PA
2026-03-25 15:00:07,999 INFO  [eu.fayder.restcountries.v2.rest.CountryRestV2:207] Getting by regional bloc EU
2026-03-25 15:00:08,037 INFO  [eu.fayder.restcountries.v2.rest.CountryRestV2:207] Getting by regional bloc NAFTA
2026-03-25 15:00:08,069 INFO  [eu.fayder.restcountries.v2.rest.CountryRestV2:207] Getting by regional bloc AU
2026-03-25 15:00:08,083 INFO  [eu.fayder.restcountries.v2.rest.CountryRestV2:207] Getting by regional bloc ASEAN
2026-03-25 15:00:08,114 INFO  [eu.fayder.restcountries.v2.rest.CountryRestV2:207] Getting by regional bloc CARICOM
2026-03-25 15:00:08,127 INFO  [eu.fayder.restcountries.v2.rest.CountryRestV2:207] Getting by regional bloc PA
2026-03-25 15:00:08,161 INFO  [eu.fayder.restcountries.v2.rest.CountryRestV2:207] Getting by regional bloc EU
2026-03-25 15:00:08,184 INFO  [eu.fayder.restcountries.v2.rest.CountryRestV2:207] Getting by regional bloc NAFTA
2026-03-25 15:00:08,208 INFO  [eu.fayder.restcountries.v2.rest.CountryRestV2:207] Getting by regional bloc AU
2026-03-25 15:00:08,222 INFO  [eu.fayder.restcountries.v2.rest.CountryRestV2:207] Getting by regional bloc ASEAN
2026-03-25 15:00:08,254 INFO  [eu.fayder.restcountries.v2.rest.CountryRestV2:207] Getting by regional bloc CARICOM
2026-03-25 15:06:05,146 INFO  [eu.fayder.restcountries.v1.rest.CountryRestV1:40] Getting all
2026-03-25 15:06:25,971 INFO  [eu.fayder.restcountries.v1.rest.CountryRestV1:61] Getting by list URY
2026-03-25 15:06:26,001 INFO  [eu.fayder.restcountries.v1.rest.CountryRestV1:61] Getting by list KI
2026-03-25 15:06:26,032 INFO  [eu.fayder.restcountries.v1.rest.CountryRestV1:61] Getting by list 729
2026-03-25 15:06:26,048 INFO  [eu.fayder.restcountries.v1.rest.CountryRestV1:61] Getting by list 728
2026-03-25 15:06:26,063 INFO  [eu.fayder.restcountries.v1.rest.CountryRestV1:61] Getting by list PY
2026-03-25 15:06:26,079 INFO  [eu.fayder.restcountries.v1.rest.CountryRestV1:61] Getting by list SE
2026-03-25 15:06:26,094 INFO  [eu.fayder.restcountries.v1.rest.CountryRestV1:61] Getting by list 270
2026-03-25 15:06:26,110 INFO  [eu.fayder.restcountries.v1.rest.CountryRestV1:61] Getting by list CA
2026-03-25 15:06:26,126 INFO  [eu.fayder.restcountries.v1.rest.CountryRestV1:61] Getting by list GF
2026-03-25 15:06:26,140 INFO  [eu.fayder.restcountries.v1.rest.CountryRestV1:61] Getting by list PAK
2026-03-25 15:06:26,171 INFO  [eu.fayder.restcountries.v1.rest.CountryRestV1:61] Getting by list GUF
2026-03-25 15:06:26,178 INFO  [eu.fayder.restcountries.v1.rest.CountryRestV1:61] Getting by list MY
2026-03-25 15:06:26,203 INFO  [eu.fayder.restcountries.v1.rest.CountryRestV1:61] Getting by list GM
2026-03-25 15:06:26,218 INFO  [eu.fayder.restcountries.v1.rest.CountryRestV1:61] Getting by list COL
2026-03-25 15:06:26,250 INFO  [eu.fayder.restcountries.v1.rest.CountryRestV1:61] Getting by list 450
2026-03-25 15:06:26,265 INFO  [eu.fayder.restcountries.v1.rest.CountryRestV1:61] Getting by list DJI
2026-03-25 15:06:26,296 INFO  [eu.fayder.restcountries.v1.rest.CountryRestV1:61] Getting by list VEN
2026-03-25 15:06:26,326 INFO  [eu.fayder.restcountries.v1.rest.CountryRestV1:61] Getting by list GU
2026-03-25 15:06:26,357 INFO  [eu.fayder.restcountries.v1.rest.CountryRestV1:61] Getting by list 010
2026-03-25 15:06:26,388 INFO  [eu.fayder.restcountries.v1.rest.CountryRestV1:61] Getting by list 826
2026-03-25 15:06:26,418 INFO  [eu.fayder.restcountries.v1.rest.CountryRestV1:61] Getting by list COG
2026-03-25 15:06:26,425 INFO  [eu.fayder.restcountries.v1.rest.CountryRestV1:61] Getting by list KY
2026-03-25 15:06:26,450 INFO  [eu.fayder.restcountries.v1.rest.CountryRestV1:61] Getting by list LY
2026-03-25 15:06:26,481 INFO  [eu.fayder.restcountries.v1.rest.CountryRestV1:61] Getting by list DM
2026-03-25 15:06:26,497 INFO  [eu.fayder.restcountries.v1.rest.CountryRestV1:61] Getting by list SK
2026-03-25 15:06:26,528 INFO  [eu.fayder.restcountries.v1.rest.CountryRestV1:61] Getting by list NAM
2026-03-25 15:06:26,559 INFO  [eu.fayder.restcountries.v1.rest.CountryRestV1:61] Getting by list MU
2026-03-25 15:06:26,591 INFO  [eu.fayder.restcountries.v1.rest.CountryRestV1:61] Getting by list JO
2026-03-25 15:06:26,622 INFO  [eu.fayder.restcountries.v1.rest.CountryRestV1:61] Getting by list MC
2026-03-25 15:06:26,653 INFO  [eu.fayder.restcountries.v1.rest.CountryRestV1:61] Getting by list POL
2026-03-25 15:06:26,685 INFO  [eu.fayder.restcountries.v1.rest.CountryRestV1:61] Getting by list CR
2026-03-25 15:06:26,716 INFO  [eu.fayder.restcountries.v1.rest.CountryRestV1:61] Getting by list 084
2026-03-25 15:06:26,747 INFO  [eu.fayder.restcountries.v1.rest.CountryRestV1:61] Getting by list 688
2026-03-25 15:06:26,778 INFO  [eu.fayder.restcountries.v1.rest.CountryRestV1:61] Getting by list BLZ
2026-03-25 15:06:26,809 INFO  [eu.fayder.restcountries.v1.rest.CountryRestV1:61] Getting by list BOL
2026-03-25 15:06:26,840 INFO  [eu.fayder.restcountries.v1.rest.CountryRestV1:61] Getting by list MS
2026-03-25 15:06:26,871 INFO  [eu.fayder.restcountries.v1.rest.CountryRestV1:61] Getting by list BF
2026-03-25 15:06:26,901 INFO  [eu.fayder.restcountries.v1.rest.CountryRestV1:61] Getting by list 600
2026-03-25 15:06:26,910 INFO  [eu.fayder.restcountries.v1.rest.CountryRestV1:61] Getting by list RS
2026-03-25 15:06:26,932 INFO  [eu.fayder.restcountries.v1.rest.CountryRestV1:61] Getting by list HTI
2026-03-25 15:06:26,962 INFO  [eu.fayder.restcountries.v1.rest.CountryRestV1:61] Getting by list LVA
2026-03-25 15:06:26,993 INFO  [eu.fayder.restcountries.v1.rest.CountryRestV1:61] Getting by list 086
2026-03-25 15:06:27,025 INFO  [eu.fayder.restcountries.v1.rest.CountryRestV1:61] Getting by list ZWE
2026-03-25 15:06:27,056 INFO  [eu.fayder.restcountries.v1.rest.CountryRestV1:61] Getting by list MOZ
2026-03-25 15:06:27,088 INFO  [eu.fayder.restcountries.v1.rest.CountryRestV1:61] Getting by list PW
2026-03-25 15:06:27,119 INFO  [eu.fayder.restcountries.v1.rest.CountryRestV1:61] Getting by list BHR
2026-03-25 15:06:27,135 INFO  [eu.fayder.restcountries.v1.rest.CountryRestV1:61] Getting by list KGZ
2026-03-25 15:06:27,149 INFO  [eu.fayder.restcountries.v1.rest.CountryRestV1:61] Getting by list UA
2026-03-25 15:06:27,182 INFO  [eu.fayder.restcountries.v1.rest.CountryRestV1:61] Getting by list HUN
2026-03-25 15:06:27,198 INFO  [eu.fayder.restcountries.v1.rest.CountryRestV1:61] Getting by list JM
2026-03-25 15:07:01,273 INFO  [eu.fayder.restcountries.v2.rest.CountryRestV2:35] Getting all
2026-03-25 15:07:01,312 INFO  [eu.fayder.restcountries.v2.rest.CountryRestV2:35] Getting all
2026-03-25 15:07:01,344 INFO  [eu.fayder.restcountries.v2.rest.CountryRestV2:35] Getting all
2026-03-25 15:07:01,376 INFO  [eu.fayder.restcountries.v2.rest.CountryRestV2:35] Getting all
2026-03-25 15:07:01,407 INFO  [eu.fayder.restcountries.v2.rest.CountryRestV2:35] Getting all
2026-03-25 15:07:01,438 INFO  [eu.fayder.restcountries.v2.rest.CountryRestV2:35] Getting all
2026-03-25 15:07:01,469 INFO  [eu.fayder.restcountries.v2.rest.CountryRestV2:35] Getting all
2026-03-25 15:07:01,499 INFO  [eu.fayder.restcountries.v2.rest.CountryRestV2:35] Getting all
2026-03-25 15:07:01,521 INFO  [eu.fayder.restcountries.v2.rest.CountryRestV2:35] Getting all
2026-03-25 15:07:01,561 INFO  [eu.fayder.restcountries.v2.rest.CountryRestV2:35] Getting all
2026-03-25 15:07:01,607 INFO  [eu.fayder.restcountries.v2.rest.CountryRestV2:35] Getting all
2026-03-25 15:07:01,631 INFO  [eu.fayder.restcountries.v2.rest.CountryRestV2:35] Getting all
2026-03-25 15:07:01,670 INFO  [eu.fayder.restcountries.v2.rest.CountryRestV2:35] Getting all
2026-03-25 15:07:01,717 INFO  [eu.fayder.restcountries.v2.rest.CountryRestV2:35] Getting all
2026-03-25 15:07:01,764 INFO  [eu.fayder.restcountries.v2.rest.CountryRestV2:35] Getting all
2026-03-25 15:07:01,811 INFO  [eu.fayder.restcountries.v2.rest.CountryRestV2:35] Getting all
2026-03-25 15:07:01,858 INFO  [eu.fayder.restcountries.v2.rest.CountryRestV2:35] Getting all
2026-03-25 15:07:01,891 INFO  [eu.fayder.restcountries.v2.rest.CountryRestV2:35] Getting all
2026-03-25 15:07:01,937 INFO  [eu.fayder.restcountries.v2.rest.CountryRestV2:35] Getting all
2026-03-25 15:07:01,976 INFO  [eu.fayder.restcountries.v2.rest.CountryRestV2:35] Getting all
2026-03-25 15:07:02,030 INFO  [eu.fayder.restcountries.v2.rest.CountryRestV2:35] Getting all
2026-03-25 15:07:02,092 INFO  [eu.fayder.restcountries.v2.rest.CountryRestV2:35] Getting all
2026-03-25 15:07:02,154 INFO  [eu.fayder.restcountries.v2.rest.CountryRestV2:35] Getting all
2026-03-25 15:07:02,215 INFO  [eu.fayder.restcountries.v2.rest.CountryRestV2:35] Getting all
2026-03-25 15:07:02,279 INFO  [eu.fayder.restcountries.v2.rest.CountryRestV2:35] Getting all
2026-03-25 15:07:02,320 INFO  [eu.fayder.restcountries.v2.rest.CountryRestV2:35] Getting all
2026-03-25 15:07:02,372 INFO  [eu.fayder.restcountries.v2.rest.CountryRestV2:35] Getting all
2026-03-25 15:07:02,434 INFO  [eu.fayder.restcountries.v2.rest.CountryRestV2:35] Getting all
2026-03-25 15:07:02,496 INFO  [eu.fayder.restcountries.v2.rest.CountryRestV2:35] Getting all
2026-03-25 15:07:02,558 INFO  [eu.fayder.restcountries.v2.rest.CountryRestV2:35] Getting all
2026-03-25 15:07:02,620 INFO  [eu.fayder.restcountries.v2.rest.CountryRestV2:35] Getting all
2026-03-25 15:07:02,683 INFO  [eu.fayder.restcountries.v2.rest.CountryRestV2:35] Getting all
2026-03-25 15:07:02,745 INFO  [eu.fayder.restcountries.v2.rest.CountryRestV2:35] Getting all
2026-03-25 15:07:02,794 INFO  [eu.fayder.restcountries.v2.rest.CountryRestV2:35] Getting all
2026-03-25 15:07:02,853 INFO  [eu.fayder.restcountries.v2.rest.CountryRestV2:35] Getting all
2026-03-25 15:07:02,908 INFO  [eu.fayder.restcountries.v2.rest.CountryRestV2:35] Getting all
2026-03-25 15:07:02,961 INFO  [eu.fayder.restcountries.v2.rest.CountryRestV2:35] Getting all
2026-03-25 15:07:03,025 INFO  [eu.fayder.restcountries.v2.rest.CountryRestV2:35] Getting all
2026-03-25 15:07:03,088 INFO  [eu.fayder.restcountries.v2.rest.CountryRestV2:35] Getting all
2026-03-25 15:07:03,167 INFO  [eu.fayder.restcountries.v2.rest.CountryRestV2:35] Getting all
2026-03-25 15:07:03,246 INFO  [eu.fayder.restcountries.v2.rest.CountryRestV2:35] Getting all
2026-03-25 15:07:03,323 INFO  [eu.fayder.restcountries.v2.rest.CountryRestV2:35] Getting all
2026-03-25 15:07:03,383 INFO  [eu.fayder.restcountries.v2.rest.CountryRestV2:35] Getting all
2026-03-25 15:07:03,465 INFO  [eu.fayder.restcountries.v2.rest.CountryRestV2:35] Getting all
2026-03-25 15:07:03,525 INFO  [eu.fayder.restcountries.v2.rest.CountryRestV2:35] Getting all
2026-03-25 15:07:03,585 INFO  [eu.fayder.restcountries.v2.rest.CountryRestV2:35] Getting all
2026-03-25 15:07:03,647 INFO  [eu.fayder.restcountries.v2.rest.CountryRestV2:35] Getting all
2026-03-25 15:07:03,732 INFO  [eu.fayder.restcountries.v2.rest.CountryRestV2:35] Getting all
2026-03-25 15:07:03,811 INFO  [eu.fayder.restcountries.v2.rest.CountryRestV2:35] Getting all
2026-03-25 15:07:03,889 INFO  [eu.fayder.restcountries.v2.rest.CountryRestV2:35] Getting all
2026-03-25 15:07:39,670 INFO  [eu.fayder.restcountries.v2.rest.CountryRestV2:57] Getting by list ***LLMGenerator***
2026-03-25 15:07:39,675 INFO  [eu.fayder.restcountries.v2.rest.CountryRestV2:57] Getting by list ***LLMGenerator***
2026-03-25 15:07:39,690 INFO  [eu.fayder.restcountries.v2.rest.CountryRestV2:57] Getting by list ***LLMGenerator***
2026-03-25 15:07:39,697 INFO  [eu.fayder.restcountries.v2.rest.CountryRestV2:57] Getting by list AUS
2026-03-25 15:07:39,721 INFO  [eu.fayder.restcountries.v2.rest.CountryRestV2:57] Getting by list EGY
2026-03-25 15:07:39,736 INFO  [eu.fayder.restcountries.v2.rest.CountryRestV2:57] Getting by list PRT
2026-03-25 15:07:39,752 INFO  [eu.fayder.restcountries.v2.rest.CountryRestV2:57] Getting by list CM
2026-03-25 15:07:39,767 INFO  [eu.fayder.restcountries.v2.rest.CountryRestV2:57] Getting by list 554
2026-03-25 15:07:39,772 INFO  [eu.fayder.restcountries.v2.rest.CountryRestV2:57] Getting by list 400
2026-03-25 15:07:39,773 ERROR [eu.fayder.restcountries.v2.rest.CountryRestV2:68] 
java.lang.ClassCastException
2026-03-25 15:07:39,798 INFO  [eu.fayder.restcountries.v2.rest.CountryRestV2:57] Getting by list FIN
2026-03-25 15:07:39,803 INFO  [eu.fayder.restcountries.v2.rest.CountryRestV2:57] Getting by list 652
2026-03-25 15:07:39,804 ERROR [eu.fayder.restcountries.v2.rest.CountryRestV2:68] 
java.lang.ClassCastException
2026-03-25 15:07:39,829 INFO  [eu.fayder.restcountries.v2.rest.CountryRestV2:57] Getting by list 024
2026-03-25 15:07:39,829 ERROR [eu.fayder.restcountries.v2.rest.CountryRestV2:68] 
java.lang.ClassCastException
2026-03-25 15:07:39,859 INFO  [eu.fayder.restcountries.v2.rest.CountryRestV2:57] Getting by list SWE
2026-03-25 15:07:39,890 INFO  [eu.fayder.restcountries.v2.rest.CountryRestV2:57] Getting by list KZ
2026-03-25 15:07:39,920 INFO  [eu.fayder.restcountries.v2.rest.CountryRestV2:57] Getting by list PRT
2026-03-25 15:07:39,951 INFO  [eu.fayder.restcountries.v2.rest.CountryRestV2:57] Getting by list ST
2026-03-25 15:07:39,982 INFO  [eu.fayder.restcountries.v2.rest.CountryRestV2:57] Getting by list 540
2026-03-25 15:07:40,013 INFO  [eu.fayder.restcountries.v2.rest.CountryRestV2:57] Getting by list 690
2026-03-25 15:07:40,013 ERROR [eu.fayder.restcountries.v2.rest.CountryRestV2:68] 
java.lang.ClassCastException
2026-03-25 15:07:40,020 INFO  [eu.fayder.restcountries.v2.rest.CountryRestV2:57] Getting by list 400
2026-03-25 15:07:40,020 ERROR [eu.fayder.restcountries.v2.rest.CountryRestV2:68] 
java.lang.ClassCastException
2026-03-25 15:07:40,044 INFO  [eu.fayder.restcountries.v2.rest.CountryRestV2:57] Getting by list 585
2026-03-25 15:07:40,076 INFO  [eu.fayder.restcountries.v2.rest.CountryRestV2:57] Getting by list SDN
2026-03-25 15:07:40,082 INFO  [eu.fayder.restcountries.v2.rest.CountryRestV2:57] Getting by list STP
2026-03-25 15:07:40,089 INFO  [eu.fayder.restcountries.v2.rest.CountryRestV2:57] Getting by list KAZ
2026-03-25 15:07:40,095 INFO  [eu.fayder.restcountries.v2.rest.CountryRestV2:57] Getting by list KZ
2026-03-25 15:07:40,123 INFO  [eu.fayder.restcountries.v2.rest.CountryRestV2:57] Getting by list SDN
2026-03-25 15:07:40,153 INFO  [eu.fayder.restcountries.v2.rest.CountryRestV2:57] Getting by list KAZ
2026-03-25 15:07:40,185 INFO  [eu.fayder.restcountries.v2.rest.CountryRestV2:57] Getting by list IND
2026-03-25 15:07:40,215 INFO  [eu.fayder.restcountries.v2.rest.CountryRestV2:57] Getting by list TWN
2026-03-25 15:07:40,246 INFO  [eu.fayder.restcountries.v2.rest.CountryRestV2:57] Getting by list KAZ
2026-03-25 15:07:40,278 INFO  [eu.fayder.restcountries.v2.rest.CountryRestV2:57] Getting by list NCL
2026-03-25 15:07:40,309 INFO  [eu.fayder.restcountries.v2.rest.CountryRestV2:57] Getting by list 854
2026-03-25 15:07:40,309 ERROR [eu.fayder.restcountries.v2.rest.CountryRestV2:68] 
java.lang.ClassCastException
2026-03-25 15:07:40,340 INFO  [eu.fayder.restcountries.v2.rest.CountryRestV2:57] Getting by list SYC
2026-03-25 15:07:40,348 INFO  [eu.fayder.restcountries.v2.rest.CountryRestV2:57] Getting by list 384
2026-03-25 15:07:40,356 INFO  [eu.fayder.restcountries.v2.rest.CountryRestV2:57] Getting by list 400
2026-03-25 15:07:40,387 INFO  [eu.fayder.restcountries.v2.rest.CountryRestV2:57] Getting by list NI
2026-03-25 15:07:40,417 INFO  [eu.fayder.restcountries.v2.rest.CountryRestV2:57] Getting by list 554
2026-03-25 15:07:40,418 ERROR [eu.fayder.restcountries.v2.rest.CountryRestV2:68] 
java.lang.ClassCastException
2026-03-25 15:07:40,449 INFO  [eu.fayder.restcountries.v2.rest.CountryRestV2:57] Getting by list CM
2026-03-25 15:07:40,480 INFO  [eu.fayder.restcountries.v2.rest.CountryRestV2:57] Getting by list CXR
2026-03-25 15:07:40,511 INFO  [eu.fayder.restcountries.v2.rest.CountryRestV2:57] Getting by list 554
2026-03-25 15:07:40,541 INFO  [eu.fayder.restcountries.v2.rest.CountryRestV2:57] Getting by list SWE
2026-03-25 15:07:40,572 INFO  [eu.fayder.restcountries.v2.rest.CountryRestV2:57] Getting by list 470
2026-03-25 15:07:40,604 INFO  [eu.fayder.restcountries.v2.rest.CountryRestV2:57] Getting by list 368
2026-03-25 15:07:40,605 ERROR [eu.fayder.restcountries.v2.rest.CountryRestV2:68] 
java.lang.ClassCastException
2026-03-25 15:07:40,618 INFO  [eu.fayder.restcountries.v2.rest.CountryRestV2:57] Getting by list NI
2026-03-25 15:07:40,651 INFO  [eu.fayder.restcountries.v2.rest.CountryRestV2:57] Getting by list EGY
2026-03-25 15:07:40,682 INFO  [eu.fayder.restcountries.v2.rest.CountryRestV2:57] Getting by list NC
2026-03-25 15:07:40,700 INFO  [eu.fayder.restcountries.v2.rest.CountryRestV2:57] Getting by list 531
2026-03-25 15:07:40,713 INFO  [eu.fayder.restcountries.v2.rest.CountryRestV2:57] Getting by list 208
2026-03-25 15:07:40,723 INFO  [eu.fayder.restcountries.v2.rest.CountryRestV2:57] Getting by list 729
2026-03-25 15:07:40,734 INFO  [eu.fayder.restcountries.v2.rest.CountryRestV2:57] Getting by list DK
2026-03-25 15:07:40,758 INFO  [eu.fayder.restcountries.v2.rest.CountryRestV2:57] Getting by list SWE
2026-03-25 15:07:59,751 INFO  [eu.fayder.restcountries.v1.rest.CountryRestV1:47] Getting by alpha ***LLMGenerator***
2026-03-25 15:07:59,782 INFO  [eu.fayder.restcountries.v1.rest.CountryRestV1:47] Getting by alpha ***LLMGenerator***
2026-03-25 15:07:59,798 INFO  [eu.fayder.restcountries.v1.rest.CountryRestV1:47] Getting by alpha ***LLMGenerator***
2026-03-25 15:07:59,814 INFO  [eu.fayder.restcountries.v1.rest.CountryRestV1:47] Getting by alpha UMI
2026-03-25 15:07:59,829 INFO  [eu.fayder.restcountries.v1.rest.CountryRestV1:47] Getting by alpha TH
2026-03-25 15:07:59,845 INFO  [eu.fayder.restcountries.v1.rest.CountryRestV1:47] Getting by alpha ESP
2026-03-25 15:07:59,860 INFO  [eu.fayder.restcountries.v1.rest.CountryRestV1:47] Getting by alpha PER
2026-03-25 15:07:59,876 INFO  [eu.fayder.restcountries.v1.rest.CountryRestV1:47] Getting by alpha US
2026-03-25 15:07:59,892 INFO  [eu.fayder.restcountries.v1.rest.CountryRestV1:47] Getting by alpha PM
2026-03-25 15:07:59,907 INFO  [eu.fayder.restcountries.v1.rest.CountryRestV1:47] Getting by alpha NU
2026-03-25 15:07:59,923 INFO  [eu.fayder.restcountries.v1.rest.CountryRestV1:47] Getting by alpha NA
2026-03-25 15:07:59,939 INFO  [eu.fayder.restcountries.v1.rest.CountryRestV1:47] Getting by alpha SE
2026-03-25 15:07:59,956 INFO  [eu.fayder.restcountries.v1.rest.CountryRestV1:47] Getting by alpha OMN
2026-03-25 15:07:59,986 INFO  [eu.fayder.restcountries.v1.rest.CountryRestV1:47] Getting by alpha SS
2026-03-25 15:08:00,001 INFO  [eu.fayder.restcountries.v1.rest.CountryRestV1:47] Getting by alpha SK
2026-03-25 15:08:00,033 INFO  [eu.fayder.restcountries.v1.rest.CountryRestV1:47] Getting by alpha DMA
2026-03-25 15:08:00,065 INFO  [eu.fayder.restcountries.v1.rest.CountryRestV1:47] Getting by alpha LC
2026-03-25 15:08:00,095 INFO  [eu.fayder.restcountries.v1.rest.CountryRestV1:47] Getting by alpha DE
2026-03-25 15:08:00,126 INFO  [eu.fayder.restcountries.v1.rest.CountryRestV1:47] Getting by alpha IRL
2026-03-25 15:08:00,142 INFO  [eu.fayder.restcountries.v1.rest.CountryRestV1:47] Getting by alpha GLP
2026-03-25 15:08:00,172 INFO  [eu.fayder.restcountries.v1.rest.CountryRestV1:47] Getting by alpha IRL
2026-03-25 15:08:00,202 INFO  [eu.fayder.restcountries.v1.rest.CountryRestV1:47] Getting by alpha ZA
2026-03-25 15:08:00,233 INFO  [eu.fayder.restcountries.v1.rest.CountryRestV1:47] Getting by alpha ITA
2026-03-25 15:08:00,263 INFO  [eu.fayder.restcountries.v1.rest.CountryRestV1:47] Getting by alpha JAM
2026-03-25 15:08:00,294 INFO  [eu.fayder.restcountries.v1.rest.CountryRestV1:47] Getting by alpha PT
2026-03-25 15:08:00,325 INFO  [eu.fayder.restcountries.v1.rest.CountryRestV1:47] Getting by alpha IND
2026-03-25 15:08:00,356 INFO  [eu.fayder.restcountries.v1.rest.CountryRestV1:47] Getting by alpha BI
2026-03-25 15:08:00,385 INFO  [eu.fayder.restcountries.v1.rest.CountryRestV1:47] Getting by alpha SSD
2026-03-25 15:08:00,393 INFO  [eu.fayder.restcountries.v1.rest.CountryRestV1:47] Getting by alpha COD
2026-03-25 15:08:00,416 INFO  [eu.fayder.restcountries.v1.rest.CountryRestV1:47] Getting by alpha AS
2026-03-25 15:08:00,424 INFO  [eu.fayder.restcountries.v1.rest.CountryRestV1:47] Getting by alpha KZ
2026-03-25 15:08:00,447 INFO  [eu.fayder.restcountries.v1.rest.CountryRestV1:47] Getting by alpha ES
2026-03-25 15:08:00,478 INFO  [eu.fayder.restcountries.v1.rest.CountryRestV1:47] Getting by alpha CR
2026-03-25 15:08:00,508 INFO  [eu.fayder.restcountries.v1.rest.CountryRestV1:47] Getting by alpha SH
2026-03-25 15:08:00,538 INFO  [eu.fayder.restcountries.v1.rest.CountryRestV1:47] Getting by alpha DK
2026-03-25 15:08:00,548 INFO  [eu.fayder.restcountries.v1.rest.CountryRestV1:47] Getting by alpha UA
2026-03-25 15:08:00,557 INFO  [eu.fayder.restcountries.v1.rest.CountryRestV1:47] Getting by alpha PHL
2026-03-25 15:08:00,583 INFO  [eu.fayder.restcountries.v1.rest.CountryRestV1:47] Getting by alpha JP
2026-03-25 15:08:00,613 INFO  [eu.fayder.restcountries.v1.rest.CountryRestV1:47] Getting by alpha AG
2026-03-25 15:08:00,644 INFO  [eu.fayder.restcountries.v1.rest.CountryRestV1:47] Getting by alpha MLT
2026-03-25 15:08:00,674 INFO  [eu.fayder.restcountries.v1.rest.CountryRestV1:47] Getting by alpha ABW
2026-03-25 15:08:00,705 INFO  [eu.fayder.restcountries.v1.rest.CountryRestV1:47] Getting by alpha RUS
2026-03-25 15:08:00,735 INFO  [eu.fayder.restcountries.v1.rest.CountryRestV1:47] Getting by alpha VUT
2026-03-25 15:08:00,766 INFO  [eu.fayder.restcountries.v1.rest.CountryRestV1:47] Getting by alpha GUF
2026-03-25 15:08:00,797 INFO  [eu.fayder.restcountries.v1.rest.CountryRestV1:47] Getting by alpha DJ
2026-03-25 15:08:00,806 INFO  [eu.fayder.restcountries.v1.rest.CountryRestV1:47] Getting by alpha VNM
2026-03-25 15:08:00,842 INFO  [eu.fayder.restcountries.v1.rest.CountryRestV1:47] Getting by alpha GNQ
2026-03-25 15:08:00,854 INFO  [eu.fayder.restcountries.v1.rest.CountryRestV1:47] Getting by alpha BL
2026-03-25 15:08:00,888 INFO  [eu.fayder.restcountries.v1.rest.CountryRestV1:47] Getting by alpha BOL
2026-03-25 15:08:00,918 INFO  [eu.fayder.restcountries.v1.rest.CountryRestV1:47] Getting by alpha MDG
2026-03-25 15:08:37,660 INFO  [eu.fayder.restcountries.v1.rest.CountryRestV1:80] Getting by currency ***LLMGenerator***
2026-03-25 15:08:37,680 INFO  [eu.fayder.restcountries.v1.rest.CountryRestV1:80] Getting by currency USD
2026-03-25 15:08:37,696 INFO  [eu.fayder.restcountries.v1.rest.CountryRestV1:80] Getting by currency EUR
2026-03-25 15:08:37,728 INFO  [eu.fayder.restcountries.v1.rest.CountryRestV1:80] Getting by currency JPY
2026-03-25 15:08:37,743 INFO  [eu.fayder.restcountries.v1.rest.CountryRestV1:80] Getting by currency GBP
2026-03-25 15:08:37,759 INFO  [eu.fayder.restcountries.v1.rest.CountryRestV1:80] Getting by currency AUD
2026-03-25 15:08:37,775 INFO  [eu.fayder.restcountries.v1.rest.CountryRestV1:80] Getting by currency CAD
2026-03-25 15:08:37,790 INFO  [eu.fayder.restcountries.v1.rest.CountryRestV1:80] Getting by currency CHF
2026-03-25 15:08:37,795 INFO  [eu.fayder.restcountries.v1.rest.CountryRestV1:80] Getting by currency CNY
2026-03-25 15:08:37,821 INFO  [eu.fayder.restcountries.v1.rest.CountryRestV1:80] Getting by currency SEK
2026-03-25 15:08:37,837 INFO  [eu.fayder.restcountries.v1.rest.CountryRestV1:80] Getting by currency NZD
2026-03-25 15:08:37,868 INFO  [eu.fayder.restcountries.v1.rest.CountryRestV1:80] Getting by currency MXN
2026-03-25 15:08:37,874 INFO  [eu.fayder.restcountries.v1.rest.CountryRestV1:80] Getting by currency SGD
2026-03-25 15:08:37,899 INFO  [eu.fayder.restcountries.v1.rest.CountryRestV1:80] Getting by currency HKD
2026-03-25 15:08:37,929 INFO  [eu.fayder.restcountries.v1.rest.CountryRestV1:80] Getting by currency NOK
2026-03-25 15:08:37,936 INFO  [eu.fayder.restcountries.v1.rest.CountryRestV1:80] Getting by currency KRW
2026-03-25 15:08:37,942 INFO  [eu.fayder.restcountries.v1.rest.CountryRestV1:80] Getting by currency TRY
2026-03-25 15:08:37,960 INFO  [eu.fayder.restcountries.v1.rest.CountryRestV1:80] Getting by currency INR
2026-03-25 15:08:37,991 INFO  [eu.fayder.restcountries.v1.rest.CountryRestV1:80] Getting by currency RUB
2026-03-25 15:08:38,021 INFO  [eu.fayder.restcountries.v1.rest.CountryRestV1:80] Getting by currency BRL
2026-03-25 15:08:38,052 INFO  [eu.fayder.restcountries.v1.rest.CountryRestV1:80] Getting by currency ZAR
2026-03-25 15:08:38,083 INFO  [eu.fayder.restcountries.v1.rest.CountryRestV1:80] Getting by currency DKK
2026-03-25 15:08:38,114 INFO  [eu.fayder.restcountries.v1.rest.CountryRestV1:80] Getting by currency PLN
2026-03-25 15:08:38,145 INFO  [eu.fayder.restcountries.v1.rest.CountryRestV1:80] Getting by currency TWD
2026-03-25 15:08:38,175 INFO  [eu.fayder.restcountries.v1.rest.CountryRestV1:80] Getting by currency THB
2026-03-25 15:08:38,207 INFO  [eu.fayder.restcountries.v1.rest.CountryRestV1:80] Getting by currency MYR
2026-03-25 15:08:38,238 INFO  [eu.fayder.restcountries.v1.rest.CountryRestV1:80] Getting by currency IDR
2026-03-25 15:08:38,268 INFO  [eu.fayder.restcountries.v1.rest.CountryRestV1:80] Getting by currency CZK
2026-03-25 15:08:38,300 INFO  [eu.fayder.restcountries.v1.rest.CountryRestV1:80] Getting by currency HUF
2026-03-25 15:08:38,331 INFO  [eu.fayder.restcountries.v1.rest.CountryRestV1:80] Getting by currency ILS
2026-03-25 15:08:38,362 INFO  [eu.fayder.restcountries.v1.rest.CountryRestV1:80] Getting by currency CLP
2026-03-25 15:08:38,393 INFO  [eu.fayder.restcountries.v1.rest.CountryRestV1:80] Getting by currency PHP
2026-03-25 15:08:38,424 INFO  [eu.fayder.restcountries.v1.rest.CountryRestV1:80] Getting by currency AED
2026-03-25 15:08:38,455 INFO  [eu.fayder.restcountries.v1.rest.CountryRestV1:80] Getting by currency COP
2026-03-25 15:08:38,486 INFO  [eu.fayder.restcountries.v1.rest.CountryRestV1:80] Getting by currency SAR
2026-03-25 15:08:38,517 INFO  [eu.fayder.restcountries.v1.rest.CountryRestV1:80] Getting by currency RON
2026-03-25 15:08:38,548 INFO  [eu.fayder.restcountries.v1.rest.CountryRestV1:80] Getting by currency NGN
2026-03-25 15:08:38,580 INFO  [eu.fayder.restcountries.v1.rest.CountryRestV1:80] Getting by currency PKR
2026-03-25 15:08:38,588 INFO  [eu.fayder.restcountries.v1.rest.CountryRestV1:80] Getting by currency BDT
2026-03-25 15:08:38,610 INFO  [eu.fayder.restcountries.v1.rest.CountryRestV1:80] Getting by currency VND
2026-03-25 15:08:38,641 INFO  [eu.fayder.restcountries.v1.rest.CountryRestV1:80] Getting by currency EGP
2026-03-25 15:08:38,671 INFO  [eu.fayder.restcountries.v1.rest.CountryRestV1:80] Getting by currency UAH
2026-03-25 15:08:38,681 INFO  [eu.fayder.restcountries.v1.rest.CountryRestV1:80] Getting by currency KWD
2026-03-25 15:08:38,703 INFO  [eu.fayder.restcountries.v1.rest.CountryRestV1:80] Getting by currency QAR
2026-03-25 15:08:38,737 INFO  [eu.fayder.restcountries.v1.rest.CountryRestV1:80] Getting by currency LKR
2026-03-25 15:08:38,764 INFO  [eu.fayder.restcountries.v1.rest.CountryRestV1:80] Getting by currency OMR
2026-03-25 15:09:18,029 INFO  [eu.fayder.restcountries.v1.rest.CountryRestV1:99] Getting by name ***LLMGenerator***
2026-03-25 15:09:18,045 INFO  [eu.fayder.restcountries.v1.rest.CountryRestV1:99] Getting by name ***LLMGenerator***
2026-03-25 15:09:18,076 INFO  [eu.fayder.restcountries.v1.rest.CountryRestV1:99] Getting by name ***LLMGenerator***
2026-03-25 15:09:18,107 INFO  [eu.fayder.restcountries.v1.rest.CountryRestV1:99] Getting by name ***LLMGenerator***
2026-03-25 15:09:18,139 INFO  [eu.fayder.restcountries.v1.rest.CountryRestV1:99] Getting by name South Africa
2026-03-25 15:09:18,146 INFO  [eu.fayder.restcountries.v1.rest.CountryRestV1:99] Getting by name Panama
2026-03-25 15:09:18,151 INFO  [eu.fayder.restcountries.v1.rest.CountryRestV1:99] Getting by name Sudan
2026-03-25 15:09:18,159 INFO  [eu.fayder.restcountries.v1.rest.CountryRestV1:99] Getting by name South Africa
2026-03-25 15:09:18,184 INFO  [eu.fayder.restcountries.v1.rest.CountryRestV1:99] Getting by name Chile
2026-03-25 15:09:18,215 INFO  [eu.fayder.restcountries.v1.rest.CountryRestV1:99] Getting by name Belgium
2026-03-25 15:09:18,231 INFO  [eu.fayder.restcountries.v1.rest.CountryRestV1:99] Getting by name Palau
2026-03-25 15:09:18,237 INFO  [eu.fayder.restcountries.v1.rest.CountryRestV1:99] Getting by name Cyprus
2026-03-25 15:09:18,261 INFO  [eu.fayder.restcountries.v1.rest.CountryRestV1:99] Getting by name Sudan
2026-03-25 15:09:18,277 INFO  [eu.fayder.restcountries.v1.rest.CountryRestV1:99] Getting by name Uzbekistan
2026-03-25 15:09:18,310 INFO  [eu.fayder.restcountries.v1.rest.CountryRestV1:99] Getting by name Jersey
2026-03-25 15:09:18,317 INFO  [eu.fayder.restcountries.v1.rest.CountryRestV1:99] Getting by name Colombia
2026-03-25 15:09:18,341 INFO  [eu.fayder.restcountries.v1.rest.CountryRestV1:99] Getting by name Namibia
2026-03-25 15:09:18,372 INFO  [eu.fayder.restcountries.v1.rest.CountryRestV1:99] Getting by name Wallis and Futuna
2026-03-25 15:09:18,403 INFO  [eu.fayder.restcountries.v1.rest.CountryRestV1:99] Getting by name Guyana
2026-03-25 15:09:18,433 INFO  [eu.fayder.restcountries.v1.rest.CountryRestV1:99] Getting by name Réunion
2026-03-25 15:09:18,463 INFO  [eu.fayder.restcountries.v1.rest.CountryRestV1:99] Getting by name Georgia
2026-03-25 15:09:18,495 INFO  [eu.fayder.restcountries.v1.rest.CountryRestV1:99] Getting by name Bolivia (Plurinational State of)
2026-03-25 15:09:18,526 INFO  [eu.fayder.restcountries.v1.rest.CountryRestV1:99] Getting by name Palau
2026-03-25 15:09:18,557 INFO  [eu.fayder.restcountries.v1.rest.CountryRestV1:99] Getting by name Portugal
2026-03-25 15:09:18,588 INFO  [eu.fayder.restcountries.v1.rest.CountryRestV1:99] Getting by name Saint Barthélemy
2026-03-25 15:09:18,619 INFO  [eu.fayder.restcountries.v1.rest.CountryRestV1:99] Getting by name Uzbekistan
2026-03-25 15:09:18,630 INFO  [eu.fayder.restcountries.v1.rest.CountryRestV1:99] Getting by name Luxembourg
2026-03-25 15:09:18,638 INFO  [eu.fayder.restcountries.v1.rest.CountryRestV1:99] Getting by name Palau
2026-03-25 15:09:18,666 INFO  [eu.fayder.restcountries.v1.rest.CountryRestV1:99] Getting by name Madagascar
2026-03-25 15:09:18,697 INFO  [eu.fayder.restcountries.v1.rest.CountryRestV1:99] Getting by name Wallis and Futuna
2026-03-25 15:09:18,727 INFO  [eu.fayder.restcountries.v1.rest.CountryRestV1:99] Getting by name Turks and Caicos Islands
2026-03-25 15:09:18,758 INFO  [eu.fayder.restcountries.v1.rest.CountryRestV1:99] Getting by name Portugal
2026-03-25 15:09:18,789 INFO  [eu.fayder.restcountries.v1.rest.CountryRestV1:99] Getting by name Tokelau
2026-03-25 15:09:18,820 INFO  [eu.fayder.restcountries.v1.rest.CountryRestV1:99] Getting by name Chile
2026-03-25 15:09:18,850 INFO  [eu.fayder.restcountries.v1.rest.CountryRestV1:99] Getting by name Guinea-Bissau
2026-03-25 15:09:18,881 INFO  [eu.fayder.restcountries.v1.rest.CountryRestV1:99] Getting by name United States
2026-03-25 15:09:18,893 INFO  [eu.fayder.restcountries.v1.rest.CountryRestV1:99] Getting by name Namibia
2026-03-25 15:09:18,912 INFO  [eu.fayder.restcountries.v1.rest.CountryRestV1:99] Getting by name Jersey
2026-03-25 15:09:18,943 INFO  [eu.fayder.restcountries.v1.rest.CountryRestV1:99] Getting by name Russia
2026-03-25 15:09:18,975 INFO  [eu.fayder.restcountries.v1.rest.CountryRestV1:99] Getting by name Faroe Islands
2026-03-25 15:09:19,007 INFO  [eu.fayder.restcountries.v1.rest.CountryRestV1:99] Getting by name Turks and Caicos Islands
2026-03-25 15:09:19,038 INFO  [eu.fayder.restcountries.v1.rest.CountryRestV1:99] Getting by name Philippines
2026-03-25 15:09:19,069 INFO  [eu.fayder.restcountries.v1.rest.CountryRestV1:99] Getting by name Zimbabwe
2026-03-25 15:09:19,100 INFO  [eu.fayder.restcountries.v1.rest.CountryRestV1:99] Getting by name Namibia
2026-03-25 15:09:19,131 INFO  [eu.fayder.restcountries.v1.rest.CountryRestV1:99] Getting by name Sweden
2026-03-25 15:09:19,162 INFO  [eu.fayder.restcountries.v1.rest.CountryRestV1:99] Getting by name Congo
2026-03-25 15:09:19,192 INFO  [eu.fayder.restcountries.v1.rest.CountryRestV1:99] Getting by name United States of America
2026-03-25 15:09:19,223 INFO  [eu.fayder.restcountries.v1.rest.CountryRestV1:99] Getting by name South Sudan
2026-03-25 15:09:19,233 INFO  [eu.fayder.restcountries.v1.rest.CountryRestV1:99] Getting by name Bosnia and Herzegovina
2026-03-25 15:09:19,254 INFO  [eu.fayder.restcountries.v1.rest.CountryRestV1:99] Getting by name United States
2026-03-25 15:09:44,826 INFO  [eu.fayder.restcountries.v1.rest.CountryRestV1:115] Getting by calling code 52
2026-03-25 15:09:44,842 INFO  [eu.fayder.restcountries.v1.rest.CountryRestV1:115] Getting by calling code 62
2026-03-25 15:09:44,857 INFO  [eu.fayder.restcountries.v1.rest.CountryRestV1:115] Getting by calling code 686
2026-03-25 15:09:44,872 INFO  [eu.fayder.restcountries.v1.rest.CountryRestV1:115] Getting by calling code 1
2026-03-25 15:09:44,888 INFO  [eu.fayder.restcountries.v1.rest.CountryRestV1:115] Getting by calling code 358
2026-03-25 15:09:44,918 INFO  [eu.fayder.restcountries.v1.rest.CountryRestV1:115] Getting by calling code 508
2026-03-25 15:09:44,925 INFO  [eu.fayder.restcountries.v1.rest.CountryRestV1:115] Getting by calling code 47
2026-03-25 15:09:44,949 INFO  [eu.fayder.restcountries.v1.rest.CountryRestV1:115] Getting by calling code 500
2026-03-25 15:09:44,965 INFO  [eu.fayder.restcountries.v1.rest.CountryRestV1:115] Getting by calling code 237
2026-03-25 15:09:44,980 INFO  [eu.fayder.restcountries.v1.rest.CountryRestV1:115] Getting by calling code 500
2026-03-25 15:09:44,996 INFO  [eu.fayder.restcountries.v1.rest.CountryRestV1:115] Getting by calling code 1
2026-03-25 15:09:45,011 INFO  [eu.fayder.restcountries.v1.rest.CountryRestV1:115] Getting by calling code 672
2026-03-25 15:09:45,026 INFO  [eu.fayder.restcountries.v1.rest.CountryRestV1:115] Getting by calling code 962
2026-03-25 15:09:45,058 INFO  [eu.fayder.restcountries.v1.rest.CountryRestV1:115] Getting by calling code 962
2026-03-25 15:09:45,065 INFO  [eu.fayder.restcountries.v1.rest.CountryRestV1:115] Getting by calling code 34
2026-03-25 15:09:45,089 INFO  [eu.fayder.restcountries.v1.rest.CountryRestV1:115] Getting by calling code 246
2026-03-25 15:09:45,120 INFO  [eu.fayder.restcountries.v1.rest.CountryRestV1:115] Getting by calling code 972
2026-03-25 15:09:45,151 INFO  [eu.fayder.restcountries.v1.rest.CountryRestV1:115] Getting by calling code 965
2026-03-25 15:09:45,182 INFO  [eu.fayder.restcountries.v1.rest.CountryRestV1:115] Getting by calling code 590
2026-03-25 15:09:45,214 INFO  [eu.fayder.restcountries.v1.rest.CountryRestV1:115] Getting by calling code 242
2026-03-25 15:09:45,245 INFO  [eu.fayder.restcountries.v1.rest.CountryRestV1:115] Getting by calling code 244
2026-03-25 15:09:45,261 INFO  [eu.fayder.restcountries.v1.rest.CountryRestV1:115] Getting by calling code 53
2026-03-25 15:09:45,267 INFO  [eu.fayder.restcountries.v1.rest.CountryRestV1:115] Getting by calling code 387
2026-03-25 15:09:45,292 INFO  [eu.fayder.restcountries.v1.rest.CountryRestV1:115] Getting by calling code 886
2026-03-25 15:09:45,323 INFO  [eu.fayder.restcountries.v1.rest.CountryRestV1:115] Getting by calling code 680
2026-03-25 15:09:45,354 INFO  [eu.fayder.restcountries.v1.rest.CountryRestV1:115] Getting by calling code 90
2026-03-25 15:09:45,385 INFO  [eu.fayder.restcountries.v1.rest.CountryRestV1:115] Getting by calling code 673
2026-03-25 15:09:45,416 INFO  [eu.fayder.restcountries.v1.rest.CountryRestV1:115] Getting by calling code 673
2026-03-25 15:09:45,448 INFO  [eu.fayder.restcountries.v1.rest.CountryRestV1:115] Getting by calling code 58
2026-03-25 15:09:45,478 INFO  [eu.fayder.restcountries.v1.rest.CountryRestV1:115] Getting by calling code 86
2026-03-25 15:09:45,509 INFO  [eu.fayder.restcountries.v1.rest.CountryRestV1:115] Getting by calling code 47
2026-03-25 15:09:45,516 INFO  [eu.fayder.restcountries.v1.rest.CountryRestV1:115] Getting by calling code 350
2026-03-25 15:09:45,541 INFO  [eu.fayder.restcountries.v1.rest.CountryRestV1:115] Getting by calling code 356
2026-03-25 15:09:45,571 INFO  [eu.fayder.restcountries.v1.rest.CountryRestV1:115] Getting by calling code 501
2026-03-25 15:09:45,603 INFO  [eu.fayder.restcountries.v1.rest.CountryRestV1:115] Getting by calling code 27
2026-03-25 15:09:45,635 INFO  [eu.fayder.restcountries.v1.rest.CountryRestV1:115] Getting by calling code 255
2026-03-25 15:09:45,665 INFO  [eu.fayder.restcountries.v1.rest.CountryRestV1:115] Getting by calling code 7
2026-03-25 15:09:45,696 INFO  [eu.fayder.restcountries.v1.rest.CountryRestV1:115] Getting by calling code 46
2026-03-25 15:09:45,727 INFO  [eu.fayder.restcountries.v1.rest.CountryRestV1:115] Getting by calling code 590
2026-03-25 15:09:45,759 INFO  [eu.fayder.restcountries.v1.rest.CountryRestV1:115] Getting by calling code 591
2026-03-25 15:09:45,790 INFO  [eu.fayder.restcountries.v1.rest.CountryRestV1:115] Getting by calling code 235
2026-03-25 15:09:45,821 INFO  [eu.fayder.restcountries.v1.rest.CountryRestV1:115] Getting by calling code 47
2026-03-25 15:09:45,852 INFO  [eu.fayder.restcountries.v1.rest.CountryRestV1:115] Getting by calling code 1
2026-03-25 15:09:45,883 INFO  [eu.fayder.restcountries.v1.rest.CountryRestV1:115] Getting by calling code 263
2026-03-25 15:09:45,914 INFO  [eu.fayder.restcountries.v1.rest.CountryRestV1:115] Getting by calling code 236
2026-03-25 15:09:45,945 INFO  [eu.fayder.restcountries.v1.rest.CountryRestV1:115] Getting by calling code 421
2026-03-25 15:09:45,953 INFO  [eu.fayder.restcountries.v1.rest.CountryRestV1:115] Getting by calling code 675
2026-03-25 15:09:45,976 INFO  [eu.fayder.restcountries.v1.rest.CountryRestV1:115] Getting by calling code 500
2026-03-25 15:09:46,008 INFO  [eu.fayder.restcountries.v1.rest.CountryRestV1:115] Getting by calling code 45
2026-03-25 15:09:46,038 INFO  [eu.fayder.restcountries.v1.rest.CountryRestV1:115] Getting by calling code 238
2026-03-25 15:10:31,196 INFO  [eu.fayder.restcountries.v1.rest.CountryRestV1:131] Getting by capital ***LLMGenerator***
2026-03-25 15:10:31,212 INFO  [eu.fayder.restcountries.v1.rest.CountryRestV1:131] Getting by capital ***LLMGenerator***
2026-03-25 15:10:31,227 INFO  [eu.fayder.restcountries.v1.rest.CountryRestV1:131] Getting by capital ***LLMGenerator***
2026-03-25 15:10:31,242 INFO  [eu.fayder.restcountries.v1.rest.CountryRestV1:131] Getting by capital Brussels
2026-03-25 15:10:31,257 INFO  [eu.fayder.restcountries.v1.rest.CountryRestV1:131] Getting by capital Caracas
2026-03-25 15:10:31,273 INFO  [eu.fayder.restcountries.v1.rest.CountryRestV1:131] Getting by capital Canberra
2026-03-25 15:10:31,277 INFO  [eu.fayder.restcountries.v1.rest.CountryRestV1:131] Getting by capital Santo Domingo
2026-03-25 15:10:31,304 INFO  [eu.fayder.restcountries.v1.rest.CountryRestV1:131] Getting by capital Port-aux-Français
2026-03-25 15:10:31,320 INFO  [eu.fayder.restcountries.v1.rest.CountryRestV1:131] Getting by capital Abuja
2026-03-25 15:10:31,336 INFO  [eu.fayder.restcountries.v1.rest.CountryRestV1:131] Getting by capital Porto-Novo
2026-03-25 15:10:31,351 INFO  [eu.fayder.restcountries.v1.rest.CountryRestV1:131] Getting by capital Hamilton
2026-03-25 15:10:31,383 INFO  [eu.fayder.restcountries.v1.rest.CountryRestV1:131] Getting by capital Andorra la Vella
2026-03-25 15:10:31,413 INFO  [eu.fayder.restcountries.v1.rest.CountryRestV1:131] Getting by capital Astana
2026-03-25 15:10:31,429 INFO  [eu.fayder.restcountries.v1.rest.CountryRestV1:131] Getting by capital Pretoria
2026-03-25 15:10:31,444 INFO  [eu.fayder.restcountries.v1.rest.CountryRestV1:131] Getting by capital Washington, D.C.
2026-03-25 15:10:31,460 INFO  [eu.fayder.restcountries.v1.rest.CountryRestV1:131] Getting by capital Nouméa
2026-03-25 15:10:31,491 INFO  [eu.fayder.restcountries.v1.rest.CountryRestV1:131] Getting by capital Roseau
2026-03-25 15:10:31,522 INFO  [eu.fayder.restcountries.v1.rest.CountryRestV1:131] Getting by capital Vilnius
2026-03-25 15:10:31,552 INFO  [eu.fayder.restcountries.v1.rest.CountryRestV1:131] Getting by capital Bridgetown
2026-03-25 15:10:31,583 INFO  [eu.fayder.restcountries.v1.rest.CountryRestV1:131] Getting by capital Yaoundé
2026-03-25 15:10:31,614 INFO  [eu.fayder.restcountries.v1.rest.CountryRestV1:131] Getting by capital Caracas
2026-03-25 15:10:31,645 INFO  [eu.fayder.restcountries.v1.rest.CountryRestV1:131] Getting by capital Rome
2026-03-25 15:10:31,676 INFO  [eu.fayder.restcountries.v1.rest.CountryRestV1:131] Getting by capital Ngerulmud
2026-03-25 15:10:31,692 INFO  [eu.fayder.restcountries.v1.rest.CountryRestV1:131] Getting by capital Tripoli
2026-03-25 15:10:31,724 INFO  [eu.fayder.restcountries.v1.rest.CountryRestV1:131] Getting by capital Basse-Terre
2026-03-25 15:10:31,755 INFO  [eu.fayder.restcountries.v1.rest.CountryRestV1:131] Getting by capital Porto-Novo
2026-03-25 15:10:31,786 INFO  [eu.fayder.restcountries.v1.rest.CountryRestV1:131] Getting by capital Ouagadougou
2026-03-25 15:10:31,816 INFO  [eu.fayder.restcountries.v1.rest.CountryRestV1:131] Getting by capital Paris
2026-03-25 15:10:31,824 INFO  [eu.fayder.restcountries.v1.rest.CountryRestV1:131] Getting by capital Asunción
2026-03-25 15:10:31,847 INFO  [eu.fayder.restcountries.v1.rest.CountryRestV1:131] Getting by capital Nicosia
2026-03-25 15:10:31,878 INFO  [eu.fayder.restcountries.v1.rest.CountryRestV1:131] Getting by capital Warsaw
2026-03-25 15:10:31,908 INFO  [eu.fayder.restcountries.v1.rest.CountryRestV1:131] Getting by capital Madrid
2026-03-25 15:10:31,939 INFO  [eu.fayder.restcountries.v1.rest.CountryRestV1:131] Getting by capital Willemstad
2026-03-25 15:10:31,970 INFO  [eu.fayder.restcountries.v1.rest.CountryRestV1:131] Getting by capital Baghdad
2026-03-25 15:10:32,000 INFO  [eu.fayder.restcountries.v1.rest.CountryRestV1:131] Getting by capital Paramaribo
2026-03-25 15:10:32,032 INFO  [eu.fayder.restcountries.v1.rest.CountryRestV1:131] Getting by capital Diego Garcia
2026-03-25 15:10:32,042 INFO  [eu.fayder.restcountries.v1.rest.CountryRestV1:131] Getting by capital Conakry
2026-03-25 15:10:32,051 INFO  [eu.fayder.restcountries.v1.rest.CountryRestV1:131] Getting by capital Cairo
2026-03-25 15:10:32,079 INFO  [eu.fayder.restcountries.v1.rest.CountryRestV1:131] Getting by capital Willemstad
2026-03-25 15:10:32,110 INFO  [eu.fayder.restcountries.v1.rest.CountryRestV1:131] Getting by capital Kigali
2026-03-25 15:10:32,141 INFO  [eu.fayder.restcountries.v1.rest.CountryRestV1:131] Getting by capital Longyearbyen
2026-03-25 15:10:32,172 INFO  [eu.fayder.restcountries.v1.rest.CountryRestV1:131] Getting by capital São Tomé
2026-03-25 15:10:32,203 INFO  [eu.fayder.restcountries.v1.rest.CountryRestV1:131] Getting by capital Doha
2026-03-25 15:10:32,212 INFO  [eu.fayder.restcountries.v1.rest.CountryRestV1:131] Getting by capital Dushanbe
2026-03-25 15:10:32,234 INFO  [eu.fayder.restcountries.v1.rest.CountryRestV1:131] Getting by capital Kuwait City
2026-03-25 15:10:32,264 INFO  [eu.fayder.restcountries.v1.rest.CountryRestV1:131] Getting by capital Suva
2026-03-25 15:10:32,298 INFO  [eu.fayder.restcountries.v1.rest.CountryRestV1:131] Getting by capital Baghdad
2026-03-25 15:11:06,839 INFO  [eu.fayder.restcountries.v1.rest.CountryRestV1:147] Getting by region ***LLMGenerator***
2026-03-25 15:11:06,858 INFO  [eu.fayder.restcountries.v1.rest.CountryRestV1:147] Getting by region ***LLMGenerator***
2026-03-25 15:11:06,873 INFO  [eu.fayder.restcountries.v1.rest.CountryRestV1:147] Getting by region Americas
2026-03-25 15:11:06,903 INFO  [eu.fayder.restcountries.v1.rest.CountryRestV1:147] Getting by region Oceania
2026-03-25 15:11:06,919 INFO  [eu.fayder.restcountries.v1.rest.CountryRestV1:147] Getting by region Africa
2026-03-25 15:11:06,950 INFO  [eu.fayder.restcountries.v1.rest.CountryRestV1:147] Getting by region Oceania
2026-03-25 15:11:06,966 INFO  [eu.fayder.restcountries.v1.rest.CountryRestV1:147] Getting by region Africa
2026-03-25 15:11:06,998 INFO  [eu.fayder.restcountries.v1.rest.CountryRestV1:147] Getting by region Africa
2026-03-25 15:11:07,005 INFO  [eu.fayder.restcountries.v1.rest.CountryRestV1:147] Getting by region Europe
2026-03-25 15:11:07,028 INFO  [eu.fayder.restcountries.v1.rest.CountryRestV1:147] Getting by region Africa
2026-03-25 15:11:07,037 INFO  [eu.fayder.restcountries.v1.rest.CountryRestV1:147] Getting by region Oceania
2026-03-25 15:11:07,043 INFO  [eu.fayder.restcountries.v1.rest.CountryRestV1:147] Getting by region Oceania
2026-03-25 15:11:07,060 INFO  [eu.fayder.restcountries.v1.rest.CountryRestV1:147] Getting by region Africa
2026-03-25 15:11:07,092 INFO  [eu.fayder.restcountries.v1.rest.CountryRestV1:147] Getting by region Asia
2026-03-25 15:11:07,123 INFO  [eu.fayder.restcountries.v1.rest.CountryRestV1:147] Getting by region Europe
2026-03-25 15:11:07,133 INFO  [eu.fayder.restcountries.v1.rest.CountryRestV1:147] Getting by region Oceania
2026-03-25 15:11:07,155 INFO  [eu.fayder.restcountries.v1.rest.CountryRestV1:147] Getting by region Americas
2026-03-25 15:11:07,186 INFO  [eu.fayder.restcountries.v1.rest.CountryRestV1:147] Getting by region Americas
2026-03-25 15:11:07,216 INFO  [eu.fayder.restcountries.v1.rest.CountryRestV1:147] Getting by region Africa
2026-03-25 15:11:07,230 INFO  [eu.fayder.restcountries.v1.rest.CountryRestV1:147] Getting by region Africa
2026-03-25 15:11:07,263 INFO  [eu.fayder.restcountries.v1.rest.CountryRestV1:147] Getting by region Europe
2026-03-25 15:11:07,294 INFO  [eu.fayder.restcountries.v1.rest.CountryRestV1:147] Getting by region Oceania
2026-03-25 15:11:07,325 INFO  [eu.fayder.restcountries.v1.rest.CountryRestV1:147] Getting by region Europe
2026-03-25 15:11:07,338 INFO  [eu.fayder.restcountries.v1.rest.CountryRestV1:147] Getting by region Africa
2026-03-25 15:11:07,373 INFO  [eu.fayder.restcountries.v1.rest.CountryRestV1:147] Getting by region Europe
2026-03-25 15:11:07,387 INFO  [eu.fayder.restcountries.v1.rest.CountryRestV1:147] Getting by region Americas
2026-03-25 15:11:07,402 INFO  [eu.fayder.restcountries.v1.rest.CountryRestV1:147] Getting by region Africa
2026-03-25 15:11:07,436 INFO  [eu.fayder.restcountries.v1.rest.CountryRestV1:147] Getting by region Asia
2026-03-25 15:11:07,465 INFO  [eu.fayder.restcountries.v1.rest.CountryRestV1:147] Getting by region Asia
2026-03-25 15:11:07,497 INFO  [eu.fayder.restcountries.v1.rest.CountryRestV1:147] Getting by region Americas
2026-03-25 15:11:07,528 INFO  [eu.fayder.restcountries.v1.rest.CountryRestV1:147] Getting by region Americas
2026-03-25 15:11:07,542 INFO  [eu.fayder.restcountries.v1.rest.CountryRestV1:147] Getting by region Africa
2026-03-25 15:11:07,575 INFO  [eu.fayder.restcountries.v1.rest.CountryRestV1:147] Getting by region Europe
2026-03-25 15:11:07,606 INFO  [eu.fayder.restcountries.v1.rest.CountryRestV1:147] Getting by region Africa
2026-03-25 15:11:07,637 INFO  [eu.fayder.restcountries.v1.rest.CountryRestV1:147] Getting by region Americas
2026-03-25 15:11:07,668 INFO  [eu.fayder.restcountries.v1.rest.CountryRestV1:147] Getting by region Europe
2026-03-25 15:11:07,698 INFO  [eu.fayder.restcountries.v1.rest.CountryRestV1:147] Getting by region Americas
2026-03-25 15:11:07,729 INFO  [eu.fayder.restcountries.v1.rest.CountryRestV1:147] Getting by region Americas
2026-03-25 15:11:07,745 INFO  [eu.fayder.restcountries.v1.rest.CountryRestV1:147] Getting by region Europe
2026-03-25 15:11:07,763 INFO  [eu.fayder.restcountries.v1.rest.CountryRestV1:147] Getting by region Oceania
2026-03-25 15:11:07,792 INFO  [eu.fayder.restcountries.v1.rest.CountryRestV1:147] Getting by region Europe
2026-03-25 15:11:07,822 INFO  [eu.fayder.restcountries.v1.rest.CountryRestV1:147] Getting by region Americas
2026-03-25 15:11:07,854 INFO  [eu.fayder.restcountries.v1.rest.CountryRestV1:147] Getting by region Polar
2026-03-25 15:11:07,885 INFO  [eu.fayder.restcountries.v1.rest.CountryRestV1:147] Getting by region Africa
2026-03-25 15:11:07,912 INFO  [eu.fayder.restcountries.v1.rest.CountryRestV1:147] Getting by region Africa
2026-03-25 15:11:07,947 INFO  [eu.fayder.restcountries.v1.rest.CountryRestV1:147] Getting by region Americas
2026-03-25 15:11:07,979 INFO  [eu.fayder.restcountries.v1.rest.CountryRestV1:147] Getting by region Asia
2026-03-25 15:11:07,996 INFO  [eu.fayder.restcountries.v1.rest.CountryRestV1:147] Getting by region Oceania
2026-03-25 15:11:08,014 INFO  [eu.fayder.restcountries.v1.rest.CountryRestV1:147] Getting by region Oceania
2026-03-25 15:11:08,032 INFO  [eu.fayder.restcountries.v1.rest.CountryRestV1:147] Getting by region Americas
2026-03-25 15:12:06,470 INFO  [eu.fayder.restcountries.v1.rest.CountryRestV1:163] Getting by region ***LLMGenerator***
2026-03-25 15:12:06,500 INFO  [eu.fayder.restcountries.v1.rest.CountryRestV1:163] Getting by region ***LLMGenerator***
2026-03-25 15:12:06,516 INFO  [eu.fayder.restcountries.v1.rest.CountryRestV1:163] Getting by region Middle Africa
2026-03-25 15:12:06,532 INFO  [eu.fayder.restcountries.v1.rest.CountryRestV1:163] Getting by region Caribbean
2026-03-25 15:12:06,547 INFO  [eu.fayder.restcountries.v1.rest.CountryRestV1:163] Getting by region Middle Africa
2026-03-25 15:12:06,563 INFO  [eu.fayder.restcountries.v1.rest.CountryRestV1:163] Getting by region Western Europe
2026-03-25 15:12:06,594 INFO  [eu.fayder.restcountries.v1.rest.CountryRestV1:163] Getting by region Caribbean
2026-03-25 15:12:06,610 INFO  [eu.fayder.restcountries.v1.rest.CountryRestV1:163] Getting by region Western Africa
2026-03-25 15:12:06,625 INFO  [eu.fayder.restcountries.v1.rest.CountryRestV1:163] Getting by region Southern Asia
2026-03-25 15:12:06,655 INFO  [eu.fayder.restcountries.v1.rest.CountryRestV1:163] Getting by region Northern Europe
2026-03-25 15:12:06,670 INFO  [eu.fayder.restcountries.v1.rest.CountryRestV1:163] Getting by region Eastern Africa
2026-03-25 15:12:06,687 INFO  [eu.fayder.restcountries.v1.rest.CountryRestV1:163] Getting by region Southern Asia
2026-03-25 15:12:06,719 INFO  [eu.fayder.restcountries.v1.rest.CountryRestV1:163] Getting by region Eastern Africa
2026-03-25 15:12:06,750 INFO  [eu.fayder.restcountries.v1.rest.CountryRestV1:163] Getting by region Caribbean
2026-03-25 15:12:06,781 INFO  [eu.fayder.restcountries.v1.rest.CountryRestV1:163] Getting by region Eastern Africa
2026-03-25 15:12:06,787 INFO  [eu.fayder.restcountries.v1.rest.CountryRestV1:163] Getting by region Central America
2026-03-25 15:12:06,812 INFO  [eu.fayder.restcountries.v1.rest.CountryRestV1:163] Getting by region Northern Europe
2026-03-25 15:12:06,843 INFO  [eu.fayder.restcountries.v1.rest.CountryRestV1:163] Getting by region Northern Europe
2026-03-25 15:12:06,876 INFO  [eu.fayder.restcountries.v1.rest.CountryRestV1:163] Getting by region Caribbean
2026-03-25 15:12:06,907 INFO  [eu.fayder.restcountries.v1.rest.CountryRestV1:163] Getting by region Southern Europe
2026-03-25 15:12:06,939 INFO  [eu.fayder.restcountries.v1.rest.CountryRestV1:163] Getting by region Micronesia
2026-03-25 15:12:06,970 INFO  [eu.fayder.restcountries.v1.rest.CountryRestV1:163] Getting by region Western Africa
2026-03-25 15:12:07,001 INFO  [eu.fayder.restcountries.v1.rest.CountryRestV1:163] Getting by region Southern Europe
2026-03-25 15:12:07,032 INFO  [eu.fayder.restcountries.v1.rest.CountryRestV1:163] Getting by region Eastern Africa
2026-03-25 15:12:07,063 INFO  [eu.fayder.restcountries.v1.rest.CountryRestV1:163] Getting by region Western Asia
2026-03-25 15:12:07,094 INFO  [eu.fayder.restcountries.v1.rest.CountryRestV1:163] Getting by region Northern Africa
2026-03-25 15:12:07,103 INFO  [eu.fayder.restcountries.v1.rest.CountryRestV1:163] Getting by region South America
2026-03-25 15:12:07,125 INFO  [eu.fayder.restcountries.v1.rest.CountryRestV1:163] Getting by region Caribbean
2026-03-25 15:12:07,157 INFO  [eu.fayder.restcountries.v1.rest.CountryRestV1:163] Getting by region Caribbean
2026-03-25 15:12:07,188 INFO  [eu.fayder.restcountries.v1.rest.CountryRestV1:163] Getting by region Northern Europe
2026-03-25 15:12:07,219 INFO  [eu.fayder.restcountries.v1.rest.CountryRestV1:163] Getting by region Western Asia
2026-03-25 15:12:07,250 INFO  [eu.fayder.restcountries.v1.rest.CountryRestV1:163] Getting by region Western Europe
2026-03-25 15:12:07,281 INFO  [eu.fayder.restcountries.v1.rest.CountryRestV1:163] Getting by region Northern America
2026-03-25 15:12:07,312 INFO  [eu.fayder.restcountries.v1.rest.CountryRestV1:163] Getting by region Eastern Africa
2026-03-25 15:12:07,342 INFO  [eu.fayder.restcountries.v1.rest.CountryRestV1:163] Getting by region South America
2026-03-25 15:12:07,352 INFO  [eu.fayder.restcountries.v1.rest.CountryRestV1:163] Getting by region Caribbean
2026-03-25 15:12:07,363 INFO  [eu.fayder.restcountries.v1.rest.CountryRestV1:163] Getting by region Southern Asia
2026-03-25 15:12:07,389 INFO  [eu.fayder.restcountries.v1.rest.CountryRestV1:163] Getting by region Northern Europe
2026-03-25 15:12:07,400 INFO  [eu.fayder.restcountries.v1.rest.CountryRestV1:163] Getting by region Micronesia
2026-03-25 15:12:07,436 INFO  [eu.fayder.restcountries.v1.rest.CountryRestV1:163] Getting by region Northern Africa
2026-03-25 15:12:07,468 INFO  [eu.fayder.restcountries.v1.rest.CountryRestV1:163] Getting by region South America
2026-03-25 15:12:07,498 INFO  [eu.fayder.restcountries.v1.rest.CountryRestV1:163] Getting by region Western Europe
2026-03-25 15:12:07,530 INFO  [eu.fayder.restcountries.v1.rest.CountryRestV1:163] Getting by region Caribbean
2026-03-25 15:12:07,562 INFO  [eu.fayder.restcountries.v1.rest.CountryRestV1:163] Getting by region Northern America
2026-03-25 15:12:07,581 INFO  [eu.fayder.restcountries.v1.rest.CountryRestV1:163] Getting by region Eastern Europe
2026-03-25 15:12:07,597 INFO  [eu.fayder.restcountries.v1.rest.CountryRestV1:163] Getting by region Southern Europe
2026-03-25 15:12:07,614 INFO  [eu.fayder.restcountries.v1.rest.CountryRestV1:163] Getting by region Southern Africa
2026-03-25 15:12:07,632 INFO  [eu.fayder.restcountries.v1.rest.CountryRestV1:163] Getting by region Northern Europe
2026-03-25 15:12:07,659 INFO  [eu.fayder.restcountries.v1.rest.CountryRestV1:163] Getting by region Eastern Asia
2026-03-25 15:12:07,677 INFO  [eu.fayder.restcountries.v1.rest.CountryRestV1:163] Getting by region Middle Africa
2026-03-25 15:12:33,293 INFO  [eu.fayder.restcountries.v1.rest.CountryRestV1:179] Getting by language ***LLMGenerator***
2026-03-25 15:12:33,313 INFO  [eu.fayder.restcountries.v1.rest.CountryRestV1:179] Getting by language ***LLMGenerator***
2026-03-25 15:12:33,328 INFO  [eu.fayder.restcountries.v1.rest.CountryRestV1:179] Getting by language ***LLMGenerator***
2026-03-25 15:12:33,343 INFO  [eu.fayder.restcountries.v1.rest.CountryRestV1:179] Getting by language ***LLMGenerator***
2026-03-25 15:12:33,360 INFO  [eu.fayder.restcountries.v1.rest.CountryRestV1:179] Getting by language ***LLMGenerator***
2026-03-25 15:12:33,375 INFO  [eu.fayder.restcountries.v1.rest.CountryRestV1:179] Getting by language fr
2026-03-25 15:12:33,405 INFO  [eu.fayder.restcountries.v1.rest.CountryRestV1:179] Getting by language hr
2026-03-25 15:12:33,422 INFO  [eu.fayder.restcountries.v1.rest.CountryRestV1:179] Getting by language tn
2026-03-25 15:12:33,437 INFO  [eu.fayder.restcountries.v1.rest.CountryRestV1:179] Getting by language es
2026-03-25 15:12:33,442 INFO  [eu.fayder.restcountries.v1.rest.CountryRestV1:179] Getting by language he
2026-03-25 15:12:33,467 INFO  [eu.fayder.restcountries.v1.rest.CountryRestV1:179] Getting by language ro
2026-03-25 15:12:33,483 INFO  [eu.fayder.restcountries.v1.rest.CountryRestV1:179] Getting by language ms
2026-03-25 15:12:33,514 INFO  [eu.fayder.restcountries.v1.rest.CountryRestV1:179] Getting by language el
2026-03-25 15:12:33,545 INFO  [eu.fayder.restcountries.v1.rest.CountryRestV1:179] Getting by language fr
2026-03-25 15:12:33,577 INFO  [eu.fayder.restcountries.v1.rest.CountryRestV1:179] Getting by language fr
2026-03-25 15:12:33,583 INFO  [eu.fayder.restcountries.v1.rest.CountryRestV1:179] Getting by language fr
2026-03-25 15:12:33,591 INFO  [eu.fayder.restcountries.v1.rest.CountryRestV1:179] Getting by language fr
2026-03-25 15:12:33,598 INFO  [eu.fayder.restcountries.v1.rest.CountryRestV1:179] Getting by language es
2026-03-25 15:12:33,622 INFO  [eu.fayder.restcountries.v1.rest.CountryRestV1:179] Getting by language en
2026-03-25 15:12:33,654 INFO  [eu.fayder.restcountries.v1.rest.CountryRestV1:179] Getting by language uk
2026-03-25 15:12:33,684 INFO  [eu.fayder.restcountries.v1.rest.CountryRestV1:179] Getting by language ta
2026-03-25 15:12:33,715 INFO  [eu.fayder.restcountries.v1.rest.CountryRestV1:179] Getting by language ar
2026-03-25 15:12:33,745 INFO  [eu.fayder.restcountries.v1.rest.CountryRestV1:179] Getting by language fr
2026-03-25 15:12:33,776 INFO  [eu.fayder.restcountries.v1.rest.CountryRestV1:179] Getting by language ar
2026-03-25 15:12:33,807 INFO  [eu.fayder.restcountries.v1.rest.CountryRestV1:179] Getting by language hr
2026-03-25 15:12:33,815 INFO  [eu.fayder.restcountries.v1.rest.CountryRestV1:179] Getting by language pt
2026-03-25 15:12:33,824 INFO  [eu.fayder.restcountries.v1.rest.CountryRestV1:179] Getting by language en
2026-03-25 15:12:33,854 INFO  [eu.fayder.restcountries.v1.rest.CountryRestV1:179] Getting by language fr
2026-03-25 15:12:33,885 INFO  [eu.fayder.restcountries.v1.rest.CountryRestV1:179] Getting by language es
2026-03-25 15:12:33,917 INFO  [eu.fayder.restcountries.v1.rest.CountryRestV1:179] Getting by language nl
2026-03-25 15:12:33,948 INFO  [eu.fayder.restcountries.v1.rest.CountryRestV1:179] Getting by language ro
2026-03-25 15:12:33,978 INFO  [eu.fayder.restcountries.v1.rest.CountryRestV1:179] Getting by language fr
2026-03-25 15:12:34,009 INFO  [eu.fayder.restcountries.v1.rest.CountryRestV1:179] Getting by language fr
2026-03-25 15:12:34,020 INFO  [eu.fayder.restcountries.v1.rest.CountryRestV1:179] Getting by language fa
2026-03-25 15:12:34,041 INFO  [eu.fayder.restcountries.v1.rest.CountryRestV1:179] Getting by language sq
2026-03-25 15:12:34,072 INFO  [eu.fayder.restcountries.v1.rest.CountryRestV1:179] Getting by language en
2026-03-25 15:12:34,087 INFO  [eu.fayder.restcountries.v1.rest.CountryRestV1:179] Getting by language fr
2026-03-25 15:12:34,099 INFO  [eu.fayder.restcountries.v1.rest.CountryRestV1:179] Getting by language en
2026-03-25 15:12:34,114 INFO  [eu.fayder.restcountries.v1.rest.CountryRestV1:179] Getting by language es
2026-03-25 15:12:34,126 INFO  [eu.fayder.restcountries.v1.rest.CountryRestV1:179] Getting by language ar
2026-03-25 15:12:34,138 INFO  [eu.fayder.restcountries.v1.rest.CountryRestV1:179] Getting by language pa
2026-03-25 15:12:34,150 INFO  [eu.fayder.restcountries.v1.rest.CountryRestV1:179] Getting by language hu
2026-03-25 15:12:34,181 INFO  [eu.fayder.restcountries.v1.rest.CountryRestV1:179] Getting by language fr
2026-03-25 15:12:34,194 INFO  [eu.fayder.restcountries.v1.rest.CountryRestV1:179] Getting by language es
2026-03-25 15:12:34,227 INFO  [eu.fayder.restcountries.v1.rest.CountryRestV1:179] Getting by language to
2026-03-25 15:12:34,258 INFO  [eu.fayder.restcountries.v1.rest.CountryRestV1:179] Getting by language en
2026-03-25 15:12:34,289 INFO  [eu.fayder.restcountries.v1.rest.CountryRestV1:179] Getting by language ja
2026-03-25 15:12:34,319 INFO  [eu.fayder.restcountries.v1.rest.CountryRestV1:179] Getting by language ar
2026-03-25 15:12:34,350 INFO  [eu.fayder.restcountries.v1.rest.CountryRestV1:179] Getting by language es
2026-03-25 15:12:34,381 INFO  [eu.fayder.restcountries.v1.rest.CountryRestV1:179] Getting by language ja
2026-03-25 15:13:18,500 INFO  [eu.fayder.restcountries.v2.rest.CountryRestV2:43] Getting by alpha ***LLMGenerator***
2026-03-25 15:13:18,530 INFO  [eu.fayder.restcountries.v2.rest.CountryRestV2:43] Getting by alpha ZW
2026-03-25 15:13:18,546 INFO  [eu.fayder.restcountries.v2.rest.CountryRestV2:43] Getting by alpha FI
2026-03-25 15:13:18,562 INFO  [eu.fayder.restcountries.v2.rest.CountryRestV2:43] Getting by alpha ST
2026-03-25 15:13:18,594 INFO  [eu.fayder.restcountries.v2.rest.CountryRestV2:43] Getting by alpha PT
2026-03-25 15:13:18,609 INFO  [eu.fayder.restcountries.v2.rest.CountryRestV2:43] Getting by alpha TWN
2026-03-25 15:13:18,625 INFO  [eu.fayder.restcountries.v2.rest.CountryRestV2:43] Getting by alpha FR
2026-03-25 15:13:18,630 INFO  [eu.fayder.restcountries.v2.rest.CountryRestV2:43] Getting by alpha MDG
2026-03-25 15:13:18,655 INFO  [eu.fayder.restcountries.v2.rest.CountryRestV2:43] Getting by alpha CMR
2026-03-25 15:13:18,670 INFO  [eu.fayder.restcountries.v2.rest.CountryRestV2:43] Getting by alpha KZ
2026-03-25 15:13:18,685 INFO  [eu.fayder.restcountries.v2.rest.CountryRestV2:43] Getting by alpha CM
2026-03-25 15:13:18,701 INFO  [eu.fayder.restcountries.v2.rest.CountryRestV2:43] Getting by alpha DNK
2026-03-25 15:13:18,717 INFO  [eu.fayder.restcountries.v2.rest.CountryRestV2:43] Getting by alpha AUS
2026-03-25 15:13:18,723 INFO  [eu.fayder.restcountries.v2.rest.CountryRestV2:43] Getting by alpha NIC
2026-03-25 15:13:18,749 INFO  [eu.fayder.restcountries.v2.rest.CountryRestV2:43] Getting by alpha SWE
2026-03-25 15:13:18,780 INFO  [eu.fayder.restcountries.v2.rest.CountryRestV2:43] Getting by alpha KZ
2026-03-25 15:13:18,786 INFO  [eu.fayder.restcountries.v2.rest.CountryRestV2:43] Getting by alpha MDG
2026-03-25 15:13:18,811 INFO  [eu.fayder.restcountries.v2.rest.CountryRestV2:43] Getting by alpha NC
2026-03-25 15:13:18,842 INFO  [eu.fayder.restcountries.v2.rest.CountryRestV2:43] Getting by alpha SAU
2026-03-25 15:13:18,873 INFO  [eu.fayder.restcountries.v2.rest.CountryRestV2:43] Getting by alpha ZW
2026-03-25 15:13:18,904 INFO  [eu.fayder.restcountries.v2.rest.CountryRestV2:43] Getting by alpha FR
2026-03-25 15:13:18,935 INFO  [eu.fayder.restcountries.v2.rest.CountryRestV2:43] Getting by alpha IQ
2026-03-25 15:13:18,951 INFO  [eu.fayder.restcountries.v2.rest.CountryRestV2:43] Getting by alpha SE
2026-03-25 15:13:18,957 INFO  [eu.fayder.restcountries.v2.rest.CountryRestV2:43] Getting by alpha CXR
2026-03-25 15:13:18,964 INFO  [eu.fayder.restcountries.v2.rest.CountryRestV2:43] Getting by alpha DNK
2026-03-25 15:13:18,982 INFO  [eu.fayder.restcountries.v2.rest.CountryRestV2:43] Getting by alpha MW
2026-03-25 15:13:19,013 INFO  [eu.fayder.restcountries.v2.rest.CountryRestV2:43] Getting by alpha JOR
2026-03-25 15:13:19,021 INFO  [eu.fayder.restcountries.v2.rest.CountryRestV2:43] Getting by alpha CF
2026-03-25 15:13:19,028 INFO  [eu.fayder.restcountries.v2.rest.CountryRestV2:43] Getting by alpha IND
2026-03-25 15:13:19,045 INFO  [eu.fayder.restcountries.v2.rest.CountryRestV2:43] Getting by alpha FIN
2026-03-25 15:13:19,076 INFO  [eu.fayder.restcountries.v2.rest.CountryRestV2:43] Getting by alpha IQ
2026-03-25 15:13:19,106 INFO  [eu.fayder.restcountries.v2.rest.CountryRestV2:43] Getting by alpha CM
2026-03-25 15:13:19,138 INFO  [eu.fayder.restcountries.v2.rest.CountryRestV2:43] Getting by alpha KZ
2026-03-25 15:13:19,169 INFO  [eu.fayder.restcountries.v2.rest.CountryRestV2:43] Getting by alpha BLM
2026-03-25 15:13:19,200 INFO  [eu.fayder.restcountries.v2.rest.CountryRestV2:43] Getting by alpha AO
2026-03-25 15:13:19,232 INFO  [eu.fayder.restcountries.v2.rest.CountryRestV2:43] Getting by alpha FI
2026-03-25 15:13:19,263 INFO  [eu.fayder.restcountries.v2.rest.CountryRestV2:43] Getting by alpha SYC
2026-03-25 15:13:19,294 INFO  [eu.fayder.restcountries.v2.rest.CountryRestV2:43] Getting by alpha PRT
2026-03-25 15:13:19,324 INFO  [eu.fayder.restcountries.v2.rest.CountryRestV2:43] Getting by alpha AO
2026-03-25 15:13:19,354 INFO  [eu.fayder.restcountries.v2.rest.CountryRestV2:43] Getting by alpha CMR
2026-03-25 15:13:19,363 INFO  [eu.fayder.restcountries.v2.rest.CountryRestV2:43] Getting by alpha DNK
2026-03-25 15:13:19,385 INFO  [eu.fayder.restcountries.v2.rest.CountryRestV2:43] Getting by alpha IND
2026-03-25 15:13:19,416 INFO  [eu.fayder.restcountries.v2.rest.CountryRestV2:43] Getting by alpha DNK
2026-03-25 15:13:19,447 INFO  [eu.fayder.restcountries.v2.rest.CountryRestV2:43] Getting by alpha MWI
2026-03-25 15:13:19,478 INFO  [eu.fayder.restcountries.v2.rest.CountryRestV2:43] Getting by alpha PRT
2026-03-25 15:13:19,509 INFO  [eu.fayder.restcountries.v2.rest.CountryRestV2:43] Getting by alpha ST
2026-03-25 15:13:19,540 INFO  [eu.fayder.restcountries.v2.rest.CountryRestV2:43] Getting by alpha AO
2026-03-25 15:13:19,570 INFO  [eu.fayder.restcountries.v2.rest.CountryRestV2:43] Getting by alpha EG
2026-03-25 15:13:19,603 INFO  [eu.fayder.restcountries.v2.rest.CountryRestV2:43] Getting by alpha NE
2026-03-25 15:13:19,634 INFO  [eu.fayder.restcountries.v2.rest.CountryRestV2:43] Getting by alpha BFA
2026-03-25 15:14:17,790 INFO  [eu.fayder.restcountries.v2.rest.CountryRestV2:76] Getting by currency ***LLMGenerator***
2026-03-25 15:14:17,806 INFO  [eu.fayder.restcountries.v2.rest.CountryRestV2:76] Getting by currency ***LLMGenerator***
2026-03-25 15:14:17,821 INFO  [eu.fayder.restcountries.v2.rest.CountryRestV2:76] Getting by currency USD
2026-03-25 15:14:17,852 INFO  [eu.fayder.restcountries.v2.rest.CountryRestV2:76] Getting by currency EUR
2026-03-25 15:14:17,882 INFO  [eu.fayder.restcountries.v2.rest.CountryRestV2:76] Getting by currency JPY
2026-03-25 15:14:17,888 INFO  [eu.fayder.restcountries.v2.rest.CountryRestV2:76] Getting by currency GBP
2026-03-25 15:14:17,913 INFO  [eu.fayder.restcountries.v2.rest.CountryRestV2:76] Getting by currency CHF
2026-03-25 15:14:17,943 INFO  [eu.fayder.restcountries.v2.rest.CountryRestV2:76] Getting by currency CAD
2026-03-25 15:14:17,959 INFO  [eu.fayder.restcountries.v2.rest.CountryRestV2:76] Getting by currency AUD
2026-03-25 15:14:17,990 INFO  [eu.fayder.restcountries.v2.rest.CountryRestV2:76] Getting by currency NZD
2026-03-25 15:14:18,020 INFO  [eu.fayder.restcountries.v2.rest.CountryRestV2:76] Getting by currency CNY
2026-03-25 15:14:18,036 INFO  [eu.fayder.restcountries.v2.rest.CountryRestV2:76] Getting by currency SEK
2026-03-25 15:14:18,052 INFO  [eu.fayder.restcountries.v2.rest.CountryRestV2:76] Getting by currency NOK
2026-03-25 15:14:18,082 INFO  [eu.fayder.restcountries.v2.rest.CountryRestV2:76] Getting by currency MXN
2026-03-25 15:14:18,113 INFO  [eu.fayder.restcountries.v2.rest.CountryRestV2:76] Getting by currency INR
2026-03-25 15:14:18,143 INFO  [eu.fayder.restcountries.v2.rest.CountryRestV2:76] Getting by currency BRL
2026-03-25 15:14:18,175 INFO  [eu.fayder.restcountries.v2.rest.CountryRestV2:76] Getting by currency ZAR
2026-03-25 15:14:18,206 INFO  [eu.fayder.restcountries.v2.rest.CountryRestV2:76] Getting by currency KRW
2026-03-25 15:14:18,238 INFO  [eu.fayder.restcountries.v2.rest.CountryRestV2:76] Getting by currency SGD
2026-03-25 15:14:18,270 INFO  [eu.fayder.restcountries.v2.rest.CountryRestV2:76] Getting by currency HKD
2026-03-25 15:14:18,300 INFO  [eu.fayder.restcountries.v2.rest.CountryRestV2:76] Getting by currency TRY
2026-03-25 15:14:18,331 INFO  [eu.fayder.restcountries.v2.rest.CountryRestV2:76] Getting by currency RUB
2026-03-25 15:14:18,362 INFO  [eu.fayder.restcountries.v2.rest.CountryRestV2:76] Getting by currency PLN
2026-03-25 15:14:18,393 INFO  [eu.fayder.restcountries.v2.rest.CountryRestV2:76] Getting by currency DKK
2026-03-25 15:14:18,424 INFO  [eu.fayder.restcountries.v2.rest.CountryRestV2:76] Getting by currency ILS
2026-03-25 15:14:18,431 INFO  [eu.fayder.restcountries.v2.rest.CountryRestV2:76] Getting by currency AED
2026-03-25 15:14:18,454 INFO  [eu.fayder.restcountries.v2.rest.CountryRestV2:76] Getting by currency MYR
2026-03-25 15:14:18,486 INFO  [eu.fayder.restcountries.v2.rest.CountryRestV2:76] Getting by currency THB
2026-03-25 15:14:18,516 INFO  [eu.fayder.restcountries.v2.rest.CountryRestV2:76] Getting by currency IDR
2026-03-25 15:14:18,548 INFO  [eu.fayder.restcountries.v2.rest.CountryRestV2:76] Getting by currency PHP
2026-03-25 15:14:18,580 INFO  [eu.fayder.restcountries.v2.rest.CountryRestV2:76] Getting by currency VND
2026-03-25 15:14:18,612 INFO  [eu.fayder.restcountries.v2.rest.CountryRestV2:76] Getting by currency EGP
2026-03-25 15:14:18,643 INFO  [eu.fayder.restcountries.v2.rest.CountryRestV2:76] Getting by currency NGN
2026-03-25 15:14:18,673 INFO  [eu.fayder.restcountries.v2.rest.CountryRestV2:76] Getting by currency KES
2026-03-25 15:14:18,706 INFO  [eu.fayder.restcountries.v2.rest.CountryRestV2:76] Getting by currency GHS
2026-03-25 15:14:18,737 INFO  [eu.fayder.restcountries.v2.rest.CountryRestV2:76] Getting by currency TWD
2026-03-25 15:14:18,768 INFO  [eu.fayder.restcountries.v2.rest.CountryRestV2:76] Getting by currency CZK
2026-03-25 15:14:18,798 INFO  [eu.fayder.restcountries.v2.rest.CountryRestV2:76] Getting by currency HUF
2026-03-25 15:14:18,830 INFO  [eu.fayder.restcountries.v2.rest.CountryRestV2:76] Getting by currency RON
2026-03-25 15:14:18,860 INFO  [eu.fayder.restcountries.v2.rest.CountryRestV2:76] Getting by currency HRK
2026-03-25 15:14:18,892 INFO  [eu.fayder.restcountries.v2.rest.CountryRestV2:76] Getting by currency BGN
2026-03-25 15:14:18,901 INFO  [eu.fayder.restcountries.v2.rest.CountryRestV2:76] Getting by currency LKR
2026-03-25 15:14:18,923 INFO  [eu.fayder.restcountries.v2.rest.CountryRestV2:76] Getting by currency BDT
2026-03-25 15:14:18,933 INFO  [eu.fayder.restcountries.v2.rest.CountryRestV2:76] Getting by currency PKR
2026-03-25 15:14:18,941 INFO  [eu.fayder.restcountries.v2.rest.CountryRestV2:76] Getting by currency UAH
2026-03-25 15:14:18,970 INFO  [eu.fayder.restcountries.v2.rest.CountryRestV2:76] Getting by currency MAD
2026-03-25 15:14:18,980 INFO  [eu.fayder.restcountries.v2.rest.CountryRestV2:76] Getting by currency JMD
2026-03-25 15:14:19,001 INFO  [eu.fayder.restcountries.v2.rest.CountryRestV2:76] Getting by currency BHD
2026-03-25 15:14:19,032 INFO  [eu.fayder.restcountries.v2.rest.CountryRestV2:76] Getting by currency OMR
2026-03-25 15:14:19,062 INFO  [eu.fayder.restcountries.v2.rest.CountryRestV2:76] Getting by currency QAR
2026-03-25 15:14:56,137 INFO  [eu.fayder.restcountries.v2.rest.CountryRestV2:95] Getting by name ***LLMGenerator***
2026-03-25 15:14:56,154 INFO  [eu.fayder.restcountries.v2.rest.CountryRestV2:95] Getting by name Poland
2026-03-25 15:14:56,184 INFO  [eu.fayder.restcountries.v2.rest.CountryRestV2:95] Getting by name Turkey
2026-03-25 15:14:56,216 INFO  [eu.fayder.restcountries.v2.rest.CountryRestV2:95] Getting by name Australia
2026-03-25 15:14:56,248 INFO  [eu.fayder.restcountries.v2.rest.CountryRestV2:95] Getting by name Ivory Coast
2026-03-25 15:14:56,278 INFO  [eu.fayder.restcountries.v2.rest.CountryRestV2:95] Getting by name Poland
2026-03-25 15:14:56,309 INFO  [eu.fayder.restcountries.v2.rest.CountryRestV2:95] Getting by name Argentina
2026-03-25 15:14:56,325 INFO  [eu.fayder.restcountries.v2.rest.CountryRestV2:95] Getting by name Cameroon
2026-03-25 15:14:56,341 INFO  [eu.fayder.restcountries.v2.rest.CountryRestV2:95] Getting by name Svalbard and Jan Mayen
2026-03-25 15:14:56,372 INFO  [eu.fayder.restcountries.v2.rest.CountryRestV2:95] Getting by name Bhutan
2026-03-25 15:14:56,403 INFO  [eu.fayder.restcountries.v2.rest.CountryRestV2:95] Getting by name Italy
2026-03-25 15:14:56,433 INFO  [eu.fayder.restcountries.v2.rest.CountryRestV2:95] Getting by name Chad
2026-03-25 15:14:56,464 INFO  [eu.fayder.restcountries.v2.rest.CountryRestV2:95] Getting by name Chile
2026-03-25 15:14:56,495 INFO  [eu.fayder.restcountries.v2.rest.CountryRestV2:95] Getting by name Turkmenistan
2026-03-25 15:14:56,503 INFO  [eu.fayder.restcountries.v2.rest.CountryRestV2:95] Getting by name Ecuador
2026-03-25 15:14:56,510 INFO  [eu.fayder.restcountries.v2.rest.CountryRestV2:95] Getting by name Denmark
2026-03-25 15:14:56,542 INFO  [eu.fayder.restcountries.v2.rest.CountryRestV2:95] Getting by name Australia
2026-03-25 15:14:56,549 INFO  [eu.fayder.restcountries.v2.rest.CountryRestV2:95] Getting by name Mexico
2026-03-25 15:14:56,574 INFO  [eu.fayder.restcountries.v2.rest.CountryRestV2:95] Getting by name Botswana
2026-03-25 15:14:56,581 INFO  [eu.fayder.restcountries.v2.rest.CountryRestV2:95] Getting by name Djibouti
2026-03-25 15:14:56,605 INFO  [eu.fayder.restcountries.v2.rest.CountryRestV2:95] Getting by name Germany
2026-03-25 15:14:56,635 INFO  [eu.fayder.restcountries.v2.rest.CountryRestV2:95] Getting by name Lithuania
2026-03-25 15:14:56,667 INFO  [eu.fayder.restcountries.v2.rest.CountryRestV2:95] Getting by name Rwanda
2026-03-25 15:14:56,698 INFO  [eu.fayder.restcountries.v2.rest.CountryRestV2:95] Getting by name Tunisia
2026-03-25 15:14:56,715 INFO  [eu.fayder.restcountries.v2.rest.CountryRestV2:95] Getting by name Haiti
2026-03-25 15:14:56,724 INFO  [eu.fayder.restcountries.v2.rest.CountryRestV2:95] Getting by name Finland
2026-03-25 15:14:56,733 INFO  [eu.fayder.restcountries.v2.rest.CountryRestV2:95] Getting by name Grenada
2026-03-25 15:14:56,762 INFO  [eu.fayder.restcountries.v2.rest.CountryRestV2:95] Getting by name French Guiana
2026-03-25 15:14:56,792 INFO  [eu.fayder.restcountries.v2.rest.CountryRestV2:95] Getting by name Cameroon
2026-03-25 15:14:56,823 INFO  [eu.fayder.restcountries.v2.rest.CountryRestV2:95] Getting by name Nicaragua
2026-03-25 15:14:56,853 INFO  [eu.fayder.restcountries.v2.rest.CountryRestV2:95] Getting by name Switzerland
2026-03-25 15:14:56,885 INFO  [eu.fayder.restcountries.v2.rest.CountryRestV2:95] Getting by name Cocos (Keeling) Islands
2026-03-25 15:14:56,916 INFO  [eu.fayder.restcountries.v2.rest.CountryRestV2:95] Getting by name Indonesia
2026-03-25 15:14:56,947 INFO  [eu.fayder.restcountries.v2.rest.CountryRestV2:95] Getting by name Virgin Islands (British)
2026-03-25 15:14:56,979 INFO  [eu.fayder.restcountries.v2.rest.CountryRestV2:95] Getting by name Guinea
2026-03-25 15:14:56,992 INFO  [eu.fayder.restcountries.v2.rest.CountryRestV2:95] Getting by name Austria
2026-03-25 15:14:57,026 INFO  [eu.fayder.restcountries.v2.rest.CountryRestV2:95] Getting by name Christmas Island
2026-03-25 15:14:57,041 INFO  [eu.fayder.restcountries.v2.rest.CountryRestV2:95] Getting by name São Tomé and Príncipe
2026-03-25 15:14:57,072 INFO  [eu.fayder.restcountries.v2.rest.CountryRestV2:95] Getting by name Portugal
2026-03-25 15:14:57,105 INFO  [eu.fayder.restcountries.v2.rest.CountryRestV2:95] Getting by name Finland
2026-03-25 15:14:57,135 INFO  [eu.fayder.restcountries.v2.rest.CountryRestV2:95] Getting by name Poland
2026-03-25 15:14:57,166 INFO  [eu.fayder.restcountries.v2.rest.CountryRestV2:95] Getting by name Kazakhstan
2026-03-25 15:14:57,198 INFO  [eu.fayder.restcountries.v2.rest.CountryRestV2:95] Getting by name British Indian Ocean Territory
2026-03-25 15:14:57,228 INFO  [eu.fayder.restcountries.v2.rest.CountryRestV2:95] Getting by name Lesotho
2026-03-25 15:14:57,260 INFO  [eu.fayder.restcountries.v2.rest.CountryRestV2:95] Getting by name Russian Federation
2026-03-25 15:14:57,272 INFO  [eu.fayder.restcountries.v2.rest.CountryRestV2:95] Getting by name Republic of Kosovo
2026-03-25 15:14:57,306 INFO  [eu.fayder.restcountries.v2.rest.CountryRestV2:95] Getting by name Madagascar
2026-03-25 15:14:57,335 INFO  [eu.fayder.restcountries.v2.rest.CountryRestV2:95] Getting by name Réunion
2026-03-25 15:14:57,366 INFO  [eu.fayder.restcountries.v2.rest.CountryRestV2:95] Getting by name Northern Mariana Islands
2026-03-25 15:14:57,377 INFO  [eu.fayder.restcountries.v2.rest.CountryRestV2:95] Getting by name Eritrea
2026-03-25 15:15:30,280 INFO  [eu.fayder.restcountries.v2.rest.CountryRestV2:111] Getting by calling code ***LLMGenerator***
2026-03-25 15:15:30,311 INFO  [eu.fayder.restcountries.v2.rest.CountryRestV2:111] Getting by calling code ***LLMGenerator***
2026-03-25 15:15:30,326 INFO  [eu.fayder.restcountries.v2.rest.CountryRestV2:111] Getting by calling code 374
2026-03-25 15:15:30,342 INFO  [eu.fayder.restcountries.v2.rest.CountryRestV2:111] Getting by calling code 967
2026-03-25 15:15:30,359 INFO  [eu.fayder.restcountries.v2.rest.CountryRestV2:111] Getting by calling code 688
2026-03-25 15:15:30,375 INFO  [eu.fayder.restcountries.v2.rest.CountryRestV2:111] Getting by calling code 249
2026-03-25 15:15:30,390 INFO  [eu.fayder.restcountries.v2.rest.CountryRestV2:111] Getting by calling code 246
2026-03-25 15:15:30,421 INFO  [eu.fayder.restcountries.v2.rest.CountryRestV2:111] Getting by calling code 95
2026-03-25 15:15:30,437 INFO  [eu.fayder.restcountries.v2.rest.CountryRestV2:111] Getting by calling code 263
2026-03-25 15:15:30,452 INFO  [eu.fayder.restcountries.v2.rest.CountryRestV2:111] Getting by calling code 257
2026-03-25 15:15:30,467 INFO  [eu.fayder.restcountries.v2.rest.CountryRestV2:111] Getting by calling code 992
2026-03-25 15:15:30,483 INFO  [eu.fayder.restcountries.v2.rest.CountryRestV2:111] Getting by calling code 245
2026-03-25 15:15:30,488 INFO  [eu.fayder.restcountries.v2.rest.CountryRestV2:111] Getting by calling code 263
2026-03-25 15:15:30,513 INFO  [eu.fayder.restcountries.v2.rest.CountryRestV2:111] Getting by calling code 591
2026-03-25 15:15:30,544 INFO  [eu.fayder.restcountries.v2.rest.CountryRestV2:111] Getting by calling code 45
2026-03-25 15:15:30,559 INFO  [eu.fayder.restcountries.v2.rest.CountryRestV2:111] Getting by calling code 972
2026-03-25 15:15:30,575 INFO  [eu.fayder.restcountries.v2.rest.CountryRestV2:111] Getting by calling code 358
2026-03-25 15:15:30,606 INFO  [eu.fayder.restcountries.v2.rest.CountryRestV2:111] Getting by calling code 211
2026-03-25 15:15:30,637 INFO  [eu.fayder.restcountries.v2.rest.CountryRestV2:111] Getting by calling code 855
2026-03-25 15:15:30,652 INFO  [eu.fayder.restcountries.v2.rest.CountryRestV2:111] Getting by calling code 240
2026-03-25 15:15:30,684 INFO  [eu.fayder.restcountries.v2.rest.CountryRestV2:111] Getting by calling code 91
2026-03-25 15:15:30,700 INFO  [eu.fayder.restcountries.v2.rest.CountryRestV2:111] Getting by calling code 967
2026-03-25 15:15:30,731 INFO  [eu.fayder.restcountries.v2.rest.CountryRestV2:111] Getting by calling code 1
2026-03-25 15:15:30,763 INFO  [eu.fayder.restcountries.v2.rest.CountryRestV2:111] Getting by calling code 507
2026-03-25 15:15:30,793 INFO  [eu.fayder.restcountries.v2.rest.CountryRestV2:111] Getting by calling code 356
2026-03-25 15:15:30,824 INFO  [eu.fayder.restcountries.v2.rest.CountryRestV2:111] Getting by calling code 501
2026-03-25 15:15:30,855 INFO  [eu.fayder.restcountries.v2.rest.CountryRestV2:111] Getting by calling code 226
2026-03-25 15:15:30,886 INFO  [eu.fayder.restcountries.v2.rest.CountryRestV2:111] Getting by calling code 248
2026-03-25 15:15:30,917 INFO  [eu.fayder.restcountries.v2.rest.CountryRestV2:111] Getting by calling code 298
2026-03-25 15:15:30,947 INFO  [eu.fayder.restcountries.v2.rest.CountryRestV2:111] Getting by calling code 76
2026-03-25 15:15:30,979 INFO  [eu.fayder.restcountries.v2.rest.CountryRestV2:111] Getting by calling code 1
2026-03-25 15:15:31,010 INFO  [eu.fayder.restcountries.v2.rest.CountryRestV2:111] Getting by calling code 507
2026-03-25 15:15:31,043 INFO  [eu.fayder.restcountries.v2.rest.CountryRestV2:111] Getting by calling code 81
2026-03-25 15:15:31,073 INFO  [eu.fayder.restcountries.v2.rest.CountryRestV2:111] Getting by calling code 64
2026-03-25 15:15:31,105 INFO  [eu.fayder.restcountries.v2.rest.CountryRestV2:111] Getting by calling code 993
2026-03-25 15:15:31,135 INFO  [eu.fayder.restcountries.v2.rest.CountryRestV2:111] Getting by calling code 681
2026-03-25 15:15:31,143 INFO  [eu.fayder.restcountries.v2.rest.CountryRestV2:111] Getting by calling code 57
2026-03-25 15:15:31,168 INFO  [eu.fayder.restcountries.v2.rest.CountryRestV2:111] Getting by calling code 1
2026-03-25 15:15:31,176 INFO  [eu.fayder.restcountries.v2.rest.CountryRestV2:111] Getting by calling code 1
2026-03-25 15:15:31,199 INFO  [eu.fayder.restcountries.v2.rest.CountryRestV2:111] Getting by calling code 51
2026-03-25 15:15:31,230 INFO  [eu.fayder.restcountries.v2.rest.CountryRestV2:111] Getting by calling code 680
2026-03-25 15:15:31,261 INFO  [eu.fayder.restcountries.v2.rest.CountryRestV2:111] Getting by calling code 1
2026-03-25 15:15:31,292 INFO  [eu.fayder.restcountries.v2.rest.CountryRestV2:111] Getting by calling code 598
2026-03-25 15:15:31,324 INFO  [eu.fayder.restcountries.v2.rest.CountryRestV2:111] Getting by calling code 998
2026-03-25 15:15:31,335 INFO  [eu.fayder.restcountries.v2.rest.CountryRestV2:111] Getting by calling code 1
2026-03-25 15:15:31,345 INFO  [eu.fayder.restcountries.v2.rest.CountryRestV2:111] Getting by calling code 251
2026-03-25 15:15:31,371 INFO  [eu.fayder.restcountries.v2.rest.CountryRestV2:111] Getting by calling code 853
2026-03-25 15:15:31,403 INFO  [eu.fayder.restcountries.v2.rest.CountryRestV2:111] Getting by calling code 241
2026-03-25 15:15:31,433 INFO  [eu.fayder.restcountries.v2.rest.CountryRestV2:111] Getting by calling code 222
2026-03-25 15:15:31,464 INFO  [eu.fayder.restcountries.v2.rest.CountryRestV2:111] Getting by calling code 33
2026-03-25 15:16:00,528 INFO  [eu.fayder.restcountries.v2.rest.CountryRestV2:127] Getting by capital ***LLMGenerator***
2026-03-25 15:16:00,544 INFO  [eu.fayder.restcountries.v2.rest.CountryRestV2:127] Getting by capital Ngerulmud
2026-03-25 15:16:00,560 INFO  [eu.fayder.restcountries.v2.rest.CountryRestV2:127] Getting by capital Windhoek
2026-03-25 15:16:00,566 INFO  [eu.fayder.restcountries.v2.rest.CountryRestV2:127] Getting by capital ***LLMGenerator***
2026-03-25 15:16:00,591 INFO  [eu.fayder.restcountries.v2.rest.CountryRestV2:127] Getting by capital ***LLMGenerator***
2026-03-25 15:16:00,607 INFO  [eu.fayder.restcountries.v2.rest.CountryRestV2:127] Getting by capital Jerusalem
2026-03-25 15:16:00,622 INFO  [eu.fayder.restcountries.v2.rest.CountryRestV2:127] Getting by capital Bujumbura
2026-03-25 15:16:00,653 INFO  [eu.fayder.restcountries.v2.rest.CountryRestV2:127] Getting by capital Berlin
2026-03-25 15:16:00,668 INFO  [eu.fayder.restcountries.v2.rest.CountryRestV2:127] Getting by capital Philipsburg
2026-03-25 15:16:00,684 INFO  [eu.fayder.restcountries.v2.rest.CountryRestV2:127] Getting by capital Wellington
2026-03-25 15:16:00,715 INFO  [eu.fayder.restcountries.v2.rest.CountryRestV2:127] Getting by capital Lisbon
2026-03-25 15:16:00,745 INFO  [eu.fayder.restcountries.v2.rest.CountryRestV2:127] Getting by capital São Tomé
2026-03-25 15:16:00,777 INFO  [eu.fayder.restcountries.v2.rest.CountryRestV2:127] Getting by capital Tórshavn
2026-03-25 15:16:00,808 INFO  [eu.fayder.restcountries.v2.rest.CountryRestV2:127] Getting by capital Dublin
2026-03-25 15:16:00,823 INFO  [eu.fayder.restcountries.v2.rest.CountryRestV2:127] Getting by capital Muscat
2026-03-25 15:16:00,855 INFO  [eu.fayder.restcountries.v2.rest.CountryRestV2:127] Getting by capital Singapore
2026-03-25 15:16:00,861 INFO  [eu.fayder.restcountries.v2.rest.CountryRestV2:127] Getting by capital Road Town
2026-03-25 15:16:00,885 INFO  [eu.fayder.restcountries.v2.rest.CountryRestV2:127] Getting by capital Oslo
2026-03-25 15:16:00,901 INFO  [eu.fayder.restcountries.v2.rest.CountryRestV2:127] Getting by capital Harare
2026-03-25 15:16:00,917 INFO  [eu.fayder.restcountries.v2.rest.CountryRestV2:127] Getting by capital Guatemala City
2026-03-25 15:16:00,924 INFO  [eu.fayder.restcountries.v2.rest.CountryRestV2:127] Getting by capital Muscat
2026-03-25 15:16:00,948 INFO  [eu.fayder.restcountries.v2.rest.CountryRestV2:127] Getting by capital Taipei
2026-03-25 15:16:00,979 INFO  [eu.fayder.restcountries.v2.rest.CountryRestV2:127] Getting by capital Belmopan
2026-03-25 15:16:01,010 INFO  [eu.fayder.restcountries.v2.rest.CountryRestV2:127] Getting by capital Baghdad
2026-03-25 15:16:01,017 INFO  [eu.fayder.restcountries.v2.rest.CountryRestV2:127] Getting by capital Bujumbura
2026-03-25 15:16:01,041 INFO  [eu.fayder.restcountries.v2.rest.CountryRestV2:127] Getting by capital Baku
2026-03-25 15:16:01,048 INFO  [eu.fayder.restcountries.v2.rest.CountryRestV2:127] Getting by capital Dhaka
2026-03-25 15:16:01,072 INFO  [eu.fayder.restcountries.v2.rest.CountryRestV2:127] Getting by capital Djibouti
2026-03-25 15:16:01,103 INFO  [eu.fayder.restcountries.v2.rest.CountryRestV2:127] Getting by capital Addis Ababa
2026-03-25 15:16:01,134 INFO  [eu.fayder.restcountries.v2.rest.CountryRestV2:127] Getting by capital Tashkent
2026-03-25 15:16:01,164 INFO  [eu.fayder.restcountries.v2.rest.CountryRestV2:127] Getting by capital Pretoria
2026-03-25 15:16:01,195 INFO  [eu.fayder.restcountries.v2.rest.CountryRestV2:127] Getting by capital Andorra la Vella
2026-03-25 15:16:01,225 INFO  [eu.fayder.restcountries.v2.rest.CountryRestV2:127] Getting by capital Sucre
2026-03-25 15:16:01,256 INFO  [eu.fayder.restcountries.v2.rest.CountryRestV2:127] Getting by capital Caracas
2026-03-25 15:16:01,288 INFO  [eu.fayder.restcountries.v2.rest.CountryRestV2:127] Getting by capital Accra
2026-03-25 15:16:01,319 INFO  [eu.fayder.restcountries.v2.rest.CountryRestV2:127] Getting by capital Astana
2026-03-25 15:16:01,350 INFO  [eu.fayder.restcountries.v2.rest.CountryRestV2:127] Getting by capital Lilongwe
2026-03-25 15:16:01,381 INFO  [eu.fayder.restcountries.v2.rest.CountryRestV2:127] Getting by capital Mamoudzou
2026-03-25 15:16:01,391 INFO  [eu.fayder.restcountries.v2.rest.CountryRestV2:127] Getting by capital Harare
2026-03-25 15:16:01,401 INFO  [eu.fayder.restcountries.v2.rest.CountryRestV2:127] Getting by capital Yaoundé
2026-03-25 15:16:01,428 INFO  [eu.fayder.restcountries.v2.rest.CountryRestV2:127] Getting by capital Kiev
2026-03-25 15:16:01,459 INFO  [eu.fayder.restcountries.v2.rest.CountryRestV2:127] Getting by capital Willemstad
2026-03-25 15:16:01,490 INFO  [eu.fayder.restcountries.v2.rest.CountryRestV2:127] Getting by capital Nairobi
2026-03-25 15:16:01,520 INFO  [eu.fayder.restcountries.v2.rest.CountryRestV2:127] Getting by capital Kuala Lumpur
2026-03-25 15:16:01,552 INFO  [eu.fayder.restcountries.v2.rest.CountryRestV2:127] Getting by capital Pretoria
2026-03-25 15:16:01,584 INFO  [eu.fayder.restcountries.v2.rest.CountryRestV2:127] Getting by capital Mexico City
2026-03-25 15:16:01,615 INFO  [eu.fayder.restcountries.v2.rest.CountryRestV2:127] Getting by capital Sucre
2026-03-25 15:16:01,646 INFO  [eu.fayder.restcountries.v2.rest.CountryRestV2:127] Getting by capital Pretoria
2026-03-25 15:16:01,677 INFO  [eu.fayder.restcountries.v2.rest.CountryRestV2:127] Getting by capital Vienna
2026-03-25 15:16:34,538 INFO  [eu.fayder.restcountries.v2.rest.CountryRestV2:143] Getting by region ***LLMGenerator***
2026-03-25 15:16:34,557 INFO  [eu.fayder.restcountries.v2.rest.CountryRestV2:143] Getting by region Asia
2026-03-25 15:16:34,588 INFO  [eu.fayder.restcountries.v2.rest.CountryRestV2:143] Getting by region ***LLMGenerator***
2026-03-25 15:16:34,618 INFO  [eu.fayder.restcountries.v2.rest.CountryRestV2:143] Getting by region Africa
2026-03-25 15:16:34,650 INFO  [eu.fayder.restcountries.v2.rest.CountryRestV2:143] Getting by region Europe
2026-03-25 15:16:34,680 INFO  [eu.fayder.restcountries.v2.rest.CountryRestV2:143] Getting by region Europe
2026-03-25 15:16:34,711 INFO  [eu.fayder.restcountries.v2.rest.CountryRestV2:143] Getting by region Asia
2026-03-25 15:16:34,720 INFO  [eu.fayder.restcountries.v2.rest.CountryRestV2:143] Getting by region Americas
2026-03-25 15:16:34,727 INFO  [eu.fayder.restcountries.v2.rest.CountryRestV2:143] Getting by region Americas
2026-03-25 15:16:34,758 INFO  [eu.fayder.restcountries.v2.rest.CountryRestV2:143] Getting by region Europe
2026-03-25 15:16:34,788 INFO  [eu.fayder.restcountries.v2.rest.CountryRestV2:143] Getting by region Americas
2026-03-25 15:16:34,820 INFO  [eu.fayder.restcountries.v2.rest.CountryRestV2:143] Getting by region Europe
2026-03-25 15:16:34,851 INFO  [eu.fayder.restcountries.v2.rest.CountryRestV2:143] Getting by region Africa
2026-03-25 15:16:34,882 INFO  [eu.fayder.restcountries.v2.rest.CountryRestV2:143] Getting by region Oceania
2026-03-25 15:16:34,913 INFO  [eu.fayder.restcountries.v2.rest.CountryRestV2:143] Getting by region Americas
2026-03-25 15:16:34,924 INFO  [eu.fayder.restcountries.v2.rest.CountryRestV2:143] Getting by region Europe
2026-03-25 15:16:34,935 INFO  [eu.fayder.restcountries.v2.rest.CountryRestV2:143] Getting by region Americas
2026-03-25 15:16:34,959 INFO  [eu.fayder.restcountries.v2.rest.CountryRestV2:143] Getting by region Asia
2026-03-25 15:16:34,990 INFO  [eu.fayder.restcountries.v2.rest.CountryRestV2:143] Getting by region Europe
2026-03-25 15:16:35,022 INFO  [eu.fayder.restcountries.v2.rest.CountryRestV2:143] Getting by region Africa
2026-03-25 15:16:35,053 INFO  [eu.fayder.restcountries.v2.rest.CountryRestV2:143] Getting by region Oceania
2026-03-25 15:16:35,085 INFO  [eu.fayder.restcountries.v2.rest.CountryRestV2:143] Getting by region Asia
2026-03-25 15:16:35,097 INFO  [eu.fayder.restcountries.v2.rest.CountryRestV2:143] Getting by region Europe
2026-03-25 15:16:35,130 INFO  [eu.fayder.restcountries.v2.rest.CountryRestV2:143] Getting by region Africa
2026-03-25 15:16:35,145 INFO  [eu.fayder.restcountries.v2.rest.CountryRestV2:143] Getting by region Africa
2026-03-25 15:16:35,159 INFO  [eu.fayder.restcountries.v2.rest.CountryRestV2:143] Getting by region Europe
2026-03-25 15:16:35,173 INFO  [eu.fayder.restcountries.v2.rest.CountryRestV2:143] Getting by region Europe
2026-03-25 15:16:35,187 INFO  [eu.fayder.restcountries.v2.rest.CountryRestV2:143] Getting by region Americas
2026-03-25 15:16:35,202 INFO  [eu.fayder.restcountries.v2.rest.CountryRestV2:143] Getting by region Europe
2026-03-25 15:16:35,221 INFO  [eu.fayder.restcountries.v2.rest.CountryRestV2:143] Getting by region Americas
2026-03-25 15:16:35,237 INFO  [eu.fayder.restcountries.v2.rest.CountryRestV2:143] Getting by region Africa
2026-03-25 15:16:35,255 INFO  [eu.fayder.restcountries.v2.rest.CountryRestV2:143] Getting by region Americas
2026-03-25 15:16:35,270 INFO  [eu.fayder.restcountries.v2.rest.CountryRestV2:143] Getting by region Africa
2026-03-25 15:16:35,286 INFO  [eu.fayder.restcountries.v2.rest.CountryRestV2:143] Getting by region Africa
2026-03-25 15:16:35,301 INFO  [eu.fayder.restcountries.v2.rest.CountryRestV2:143] Getting by region Africa
2026-03-25 15:16:35,331 INFO  [eu.fayder.restcountries.v2.rest.CountryRestV2:143] Getting by region Asia
2026-03-25 15:16:35,362 INFO  [eu.fayder.restcountries.v2.rest.CountryRestV2:143] Getting by region Europe
2026-03-25 15:16:35,393 INFO  [eu.fayder.restcountries.v2.rest.CountryRestV2:143] Getting by region Europe
2026-03-25 15:16:35,408 INFO  [eu.fayder.restcountries.v2.rest.CountryRestV2:143] Getting by region Asia
2026-03-25 15:16:35,424 INFO  [eu.fayder.restcountries.v2.rest.CountryRestV2:143] Getting by region Europe
2026-03-25 15:16:35,439 INFO  [eu.fayder.restcountries.v2.rest.CountryRestV2:143] Getting by region Africa
2026-03-25 15:16:35,470 INFO  [eu.fayder.restcountries.v2.rest.CountryRestV2:143] Getting by region Asia
2026-03-25 15:16:35,500 INFO  [eu.fayder.restcountries.v2.rest.CountryRestV2:143] Getting by region Africa
2026-03-25 15:16:35,518 INFO  [eu.fayder.restcountries.v2.rest.CountryRestV2:143] Getting by region Africa
2026-03-25 15:16:35,536 INFO  [eu.fayder.restcountries.v2.rest.CountryRestV2:143] Getting by region Oceania
2026-03-25 15:16:35,552 INFO  [eu.fayder.restcountries.v2.rest.CountryRestV2:143] Getting by region Asia
2026-03-25 15:16:35,594 INFO  [eu.fayder.restcountries.v2.rest.CountryRestV2:143] Getting by region Africa
2026-03-25 15:16:35,640 INFO  [eu.fayder.restcountries.v2.rest.CountryRestV2:143] Getting by region Asia
2026-03-25 15:16:35,671 INFO  [eu.fayder.restcountries.v2.rest.CountryRestV2:143] Getting by region Asia
2026-03-25 15:16:35,688 INFO  [eu.fayder.restcountries.v2.rest.CountryRestV2:143] Getting by region Africa
2026-03-25 15:17:06,746 INFO  [eu.fayder.restcountries.v2.rest.CountryRestV2:159] Getting by sub region Western Asia
2026-03-25 15:17:06,763 INFO  [eu.fayder.restcountries.v2.rest.CountryRestV2:159] Getting by sub region ***LLMGenerator***
2026-03-25 15:17:06,779 INFO  [eu.fayder.restcountries.v2.rest.CountryRestV2:159] Getting by sub region ***LLMGenerator***
2026-03-25 15:17:06,794 INFO  [eu.fayder.restcountries.v2.rest.CountryRestV2:159] Getting by sub region South America
2026-03-25 15:17:06,824 INFO  [eu.fayder.restcountries.v2.rest.CountryRestV2:159] Getting by sub region Southern Asia
2026-03-25 15:17:06,839 INFO  [eu.fayder.restcountries.v2.rest.CountryRestV2:159] Getting by sub region Southern Africa
2026-03-25 15:17:06,855 INFO  [eu.fayder.restcountries.v2.rest.CountryRestV2:159] Getting by sub region Western Asia
2026-03-25 15:17:06,870 INFO  [eu.fayder.restcountries.v2.rest.CountryRestV2:159] Getting by sub region Australia and New Zealand
2026-03-25 15:17:06,902 INFO  [eu.fayder.restcountries.v2.rest.CountryRestV2:159] Getting by sub region South America
2026-03-25 15:17:06,933 INFO  [eu.fayder.restcountries.v2.rest.CountryRestV2:159] Getting by sub region Northern Europe
2026-03-25 15:17:06,964 INFO  [eu.fayder.restcountries.v2.rest.CountryRestV2:159] Getting by sub region Eastern Africa
2026-03-25 15:17:06,995 INFO  [eu.fayder.restcountries.v2.rest.CountryRestV2:159] Getting by sub region Northern America
2026-03-25 15:17:07,026 INFO  [eu.fayder.restcountries.v2.rest.CountryRestV2:159] Getting by sub region Caribbean
2026-03-25 15:17:07,058 INFO  [eu.fayder.restcountries.v2.rest.CountryRestV2:159] Getting by sub region Southern Africa
2026-03-25 15:17:07,088 INFO  [eu.fayder.restcountries.v2.rest.CountryRestV2:159] Getting by sub region Caribbean
2026-03-25 15:17:07,119 INFO  [eu.fayder.restcountries.v2.rest.CountryRestV2:159] Getting by sub region Western Africa
2026-03-25 15:17:07,127 INFO  [eu.fayder.restcountries.v2.rest.CountryRestV2:159] Getting by sub region Southern Europe
2026-03-25 15:17:07,151 INFO  [eu.fayder.restcountries.v2.rest.CountryRestV2:159] Getting by sub region Central America
2026-03-25 15:17:07,182 INFO  [eu.fayder.restcountries.v2.rest.CountryRestV2:159] Getting by sub region Middle Africa
2026-03-25 15:17:07,212 INFO  [eu.fayder.restcountries.v2.rest.CountryRestV2:159] Getting by sub region Eastern Africa
2026-03-25 15:17:07,244 INFO  [eu.fayder.restcountries.v2.rest.CountryRestV2:159] Getting by sub region Northern Europe
2026-03-25 15:17:07,252 INFO  [eu.fayder.restcountries.v2.rest.CountryRestV2:159] Getting by sub region Caribbean
2026-03-25 15:17:07,276 INFO  [eu.fayder.restcountries.v2.rest.CountryRestV2:159] Getting by sub region Northern Europe
2026-03-25 15:17:07,285 INFO  [eu.fayder.restcountries.v2.rest.CountryRestV2:159] Getting by sub region Eastern Europe
2026-03-25 15:17:07,295 INFO  [eu.fayder.restcountries.v2.rest.CountryRestV2:159] Getting by sub region Northern Europe
2026-03-25 15:17:07,310 INFO  [eu.fayder.restcountries.v2.rest.CountryRestV2:159] Getting by sub region Australia and New Zealand
2026-03-25 15:17:07,338 INFO  [eu.fayder.restcountries.v2.rest.CountryRestV2:159] Getting by sub region South America
2026-03-25 15:17:07,369 INFO  [eu.fayder.restcountries.v2.rest.CountryRestV2:159] Getting by sub region Eastern Africa
2026-03-25 15:17:07,401 INFO  [eu.fayder.restcountries.v2.rest.CountryRestV2:159] Getting by sub region Western Africa
2026-03-25 15:17:07,431 INFO  [eu.fayder.restcountries.v2.rest.CountryRestV2:159] Getting by sub region Eastern Africa
2026-03-25 15:17:07,462 INFO  [eu.fayder.restcountries.v2.rest.CountryRestV2:159] Getting by sub region Middle Africa
2026-03-25 15:17:07,494 INFO  [eu.fayder.restcountries.v2.rest.CountryRestV2:159] Getting by sub region Southern Europe
2026-03-25 15:17:07,524 INFO  [eu.fayder.restcountries.v2.rest.CountryRestV2:159] Getting by sub region Western Asia
2026-03-25 15:17:07,536 INFO  [eu.fayder.restcountries.v2.rest.CountryRestV2:159] Getting by sub region Eastern Africa
2026-03-25 15:17:07,571 INFO  [eu.fayder.restcountries.v2.rest.CountryRestV2:159] Getting by sub region South-Eastern Asia
2026-03-25 15:17:07,602 INFO  [eu.fayder.restcountries.v2.rest.CountryRestV2:159] Getting by sub region Eastern Africa
2026-03-25 15:17:07,633 INFO  [eu.fayder.restcountries.v2.rest.CountryRestV2:159] Getting by sub region Caribbean
2026-03-25 15:17:07,644 INFO  [eu.fayder.restcountries.v2.rest.CountryRestV2:159] Getting by sub region Southern Europe
2026-03-25 15:17:07,665 INFO  [eu.fayder.restcountries.v2.rest.CountryRestV2:159] Getting by sub region South America
2026-03-25 15:17:07,697 INFO  [eu.fayder.restcountries.v2.rest.CountryRestV2:159] Getting by sub region Central America
2026-03-25 15:17:07,709 INFO  [eu.fayder.restcountries.v2.rest.CountryRestV2:159] Getting by sub region Caribbean
2026-03-25 15:17:07,742 INFO  [eu.fayder.restcountries.v2.rest.CountryRestV2:159] Getting by sub region Australia and New Zealand
2026-03-25 15:17:07,774 INFO  [eu.fayder.restcountries.v2.rest.CountryRestV2:159] Getting by sub region South-Eastern Asia
2026-03-25 15:17:07,787 INFO  [eu.fayder.restcountries.v2.rest.CountryRestV2:159] Getting by sub region Northern Europe
2026-03-25 15:17:07,820 INFO  [eu.fayder.restcountries.v2.rest.CountryRestV2:159] Getting by sub region Central America
2026-03-25 15:17:07,851 INFO  [eu.fayder.restcountries.v2.rest.CountryRestV2:159] Getting by sub region Central America
2026-03-25 15:17:07,882 INFO  [eu.fayder.restcountries.v2.rest.CountryRestV2:159] Getting by sub region Central America
2026-03-25 15:17:07,912 INFO  [eu.fayder.restcountries.v2.rest.CountryRestV2:159] Getting by sub region Northern America
2026-03-25 15:17:07,925 INFO  [eu.fayder.restcountries.v2.rest.CountryRestV2:159] Getting by sub region Northern America
2026-03-25 15:18:35,790 INFO  [eu.fayder.restcountries.v2.rest.CountryRestV2:175] Getting by language ***LLMGenerator***
2026-03-25 15:18:35,798 INFO  [eu.fayder.restcountries.v2.rest.CountryRestV2:175] Getting by language ***LLMGenerator***
2026-03-25 15:18:35,814 INFO  [eu.fayder.restcountries.v2.rest.CountryRestV2:175] Getting by language en
2026-03-25 15:18:35,844 INFO  [eu.fayder.restcountries.v2.rest.CountryRestV2:175] Getting by language fr
2026-03-25 15:18:35,853 INFO  [eu.fayder.restcountries.v2.rest.CountryRestV2:175] Getting by language es
2026-03-25 15:18:35,874 INFO  [eu.fayder.restcountries.v2.rest.CountryRestV2:175] Getting by language de
2026-03-25 15:18:35,905 INFO  [eu.fayder.restcountries.v2.rest.CountryRestV2:175] Getting by language it
2026-03-25 15:18:35,921 INFO  [eu.fayder.restcountries.v2.rest.CountryRestV2:175] Getting by language pt
2026-03-25 15:18:35,953 INFO  [eu.fayder.restcountries.v2.rest.CountryRestV2:175] Getting by language ru
2026-03-25 15:18:35,959 INFO  [eu.fayder.restcountries.v2.rest.CountryRestV2:175] Getting by language ja
2026-03-25 15:18:35,984 INFO  [eu.fayder.restcountries.v2.rest.CountryRestV2:175] Getting by language zh
2026-03-25 15:18:36,016 INFO  [eu.fayder.restcountries.v2.rest.CountryRestV2:175] Getting by language ko
2026-03-25 15:18:36,047 INFO  [eu.fayder.restcountries.v2.rest.CountryRestV2:175] Getting by language ar
2026-03-25 15:18:36,078 INFO  [eu.fayder.restcountries.v2.rest.CountryRestV2:175] Getting by language nl
2026-03-25 15:18:36,108 INFO  [eu.fayder.restcountries.v2.rest.CountryRestV2:175] Getting by language sv
2026-03-25 15:18:36,140 INFO  [eu.fayder.restcountries.v2.rest.CountryRestV2:175] Getting by language no
2026-03-25 15:18:36,172 INFO  [eu.fayder.restcountries.v2.rest.CountryRestV2:175] Getting by language fi
2026-03-25 15:18:36,202 INFO  [eu.fayder.restcountries.v2.rest.CountryRestV2:175] Getting by language da
2026-03-25 15:18:36,233 INFO  [eu.fayder.restcountries.v2.rest.CountryRestV2:175] Getting by language pl
2026-03-25 15:18:36,264 INFO  [eu.fayder.restcountries.v2.rest.CountryRestV2:175] Getting by language cs
2026-03-25 15:18:36,296 INFO  [eu.fayder.restcountries.v2.rest.CountryRestV2:175] Getting by language hu
2026-03-25 15:18:36,328 INFO  [eu.fayder.restcountries.v2.rest.CountryRestV2:175] Getting by language ro
2026-03-25 15:18:36,358 INFO  [eu.fayder.restcountries.v2.rest.CountryRestV2:175] Getting by language el
2026-03-25 15:18:36,390 INFO  [eu.fayder.restcountries.v2.rest.CountryRestV2:175] Getting by language tr
2026-03-25 15:18:36,398 INFO  [eu.fayder.restcountries.v2.rest.CountryRestV2:175] Getting by language he
2026-03-25 15:18:36,406 INFO  [eu.fayder.restcountries.v2.rest.CountryRestV2:175] Getting by language th
2026-03-25 15:18:36,414 INFO  [eu.fayder.restcountries.v2.rest.CountryRestV2:175] Getting by language vi
2026-03-25 15:18:36,437 INFO  [eu.fayder.restcountries.v2.rest.CountryRestV2:175] Getting by language id
2026-03-25 15:18:36,445 INFO  [eu.fayder.restcountries.v2.rest.CountryRestV2:175] Getting by language ms
2026-03-25 15:18:36,454 INFO  [eu.fayder.restcountries.v2.rest.CountryRestV2:175] Getting by language uk
2026-03-25 15:18:36,483 INFO  [eu.fayder.restcountries.v2.rest.CountryRestV2:175] Getting by language bg
2026-03-25 15:18:36,514 INFO  [eu.fayder.restcountries.v2.rest.CountryRestV2:175] Getting by language hr
2026-03-25 15:18:36,545 INFO  [eu.fayder.restcountries.v2.rest.CountryRestV2:175] Getting by language lt
2026-03-25 15:18:36,554 INFO  [eu.fayder.restcountries.v2.rest.CountryRestV2:175] Getting by language lv
2026-03-25 15:18:36,563 INFO  [eu.fayder.restcountries.v2.rest.CountryRestV2:175] Getting by language et
2026-03-25 15:18:36,591 INFO  [eu.fayder.restcountries.v2.rest.CountryRestV2:175] Getting by language sk
2026-03-25 15:18:36,622 INFO  [eu.fayder.restcountries.v2.rest.CountryRestV2:175] Getting by language sl
2026-03-25 15:18:36,632 INFO  [eu.fayder.restcountries.v2.rest.CountryRestV2:175] Getting by language is
2026-03-25 15:18:36,642 INFO  [eu.fayder.restcountries.v2.rest.CountryRestV2:175] Getting by language ga
2026-03-25 15:18:36,669 INFO  [eu.fayder.restcountries.v2.rest.CountryRestV2:175] Getting by language mt
2026-03-25 15:18:36,699 INFO  [eu.fayder.restcountries.v2.rest.CountryRestV2:175] Getting by language sq
2026-03-25 15:18:36,730 INFO  [eu.fayder.restcountries.v2.rest.CountryRestV2:175] Getting by language mk
2026-03-25 15:18:36,761 INFO  [eu.fayder.restcountries.v2.rest.CountryRestV2:175] Getting by language bn
2026-03-25 15:18:36,791 INFO  [eu.fayder.restcountries.v2.rest.CountryRestV2:175] Getting by language pa
2026-03-25 15:18:36,822 INFO  [eu.fayder.restcountries.v2.rest.CountryRestV2:175] Getting by language gu
2026-03-25 15:18:36,853 INFO  [eu.fayder.restcountries.v2.rest.CountryRestV2:175] Getting by language or
2026-03-25 15:18:36,864 INFO  [eu.fayder.restcountries.v2.rest.CountryRestV2:175] Getting by language ta
2026-03-25 15:18:36,876 INFO  [eu.fayder.restcountries.v2.rest.CountryRestV2:175] Getting by language te
2026-03-25 15:18:36,901 INFO  [eu.fayder.restcountries.v2.rest.CountryRestV2:175] Getting by language kn
2026-03-25 15:18:36,932 INFO  [eu.fayder.restcountries.v2.rest.CountryRestV2:175] Getting by language ml
2026-03-25 15:18:36,963 INFO  [eu.fayder.restcountries.v2.rest.CountryRestV2:175] Getting by language mr
2026-03-25 15:19:08,141 INFO  [eu.fayder.restcountries.v2.rest.CountryRestV2:191] Getting by demonym ***LLMGenerator***
2026-03-25 15:19:08,158 INFO  [eu.fayder.restcountries.v2.rest.CountryRestV2:191] Getting by demonym Russian
2026-03-25 15:19:08,163 INFO  [eu.fayder.restcountries.v2.rest.CountryRestV2:191] Getting by demonym Jamaican
2026-03-25 15:19:08,190 INFO  [eu.fayder.restcountries.v2.rest.CountryRestV2:191] Getting by demonym ***LLMGenerator***
2026-03-25 15:19:08,206 INFO  [eu.fayder.restcountries.v2.rest.CountryRestV2:191] Getting by demonym Italian
2026-03-25 15:19:08,222 INFO  [eu.fayder.restcountries.v2.rest.CountryRestV2:191] Getting by demonym ***LLMGenerator***
2026-03-25 15:19:08,226 INFO  [eu.fayder.restcountries.v2.rest.CountryRestV2:191] Getting by demonym Australian
2026-03-25 15:19:08,252 INFO  [eu.fayder.restcountries.v2.rest.CountryRestV2:191] Getting by demonym Honduran
2026-03-25 15:19:08,284 INFO  [eu.fayder.restcountries.v2.rest.CountryRestV2:191] Getting by demonym Venezuelan
2026-03-25 15:19:08,300 INFO  [eu.fayder.restcountries.v2.rest.CountryRestV2:191] Getting by demonym German
2026-03-25 15:19:08,314 INFO  [eu.fayder.restcountries.v2.rest.CountryRestV2:191] Getting by demonym Chilean
2026-03-25 15:19:08,331 INFO  [eu.fayder.restcountries.v2.rest.CountryRestV2:191] Getting by demonym Norwegian
2026-03-25 15:19:08,337 INFO  [eu.fayder.restcountries.v2.rest.CountryRestV2:191] Getting by demonym Dominican
2026-03-25 15:19:08,361 INFO  [eu.fayder.restcountries.v2.rest.CountryRestV2:191] Getting by demonym Norwegian
2026-03-25 15:19:08,393 INFO  [eu.fayder.restcountries.v2.rest.CountryRestV2:191] Getting by demonym Dominican
2026-03-25 15:19:08,424 INFO  [eu.fayder.restcountries.v2.rest.CountryRestV2:191] Getting by demonym Jamaican
2026-03-25 15:19:08,430 INFO  [eu.fayder.restcountries.v2.rest.CountryRestV2:191] Getting by demonym Irish
2026-03-25 15:19:08,455 INFO  [eu.fayder.restcountries.v2.rest.CountryRestV2:191] Getting by demonym Italian
2026-03-25 15:19:08,471 INFO  [eu.fayder.restcountries.v2.rest.CountryRestV2:191] Getting by demonym Dominican
2026-03-25 15:19:08,502 INFO  [eu.fayder.restcountries.v2.rest.CountryRestV2:191] Getting by demonym Dominican
2026-03-25 15:19:08,533 INFO  [eu.fayder.restcountries.v2.rest.CountryRestV2:191] Getting by demonym Japanese
2026-03-25 15:19:08,564 INFO  [eu.fayder.restcountries.v2.rest.CountryRestV2:191] Getting by demonym Australian
2026-03-25 15:19:08,596 INFO  [eu.fayder.restcountries.v2.rest.CountryRestV2:191] Getting by demonym Irish
2026-03-25 15:19:08,627 INFO  [eu.fayder.restcountries.v2.rest.CountryRestV2:191] Getting by demonym Canadian
2026-03-25 15:19:08,635 INFO  [eu.fayder.restcountries.v2.rest.CountryRestV2:191] Getting by demonym Polish
2026-03-25 15:19:08,657 INFO  [eu.fayder.restcountries.v2.rest.CountryRestV2:191] Getting by demonym Norwegian
2026-03-25 15:19:08,688 INFO  [eu.fayder.restcountries.v2.rest.CountryRestV2:191] Getting by demonym Venezuelan
2026-03-25 15:19:08,719 INFO  [eu.fayder.restcountries.v2.rest.CountryRestV2:191] Getting by demonym Guatemalan
2026-03-25 15:19:08,750 INFO  [eu.fayder.restcountries.v2.rest.CountryRestV2:191] Getting by demonym Venezuelan
2026-03-25 15:19:08,781 INFO  [eu.fayder.restcountries.v2.rest.CountryRestV2:191] Getting by demonym Canadian
2026-03-25 15:19:08,812 INFO  [eu.fayder.restcountries.v2.rest.CountryRestV2:191] Getting by demonym Portuguese
2026-03-25 15:19:08,821 INFO  [eu.fayder.restcountries.v2.rest.CountryRestV2:191] Getting by demonym Norwegian
2026-03-25 15:19:08,843 INFO  [eu.fayder.restcountries.v2.rest.CountryRestV2:191] Getting by demonym Russian
2026-03-25 15:19:08,873 INFO  [eu.fayder.restcountries.v2.rest.CountryRestV2:191] Getting by demonym Norwegian
2026-03-25 15:19:08,882 INFO  [eu.fayder.restcountries.v2.rest.CountryRestV2:191] Getting by demonym Venezuelan
2026-03-25 15:19:08,905 INFO  [eu.fayder.restcountries.v2.rest.CountryRestV2:191] Getting by demonym Panamanian
2026-03-25 15:19:08,914 INFO  [eu.fayder.restcountries.v2.rest.CountryRestV2:191] Getting by demonym Venezuelan
2026-03-25 15:19:08,922 INFO  [eu.fayder.restcountries.v2.rest.CountryRestV2:191] Getting by demonym Russian
2026-03-25 15:19:08,952 INFO  [eu.fayder.restcountries.v2.rest.CountryRestV2:191] Getting by demonym Chilean
2026-03-25 15:19:08,984 INFO  [eu.fayder.restcountries.v2.rest.CountryRestV2:191] Getting by demonym Jamaican
2026-03-25 15:19:09,015 INFO  [eu.fayder.restcountries.v2.rest.CountryRestV2:191] Getting by demonym Polish
2026-03-25 15:19:09,027 INFO  [eu.fayder.restcountries.v2.rest.CountryRestV2:191] Getting by demonym Bolivian
2026-03-25 15:19:09,039 INFO  [eu.fayder.restcountries.v2.rest.CountryRestV2:191] Getting by demonym German
2026-03-25 15:19:09,062 INFO  [eu.fayder.restcountries.v2.rest.CountryRestV2:191] Getting by demonym Chilean
2026-03-25 15:19:09,093 INFO  [eu.fayder.restcountries.v2.rest.CountryRestV2:191] Getting by demonym Spanish
2026-03-25 15:19:09,104 INFO  [eu.fayder.restcountries.v2.rest.CountryRestV2:191] Getting by demonym Italian
2026-03-25 15:19:09,139 INFO  [eu.fayder.restcountries.v2.rest.CountryRestV2:191] Getting by demonym Canadian
2026-03-25 15:19:09,170 INFO  [eu.fayder.restcountries.v2.rest.CountryRestV2:191] Getting by demonym Jamaican
2026-03-25 15:19:09,178 INFO  [eu.fayder.restcountries.v2.rest.CountryRestV2:191] Getting by demonym Canadian
2026-03-25 15:19:09,201 INFO  [eu.fayder.restcountries.v2.rest.CountryRestV2:191] Getting by demonym Belizean
2026-03-25 15:19:57,214 INFO  [eu.fayder.restcountries.v2.rest.CountryRestV2:207] Getting by regional bloc ***LLMGenerator***
2026-03-25 15:19:57,237 INFO  [eu.fayder.restcountries.v2.rest.CountryRestV2:207] Getting by regional bloc ***LLMGenerator***
2026-03-25 15:19:57,252 INFO  [eu.fayder.restcountries.v2.rest.CountryRestV2:207] Getting by regional bloc ***LLMGenerator***
2026-03-25 15:19:57,268 INFO  [eu.fayder.restcountries.v2.rest.CountryRestV2:207] Getting by regional bloc ***LLMGenerator***
2026-03-25 15:19:57,273 INFO  [eu.fayder.restcountries.v2.rest.CountryRestV2:207] Getting by regional bloc ***LLMGenerator***
2026-03-25 15:19:57,278 INFO  [eu.fayder.restcountries.v2.rest.CountryRestV2:207] Getting by regional bloc EU
2026-03-25 15:19:57,285 INFO  [eu.fayder.restcountries.v2.rest.CountryRestV2:207] Getting by regional bloc NAFTA
2026-03-25 15:19:57,290 INFO  [eu.fayder.restcountries.v2.rest.CountryRestV2:207] Getting by regional bloc AU
2026-03-25 15:19:57,314 INFO  [eu.fayder.restcountries.v2.rest.CountryRestV2:207] Getting by regional bloc ASEAN
2026-03-25 15:19:57,346 INFO  [eu.fayder.restcountries.v2.rest.CountryRestV2:207] Getting by regional bloc CARICOM
2026-03-25 15:19:57,377 INFO  [eu.fayder.restcountries.v2.rest.CountryRestV2:207] Getting by regional bloc PA
2026-03-25 15:19:57,407 INFO  [eu.fayder.restcountries.v2.rest.CountryRestV2:207] Getting by regional bloc CEFTA
2026-03-25 15:19:57,439 INFO  [eu.fayder.restcountries.v2.rest.CountryRestV2:207] Getting by regional bloc SAARC
2026-03-25 15:19:57,470 INFO  [eu.fayder.restcountries.v2.rest.CountryRestV2:207] Getting by regional bloc EFTA
2026-03-25 15:19:57,501 INFO  [eu.fayder.restcountries.v2.rest.CountryRestV2:207] Getting by regional bloc AL
2026-03-25 15:19:57,532 INFO  [eu.fayder.restcountries.v2.rest.CountryRestV2:207] Getting by regional bloc AU
2026-03-25 15:19:57,562 INFO  [eu.fayder.restcountries.v2.rest.CountryRestV2:207] Getting by regional bloc NAFTA
2026-03-25 15:19:57,592 INFO  [eu.fayder.restcountries.v2.rest.CountryRestV2:207] Getting by regional bloc EU
2026-03-25 15:19:57,623 INFO  [eu.fayder.restcountries.v2.rest.CountryRestV2:207] Getting by regional bloc CARICOM
2026-03-25 15:19:57,655 INFO  [eu.fayder.restcountries.v2.rest.CountryRestV2:207] Getting by regional bloc PA
2026-03-25 15:19:57,663 INFO  [eu.fayder.restcountries.v2.rest.CountryRestV2:207] Getting by regional bloc ASEAN
2026-03-25 15:19:57,686 INFO  [eu.fayder.restcountries.v2.rest.CountryRestV2:207] Getting by regional bloc CEFTA
2026-03-25 15:19:57,717 INFO  [eu.fayder.restcountries.v2.rest.CountryRestV2:207] Getting by regional bloc EFTA
2026-03-25 15:19:57,748 INFO  [eu.fayder.restcountries.v2.rest.CountryRestV2:207] Getting by regional bloc AL
2026-03-25 15:19:57,780 INFO  [eu.fayder.restcountries.v2.rest.CountryRestV2:207] Getting by regional bloc AU
2026-03-25 15:19:57,811 INFO  [eu.fayder.restcountries.v2.rest.CountryRestV2:207] Getting by regional bloc NAFTA
2026-03-25 15:19:57,841 INFO  [eu.fayder.restcountries.v2.rest.CountryRestV2:207] Getting by regional bloc EU
2026-03-25 15:19:57,873 INFO  [eu.fayder.restcountries.v2.rest.CountryRestV2:207] Getting by regional bloc CARICOM
2026-03-25 15:19:57,903 INFO  [eu.fayder.restcountries.v2.rest.CountryRestV2:207] Getting by regional bloc PA
2026-03-25 15:19:57,914 INFO  [eu.fayder.restcountries.v2.rest.CountryRestV2:207] Getting by regional bloc ASEAN
2026-03-25 15:19:57,935 INFO  [eu.fayder.restcountries.v2.rest.CountryRestV2:207] Getting by regional bloc CEFTA
2026-03-25 15:19:57,967 INFO  [eu.fayder.restcountries.v2.rest.CountryRestV2:207] Getting by regional bloc EFTA
2026-03-25 15:19:57,978 INFO  [eu.fayder.restcountries.v2.rest.CountryRestV2:207] Getting by regional bloc AL
2026-03-25 15:19:58,014 INFO  [eu.fayder.restcountries.v2.rest.CountryRestV2:207] Getting by regional bloc AU
2026-03-25 15:19:58,045 INFO  [eu.fayder.restcountries.v2.rest.CountryRestV2:207] Getting by regional bloc NAFTA
2026-03-25 15:19:58,077 INFO  [eu.fayder.restcountries.v2.rest.CountryRestV2:207] Getting by regional bloc EU
2026-03-25 15:19:58,108 INFO  [eu.fayder.restcountries.v2.rest.CountryRestV2:207] Getting by regional bloc CARICOM
2026-03-25 15:19:58,139 INFO  [eu.fayder.restcountries.v2.rest.CountryRestV2:207] Getting by regional bloc PA
2026-03-25 15:19:58,170 INFO  [eu.fayder.restcountries.v2.rest.CountryRestV2:207] Getting by regional bloc ASEAN
2026-03-25 15:19:58,201 INFO  [eu.fayder.restcountries.v2.rest.CountryRestV2:207] Getting by regional bloc CEFTA
2026-03-25 15:19:58,213 INFO  [eu.fayder.restcountries.v2.rest.CountryRestV2:207] Getting by regional bloc EFTA
2026-03-25 15:19:58,246 INFO  [eu.fayder.restcountries.v2.rest.CountryRestV2:207] Getting by regional bloc AL
2026-03-25 15:19:58,276 INFO  [eu.fayder.restcountries.v2.rest.CountryRestV2:207] Getting by regional bloc AU
2026-03-25 15:19:58,295 INFO  [eu.fayder.restcountries.v2.rest.CountryRestV2:207] Getting by regional bloc NAFTA
2026-03-25 15:19:58,310 INFO  [eu.fayder.restcountries.v2.rest.CountryRestV2:207] Getting by regional bloc EU
2026-03-25 15:19:58,327 INFO  [eu.fayder.restcountries.v2.rest.CountryRestV2:207] Getting by regional bloc CARICOM
2026-03-25 15:19:58,353 INFO  [eu.fayder.restcountries.v2.rest.CountryRestV2:207] Getting by regional bloc PA
2026-03-25 15:19:58,370 INFO  [eu.fayder.restcountries.v2.rest.CountryRestV2:207] Getting by regional bloc ASEAN
2026-03-25 15:19:58,400 INFO  [eu.fayder.restcountries.v2.rest.CountryRestV2:207] Getting by regional bloc CEFTA
2026-03-25 15:19:58,431 INFO  [eu.fayder.restcountries.v2.rest.CountryRestV2:207] Getting by regional bloc EFTA
2026-03-25 15:19:58,463 INFO  [eu.fayder.restcountries.v2.rest.CountryRestV2:207] Getting by regional bloc AL
2026-03-25 15:19:58,494 INFO  [eu.fayder.restcountries.v2.rest.CountryRestV2:207] Getting by regional bloc AU
